Text_Type,Book,Chapter,Window,GLL,GLG,LG,LGG,GGG,LGL,GG,G,LLL,L,GGL,GL,LLG,LL
SN,CS,kalpa,1,93,167,6,137,160,134,6,15,96,8,138,3,131,0
SN,CS,kalpa,2,93,168,6,137,159,135,6,15,95,9,139,3,131,0
SN,CS,kalpa,3,93,169,6,136,160,137,5,16,95,9,139,3,130,0
SN,CS,kalpa,4,91,165,6,133,153,135,5,17,91,8,139,3,129,0
SN,CS,kalpa,5,88,166,5,134,153,131,5,17,90,9,136,3,127,0
SN,CS,kalpa,6,85,153,5,128,144,129,4,17,86,10,125,3,123,0
SN,CS,kalpa,7,85,154,5,128,145,130,4,17,86,10,126,3,122,0
SN,CS,kalpa,8,83,145,5,119,139,125,3,18,82,10,122,3,111,0
SN,CS,kalpa,9,83,142,5,119,139,127,3,19,81,9,120,3,109,0
SN,CS,kalpa,10,83,142,5,118,140,128,3,20,81,8,119,3,108,0
SN,CS,kalpa,11,69,127,5,109,130,106,3,20,51,8,106,3,92,0
SN,CS,kalpa,12,62,119,5,102,127,100,3,21,47,8,106,3,90,0
SN,CS,kalpa,13,58,111,5,98,115,91,3,20,42,9,98,3,87,0
SN,CS,kalpa,14,58,107,5,92,111,89,3,21,38,9,95,3,86,0
SN,CS,kalpa,15,54,107,5,86,107,86,3,22,34,9,92,3,85,0
SN,CS,kalpa,16,55,107,5,87,105,86,2,23,34,9,91,3,84,0
SN,CS,kalpa,17,54,108,5,85,105,86,2,23,33,9,91,3,84,0
SN,CS,kalpa,18,52,108,5,82,104,87,2,24,33,9,91,3,84,0
SN,CS,kalpa,19,50,102,5,80,102,85,1,25,30,9,89,3,84,0
SN,CS,kalpa,20,50,101,4,81,103,86,1,26,30,9,87,3,83,0
SN,CS,kalpa,21,49,100,4,81,104,87,1,27,30,9,88,3,83,0
SN,CS,kalpa,22,48,100,3,80,101,86,1,28,27,9,85,3,80,0
SN,CS,kalpa,23,45,85,4,69,88,78,1,27,23,9,78,3,72,0
SN,CS,kalpa,24,45,86,4,68,88,78,1,26,23,10,79,3,71,0
SN,CS,kalpa,25,45,87,4,68,88,77,1,26,23,10,79,3,71,0
SN,CS,kalpa,26,44,89,4,67,89,77,1,26,23,10,79,3,70,0
SN,CS,kalpa,27,44,83,3,64,89,76,1,26,21,10,72,3,64,0
SN,CS,kalpa,28,45,83,3,65,88,76,2,26,21,10,71,3,63,0
SN,CS,kalpa,29,45,84,3,65,89,77,2,26,19,10,70,3,60,0
SN,CS,kalpa,30,43,83,3,62,90,75,2,27,19,10,71,3,60,0
SN,CS,kalpa,31,37,79,3,53,83,74,2,28,19,10,66,3,59,0
SN,CS,kalpa,32,34,76,3,48,82,74,2,29,17,10,58,2,56,0
SN,CS,kalpa,33,35,73,3,47,79,72,2,30,17,9,56,2,54,0
SN,CS,kalpa,34,31,69,3,41,75,67,2,31,14,8,52,2,44,0
SN,CS,kalpa,35,29,66,3,38,74,66,2,32,13,7,47,2,41,0
SN,CS,kalpa,36,28,63,3,34,74,65,2,33,12,7,46,2,40,0
SN,CS,kalpa,37,26,57,3,31,70,62,2,34,10,7,42,1,37,0
SN,CS,kalpa,38,20,49,3,24,67,60,2,35,7,7,36,1,34,0
SN,CS,kalpa,39,17,47,3,25,64,58,2,36,5,7,33,0,33,0
SN,CS,kalpa,40,15,44,2,25,62,55,2,36,1,8,31,0,29,0
SN,CS,kalpa,41,11,40,2,24,63,51,2,37,0,8,31,0,26,0
SN,CS,kalpa,42,11,41,2,26,62,51,2,36,0,8,31,0,24,0
SN,CS,kalpa,43,11,42,2,25,62,51,2,35,0,9,31,0,24,0
SN,CS,kalpa,44,10,43,1,25,61,53,2,36,0,9,29,0,24,0
SN,CS,kalpa,45,11,44,1,25,60,53,2,36,0,9,29,0,23,0
SN,CS,kalpa,46,11,41,1,24,60,53,2,37,0,8,32,0,24,0
SN,CS,kalpa,47,12,42,1,25,60,54,2,37,0,7,32,0,25,1
SN,CS,kalpa,48,12,41,1,24,62,54,2,37,0,7,31,0,26,1
SN,CS,kalpa,49,13,41,1,23,63,54,2,37,0,7,30,0,26,1
SN,CS,kalpa,50,14,42,1,21,63,56,2,37,0,7,29,0,26,1
SN,CS,kalpa,51,13,43,1,21,64,57,1,38,0,7,30,0,25,1
SN,CS,kalpa,52,14,43,1,21,64,57,1,39,0,6,29,0,25,1
SN,CS,kalpa,53,13,44,1,21,64,56,1,39,0,6,29,0,26,1
SN,CS,kalpa,54,13,44,1,21,66,56,1,38,0,7,27,0,26,1
SN,CS,kalpa,55,13,44,1,20,66,56,1,39,0,6,27,0,27,1
SN,CS,kalpa,56,14,44,1,20,65,56,1,40,0,5,27,0,27,1
SN,CS,kalpa,57,14,44,1,19,66,57,1,40,0,5,26,0,27,1
SN,CS,kalpa,58,13,43,1,19,66,58,1,40,0,5,27,0,27,1
SN,CS,kalpa,59,12,45,1,19,65,57,1,39,0,6,29,0,26,1
SN,CS,kalpa,60,12,47,1,19,62,57,1,39,0,6,31,0,25,1
SN,CS,kalpa,61,13,49,1,18,62,57,1,39,0,6,30,0,24,1
SN,CS,kalpa,62,13,50,1,19,62,57,1,39,0,6,28,0,24,1
SN,CS,kalpa,63,14,55,1,21,64,58,1,40,0,5,29,0,24,1
SN,CS,kalpa,64,13,54,1,22,64,58,1,40,0,5,29,0,25,1
SN,CS,kalpa,65,13,53,1,22,63,58,1,39,0,6,30,0,26,1
SN,CS,kalpa,66,12,53,1,22,64,58,1,39,0,6,30,0,26,1
SN,CS,kalpa,67,12,53,1,22,65,58,1,38,0,7,30,0,25,1
SN,CS,kalpa,68,12,53,1,22,63,58,1,38,0,7,33,0,24,1
SN,CS,kalpa,69,15,53,1,24,66,57,1,38,0,7,33,0,26,1
SN,CS,kalpa,70,15,52,1,25,65,56,1,38,0,7,34,0,26,1
SN,CS,kalpa,71,16,51,1,25,64,55,2,37,0,7,33,0,27,1
SN,CS,kalpa,72,16,50,1,24,63,56,2,36,0,8,35,0,27,1
SN,CS,kalpa,73,15,51,0,25,60,57,2,37,0,8,36,0,26,1
SN,CS,kalpa,74,15,50,0,26,61,57,2,38,0,7,35,0,26,1
SN,CS,kalpa,75,15,50,0,26,60,59,2,37,0,8,35,0,25,1
SN,CS,kalpa,76,16,51,1,26,59,59,2,36,0,8,38,0,26,1
SN,CS,kalpa,77,17,51,1,27,58,59,2,37,0,8,37,0,27,1
SN,CS,kalpa,78,16,53,1,26,58,60,1,37,0,9,39,0,26,1
SN,CS,kalpa,79,16,51,1,26,58,60,1,37,0,9,40,0,27,1
SN,CS,kalpa,80,16,52,1,26,57,59,1,36,0,9,38,0,26,1
SN,CS,kalpa,81,16,53,1,25,56,59,1,36,0,9,39,0,25,1
SN,CS,kalpa,82,16,54,1,26,55,59,1,36,0,9,37,0,26,1
SN,CS,kalpa,83,15,54,1,26,56,58,1,36,0,9,37,0,27,1
SN,CS,kalpa,84,15,54,1,25,57,58,1,36,0,9,37,0,27,1
SN,CS,kalpa,85,15,54,1,26,56,58,1,36,0,9,37,0,27,1
SN,CS,kalpa,86,15,56,1,27,55,58,1,36,0,9,36,0,26,1
SN,CS,kalpa,87,15,57,1,28,55,58,1,36,0,9,34,0,26,1
SN,CS,kalpa,88,16,58,1,27,56,57,1,36,0,9,34,0,25,1
SN,CS,kalpa,89,17,57,1,27,56,56,1,36,0,9,34,0,26,1
SN,CS,kalpa,90,18,56,1,26,54,56,1,37,0,8,35,0,28,1
SN,CS,kalpa,91,18,56,1,26,53,57,1,37,0,8,35,0,28,1
SN,CS,kalpa,92,18,55,1,25,54,57,1,38,0,8,35,0,29,1
SN,CS,kalpa,93,18,54,1,25,55,57,1,39,0,7,36,0,28,1
SN,CS,kalpa,94,19,53,1,26,54,56,1,39,0,7,37,0,28,1
SN,CS,kalpa,95,18,52,1,26,55,56,1,39,0,7,37,0,29,1
SN,CS,kalpa,96,20,53,2,26,57,57,1,38,0,7,36,0,29,1
SN,CS,kalpa,97,19,50,2,25,58,56,1,38,0,8,36,0,29,0
SN,CS,kalpa,98,20,50,2,25,57,56,1,37,0,9,36,0,29,0
SN,CS,kalpa,99,19,51,2,26,56,56,1,37,0,9,37,0,28,0
SN,CS,kalpa,100,18,51,2,26,56,55,1,36,0,10,39,0,28,0
SN,CS,kalpa,101,20,51,2,25,55,55,1,36,0,10,39,0,28,0
SN,CS,kalpa,102,19,52,2,25,55,55,1,36,0,10,39,0,28,0
SN,CS,kalpa,103,20,52,3,25,56,54,1,35,0,10,40,0,27,0
SN,CS,kalpa,104,20,52,3,26,54,54,1,36,0,9,41,0,27,0
SN,CS,kalpa,105,20,52,3,27,53,54,1,36,0,9,42,0,26,0
SN,CS,kalpa,106,19,53,3,26,56,53,1,36,0,9,42,0,25,0
SN,CS,kalpa,107,21,53,3,28,57,51,2,35,0,9,44,0,29,0
SN,CS,kalpa,108,22,52,3,29,58,49,2,34,0,9,43,0,29,0
SN,CS,kalpa,109,23,50,3,30,58,48,3,34,0,8,41,0,30,0
SN,CS,kalpa,110,23,49,3,30,59,48,3,34,0,8,39,0,32,0
SN,CS,kalpa,111,22,49,3,30,59,49,3,34,0,8,39,0,32,0
SN,CS,kalpa,112,22,49,3,29,59,50,3,34,0,8,39,0,32,0
SN,CS,kalpa,113,22,43,3,26,58,49,3,34,0,8,38,0,32,0
SN,CS,kalpa,114,22,43,3,26,58,50,3,34,0,8,38,0,31,0
SN,CS,kalpa,115,21,42,3,27,59,50,3,35,0,7,38,0,31,0
SN,CS,kalpa,116,22,42,3,27,57,50,3,35,0,7,38,0,32,0
SN,CS,kalpa,117,22,41,3,27,56,50,3,36,0,6,39,0,33,0
SN,CS,kalpa,118,22,41,3,27,57,50,3,36,0,6,38,0,33,0
SN,CS,kalpa,119,19,41,3,26,55,51,3,36,0,6,37,0,30,0
SN,CS,kalpa,120,19,42,3,25,54,52,3,36,0,6,36,0,32,0
SN,CS,kalpa,121,18,43,3,25,54,54,2,37,0,6,37,0,31,0
SN,CS,kalpa,122,18,43,3,26,55,53,2,38,0,5,35,0,32,0
SN,CS,kalpa,123,18,43,3,25,56,53,2,38,0,5,34,0,33,0
SN,CS,kalpa,124,19,43,3,24,54,53,2,38,0,5,35,0,34,0
SN,CS,kalpa,125,19,44,3,24,55,51,2,39,0,4,34,0,35,0
SN,CS,kalpa,126,19,43,3,26,55,51,2,39,0,4,33,0,35,0
SN,CS,kalpa,127,19,44,4,25,56,50,2,38,0,4,34,0,35,0
SN,CS,kalpa,128,19,42,4,25,58,50,2,39,0,3,33,0,36,0
SN,CS,kalpa,129,21,44,4,28,58,49,2,39,0,3,34,0,38,0
SN,CS,kalpa,130,21,43,4,29,59,49,3,39,0,3,34,0,40,0
SN,CS,kalpa,131,22,42,4,30,58,48,4,38,0,3,33,0,41,0
SN,CS,kalpa,132,22,42,4,29,58,48,4,37,0,4,34,0,41,0
SN,CS,kalpa,133,23,43,4,28,58,48,4,36,0,5,35,0,39,0
SN,CS,kalpa,134,23,42,4,28,57,48,4,35,0,6,36,0,40,0
SN,CS,kalpa,135,23,44,4,27,55,49,4,34,0,7,36,0,40,0
SN,CS,kalpa,136,23,42,4,26,55,49,4,34,0,7,38,0,41,0
SN,CS,kalpa,137,23,42,4,26,56,49,4,34,0,7,38,0,40,0
SN,CS,kalpa,138,22,41,4,27,55,50,4,34,0,7,38,0,41,0
SN,CS,kalpa,139,21,44,4,26,56,50,4,34,0,7,37,0,40,0
SN,CS,kalpa,140,20,44,4,26,57,50,4,34,0,7,37,0,40,0
SN,CS,kalpa,141,21,45,4,27,55,49,4,34,0,7,38,0,39,0
SN,CS,kalpa,142,21,47,5,28,56,49,4,33,0,7,39,0,39,0
SN,CS,kalpa,143,21,47,5,28,55,50,4,33,0,7,39,0,39,0
SN,CS,kalpa,144,20,48,5,27,57,50,4,33,0,7,38,0,39,0
SN,CS,kalpa,145,20,48,5,27,57,50,4,32,0,8,39,0,38,0
SN,CS,kalpa,146,18,48,4,28,57,49,4,33,0,8,37,0,37,0
SN,CS,kalpa,147,18,48,4,29,56,49,4,34,0,7,37,0,37,0
SN,CS,kalpa,148,18,49,4,29,56,49,4,35,0,6,37,0,36,0
SN,CS,kalpa,149,18,49,4,28,56,50,4,35,0,6,37,0,36,0
SN,CS,kalpa,150,18,49,4,28,57,51,4,35,0,6,35,0,36,0
SN,CS,kalpa,151,16,49,5,28,61,50,4,34,0,6,35,0,36,0
SN,CS,kalpa,152,16,48,5,28,61,50,4,34,0,6,35,0,37,0
SN,CS,kalpa,153,15,48,4,28,60,52,4,35,0,6,34,0,37,0
SN,CS,kalpa,154,15,47,4,27,62,52,4,35,0,6,32,0,39,0
SN,CS,kalpa,155,15,45,4,27,64,51,4,35,0,6,32,0,39,0
SN,CS,kalpa,156,16,44,4,28,61,50,5,34,0,6,32,0,40,0
SN,CS,kalpa,157,14,44,4,27,59,52,4,35,0,6,30,0,36,0
SN,CS,kalpa,158,13,46,4,26,59,53,4,36,0,6,30,0,36,0
SN,CS,kalpa,159,12,46,4,26,60,54,3,37,0,6,31,0,36,0
SN,CS,kalpa,160,12,45,4,27,60,54,3,37,0,6,33,0,34,0
SN,CS,kalpa,161,12,43,4,28,59,53,3,37,0,6,35,0,35,0
SN,CS,kalpa,162,13,42,4,29,58,52,3,37,0,6,36,0,35,0
SN,CS,kalpa,163,12,43,4,29,58,53,3,37,0,6,36,0,34,0
SN,CS,kalpa,164,12,46,4,28,57,53,3,37,0,6,35,0,34,0
SN,CS,kalpa,165,12,46,4,27,58,53,3,36,0,7,35,0,34,0
SN,CS,kalpa,166,12,46,4,27,58,53,3,36,0,7,35,0,34,0
SN,CS,kalpa,167,12,47,4,28,56,53,3,36,0,7,35,0,34,0
SN,CS,kalpa,168,12,48,4,28,57,53,3,36,0,7,33,0,34,0
SN,CS,kalpa,169,12,48,4,28,56,53,3,35,0,8,33,0,35,0
SN,CS,kalpa,170,12,48,4,28,57,53,3,35,0,8,33,0,34,0
SN,CS,kalpa,171,12,48,4,27,59,52,3,35,0,8,32,0,35,0
SN,CS,kalpa,172,12,48,4,28,59,52,3,35,0,8,31,0,35,0
SN,CS,kalpa,173,13,47,4,28,58,52,3,35,0,8,32,0,35,0
SN,CS,kalpa,174,12,48,4,28,59,52,3,35,0,8,32,0,34,0
SN,CS,kalpa,175,12,48,4,28,60,52,3,35,0,8,32,0,33,0
SN,CS,kalpa,176,11,48,3,26,60,52,3,36,0,8,31,0,32,0
SN,CS,kalpa,177,11,49,2,26,58,53,3,37,0,8,30,0,32,0
SN,CS,kalpa,178,12,49,2,26,56,56,3,37,0,8,29,0,31,0
SN,CS,kalpa,179,10,48,2,24,56,57,3,37,0,8,27,0,28,0
SN,CS,kalpa,180,10,48,2,24,56,59,2,38,0,8,27,0,27,0
SN,CS,kalpa,181,9,50,2,23,56,61,1,39,0,8,28,0,26,0
SN,CS,kalpa,182,9,50,2,23,57,61,1,40,0,7,27,0,26,0
SN,CS,kalpa,183,8,49,2,23,58,62,1,41,0,6,26,0,27,0
SN,CS,kalpa,184,8,50,2,24,57,62,1,42,0,5,25,0,27,0
SN,CS,kalpa,185,8,48,2,24,59,61,1,43,0,4,26,0,27,0
SN,CS,kalpa,186,8,49,2,24,59,62,1,43,0,4,24,0,27,0
SN,CS,kalpa,187,8,49,2,24,58,61,1,43,0,4,25,0,28,0
SN,CS,kalpa,188,9,51,2,24,58,60,1,43,0,4,24,0,27,0
SN,CS,kalpa,189,9,49,2,24,59,60,1,43,0,4,25,0,27,0
SN,CS,kalpa,190,9,52,2,24,58,60,1,43,0,4,25,0,25,0
SN,CS,kalpa,191,9,52,2,23,59,60,1,43,0,4,24,0,26,0
SN,CS,kalpa,192,9,51,1,21,58,60,1,44,0,4,24,0,25,0
SN,CS,kalpa,193,10,52,1,22,57,59,1,44,0,4,23,0,25,0
SN,CS,kalpa,194,10,50,1,22,57,59,1,44,0,4,24,0,26,0
SN,CS,kalpa,195,10,50,1,22,56,59,1,45,0,3,24,0,27,0
SN,CS,kalpa,196,10,51,1,21,55,59,1,45,0,3,25,0,27,0
SN,CS,kalpa,197,10,54,1,21,54,59,1,45,0,3,24,0,26,0
SN,CS,kalpa,198,10,55,1,21,53,59,1,45,0,3,24,0,26,0
SN,CS,kalpa,199,10,55,1,21,53,58,1,45,0,3,24,0,27,0
SN,CS,kalpa,200,10,55,1,21,54,57,1,46,0,2,24,0,27,0
SN,CS,kalpa,201,11,55,0,22,51,58,1,46,0,3,23,0,27,0
SN,CS,kalpa,202,11,57,0,22,50,58,1,46,0,3,23,0,26,0
SN,CS,kalpa,203,11,56,0,22,50,56,1,46,1,3,24,0,27,0
SN,CS,kalpa,204,11,57,0,23,48,57,1,46,1,3,25,0,25,0
SN,CS,kalpa,205,11,58,0,22,48,58,1,46,1,3,25,0,25,0
SN,CS,kalpa,206,10,60,0,22,49,59,0,47,1,3,25,0,24,0
SN,CS,kalpa,207,10,61,0,22,48,58,0,47,1,3,26,0,24,0
SN,CS,kalpa,208,10,59,0,23,47,59,0,47,1,3,26,0,25,0
SN,CS,kalpa,209,11,61,0,22,47,59,0,46,1,4,25,0,24,0
SN,CS,kalpa,210,11,62,0,22,47,59,0,46,1,4,23,0,25,0
SN,CS,kalpa,211,11,64,0,21,49,59,0,46,1,4,21,0,24,0
SN,CS,kalpa,212,10,64,0,22,50,59,0,46,1,4,20,0,24,0
SN,CS,kalpa,213,10,65,0,23,48,58,0,46,1,4,20,0,25,0
SN,CS,kalpa,214,10,63,0,23,49,57,0,46,1,4,21,0,26,0
SN,CS,kalpa,215,11,64,0,23,48,57,0,47,1,3,21,0,25,0
SN,CS,kalpa,216,10,63,0,23,50,57,0,47,1,3,21,0,25,0
SN,CS,kalpa,217,10,63,0,23,51,57,0,47,1,3,20,0,25,0
SN,CS,kalpa,218,10,61,0,23,50,58,0,47,1,3,21,0,26,0
SN,CS,kalpa,219,10,61,0,23,51,58,0,48,1,2,21,0,25,0
SN,CS,kalpa,220,10,61,0,23,50,58,0,48,1,2,22,0,25,0
SN,CS,kalpa,221,10,62,0,23,49,58,0,47,1,3,22,0,25,0
SN,CS,kalpa,222,11,62,0,22,48,59,0,47,1,3,22,0,25,0
SN,CS,kalpa,223,10,63,0,22,47,59,0,47,1,3,23,0,25,0
SN,CS,kalpa,224,10,64,0,23,46,59,0,47,1,3,22,0,25,0
SN,CS,kalpa,225,10,63,0,24,45,59,0,47,1,3,23,0,25,0
SN,CS,kalpa,226,10,63,0,24,45,60,0,47,1,3,22,0,25,0
SN,CS,kalpa,227,9,63,0,25,46,60,0,46,1,4,22,0,24,0
SN,CS,kalpa,228,8,66,0,25,46,57,0,46,1,4,23,0,24,0
SN,CS,kalpa,229,9,66,0,24,45,57,0,46,1,4,24,0,24,0
SN,CS,kalpa,230,9,66,0,23,46,56,0,45,1,5,24,0,25,0
SN,CS,kalpa,231,9,65,0,24,46,56,0,45,1,5,24,0,25,0
SN,CS,kalpa,232,9,64,0,25,46,56,0,45,1,5,24,0,25,0
SN,CS,kalpa,233,9,65,0,26,44,55,0,45,1,5,24,0,26,0
SN,CS,kalpa,234,9,66,0,25,43,55,0,45,1,5,25,0,26,0
SN,CS,kalpa,235,9,65,0,25,42,56,0,45,1,5,25,0,27,0
SN,CS,kalpa,236,9,65,0,26,42,55,0,45,1,5,26,0,26,0
SN,CS,kalpa,237,9,65,0,26,42,56,0,45,1,5,26,0,25,0
SN,CS,kalpa,238,8,64,0,25,44,57,0,45,1,5,26,0,25,0
SN,CS,kalpa,239,8,65,0,25,44,57,0,45,1,5,25,0,25,0
SN,CS,kalpa,240,9,64,0,25,45,57,0,45,1,5,24,0,25,0
SN,CS,kalpa,241,8,65,0,25,44,57,0,45,1,5,25,0,25,0
SN,CS,kalpa,242,9,64,0,25,44,57,0,45,1,5,25,0,25,0
SN,CS,kalpa,243,9,62,1,24,44,56,0,44,1,5,25,0,26,0
SN,CS,kalpa,244,9,63,1,24,43,56,0,44,1,5,26,0,25,0
SN,CS,kalpa,245,9,63,1,24,42,57,0,44,1,5,26,0,25,0
SN,CS,kalpa,246,9,61,1,25,42,57,0,44,1,5,25,0,27,0
SN,CS,kalpa,247,10,59,1,24,43,57,0,44,1,5,25,0,28,0
SN,CS,kalpa,248,9,60,1,24,43,57,0,44,1,5,25,0,28,0
SN,CS,kalpa,249,9,61,1,24,44,57,0,44,1,5,24,0,27,0
SN,CS,kalpa,250,9,61,1,24,44,57,0,44,1,5,24,0,27,0
SN,CS,kalpa,251,9,60,1,23,45,57,0,45,1,4,24,0,28,0
SN,CS,kalpa,252,9,59,1,22,46,57,0,45,1,4,25,0,28,0
SN,CS,kalpa,253,9,58,1,23,46,58,0,45,0,4,25,0,28,0
SN,CS,kalpa,254,9,58,1,23,47,57,0,45,0,4,24,0,29,0
SN,CS,kalpa,255,9,57,1,25,46,57,0,45,0,4,23,0,30,0
SN,CS,kalpa,256,10,56,1,26,45,57,0,45,0,4,23,0,30,0
SN,CS,kalpa,257,12,55,1,25,45,58,0,45,0,4,22,0,30,0
SN,CS,kalpa,258,13,57,1,24,44,57,0,45,0,4,23,0,29,0
SN,CS,kalpa,259,13,57,1,24,43,57,0,46,0,3,24,0,29,0
SN,CS,kalpa,260,13,56,1,24,42,59,0,46,0,3,25,0,28,0
SN,CS,kalpa,261,13,56,1,24,41,60,0,46,0,3,25,0,28,0
SN,CS,kalpa,262,13,57,1,22,41,60,0,46,0,3,25,0,29,0
SN,CS,kalpa,263,14,56,1,21,43,60,0,46,0,3,25,0,28,0
SN,CS,kalpa,264,14,56,1,22,43,60,0,46,0,3,24,0,28,0
SN,CS,kalpa,265,13,56,1,22,45,60,0,46,0,3,23,0,28,0
SN,CS,kalpa,266,13,58,1,22,43,61,0,46,0,3,23,0,27,0
SN,CS,kalpa,267,13,59,1,21,42,62,0,46,0,3,24,0,26,0
SN,CS,kalpa,268,13,60,1,21,41,61,0,46,0,3,25,0,26,0
SN,CS,kalpa,269,13,60,1,20,42,61,0,46,0,3,25,0,26,0
SN,CS,kalpa,270,13,60,1,20,43,61,0,46,0,3,24,0,26,0
SN,CS,kalpa,271,14,58,1,22,42,62,0,47,0,2,24,0,25,0
SN,CS,kalpa,272,13,60,1,21,44,61,0,47,0,2,24,0,24,0
SN,CS,kalpa,273,13,61,1,21,45,61,0,47,0,2,23,0,23,0
SN,CS,kalpa,274,13,59,1,22,46,61,0,47,0,2,23,0,23,0
SN,CS,kalpa,275,13,59,1,21,45,62,0,47,0,2,23,0,24,0
SN,CS,kalpa,276,13,58,1,21,45,61,0,47,0,2,24,0,25,0
SN,CS,kalpa,277,13,56,1,20,45,62,0,48,0,1,25,0,26,0
SN,CS,kalpa,278,13,55,1,20,45,63,0,48,0,1,24,0,27,0
SN,CS,kalpa,279,13,55,1,20,45,63,0,48,0,1,24,0,27,0
SN,CS,kalpa,280,13,56,1,20,46,63,0,49,0,0,24,0,25,0
SN,CS,kalpa,281,13,57,1,19,48,62,0,49,0,0,23,0,25,0
SN,CS,kalpa,282,13,57,1,19,48,62,0,49,0,0,23,0,25,0
SN,CS,kalpa,283,13,57,1,18,50,63,0,49,0,0,23,0,23,0
SN,CS,kalpa,284,13,56,1,19,51,63,0,48,0,1,23,0,22,0
SN,CS,kalpa,285,13,57,1,19,51,62,0,48,0,1,23,0,22,0
SN,CS,kalpa,286,13,56,1,18,50,62,0,47,0,2,25,0,23,0
SN,CS,kalpa,287,13,56,1,18,50,62,0,47,0,2,24,0,24,0
SN,CS,kalpa,288,13,57,1,18,49,61,0,47,0,2,25,0,24,0
SN,CS,kalpa,289,13,57,1,18,47,61,0,47,0,2,27,0,24,0
SN,CS,kalpa,290,13,55,1,20,47,61,0,47,0,2,27,0,24,0
SN,CS,kalpa,291,14,55,1,20,48,61,0,47,0,2,26,0,23,0
SN,CS,kalpa,292,13,56,1,20,48,62,0,47,0,2,25,0,23,0
SN,CS,kalpa,293,12,56,0,21,50,63,0,48,0,2,25,0,23,0
SN,CS,kalpa,294,13,56,0,21,50,63,0,48,0,2,23,0,24,0
SN,CS,kalpa,295,13,56,0,22,51,62,0,48,0,2,22,0,24,0
SN,CS,kalpa,296,13,57,0,22,52,62,0,48,0,2,22,0,22,0
SN,CS,kalpa,297,12,57,0,22,53,62,0,48,0,2,22,0,22,0
SN,CS,kalpa,298,12,54,0,22,55,62,0,48,0,2,22,0,23,0
SN,CS,kalpa,299,12,54,0,22,54,62,0,48,0,2,23,0,23,0
SN,CS,kalpa,300,12,53,0,23,52,63,0,47,0,3,23,0,24,0
SN,CS,kalpa,301,12,54,0,24,51,63,0,47,0,3,23,0,23,0
SN,CS,kalpa,302,13,55,0,26,51,62,0,46,0,3,22,0,25,0
SN,CS,kalpa,303,14,57,0,25,51,62,0,45,0,4,23,0,24,0
SN,CS,kalpa,304,15,59,0,24,50,62,0,45,0,4,25,0,23,0
SN,CS,kalpa,305,16,61,0,22,50,62,0,45,0,4,27,0,22,0
SN,CS,kalpa,306,16,61,1,21,52,61,0,44,0,4,28,0,22,0
SN,CS,kalpa,307,14,60,1,22,54,60,0,43,0,5,28,0,23,0
SN,CS,kalpa,308,13,59,1,22,56,60,0,42,0,6,28,0,23,0
SN,CS,kalpa,309,13,58,1,23,56,60,0,42,0,6,27,0,24,0
SN,CS,kalpa,310,13,58,1,22,59,58,0,42,0,6,26,0,25,0
SN,CS,kalpa,311,14,57,1,22,60,57,0,41,0,7,26,0,25,0
SN,CS,kalpa,312,14,57,1,22,60,57,0,41,0,7,27,0,24,0
SN,CS,kalpa,313,13,57,1,22,59,58,0,41,0,7,28,0,24,0
SN,CS,kalpa,314,15,58,1,23,61,57,1,40,0,7,30,0,26,0
SN,CS,kalpa,315,15,57,1,24,59,56,2,39,0,7,30,0,28,0
SN,CS,kalpa,316,16,55,1,24,59,54,3,38,0,7,30,0,29,0
SN,CS,kalpa,317,16,53,1,24,60,53,3,38,0,7,32,0,29,0
SN,CS,kalpa,318,16,54,1,25,60,53,3,38,0,7,30,0,29,0
SN,CS,kalpa,319,17,54,1,25,58,53,3,37,0,8,30,0,30,0
SN,CS,kalpa,320,18,55,1,24,57,53,3,37,0,8,31,0,29,0
SN,CS,kalpa,321,17,56,1,23,58,52,3,37,0,8,32,0,29,0
SN,CS,kalpa,322,17,54,1,23,57,52,3,37,0,8,34,0,30,0
SN,CS,kalpa,323,18,53,1,23,57,52,3,37,0,8,33,0,31,0
SN,CS,kalpa,324,18,52,1,21,56,53,3,37,0,8,35,0,32,0
SN,CS,kalpa,325,18,54,1,22,56,52,3,37,0,8,34,0,31,0
SN,CS,kalpa,326,19,54,1,23,56,52,3,37,0,8,33,0,30,0
SN,CS,kalpa,327,19,54,1,23,57,51,3,37,0,8,33,0,30,0
SN,CS,kalpa,328,19,52,1,24,58,50,3,37,0,8,34,0,30,0
SN,CS,kalpa,329,18,51,1,25,57,50,3,37,0,8,34,0,32,0
SN,CS,kalpa,330,19,51,1,27,54,50,3,37,0,8,34,0,32,0
SN,CS,kalpa,331,19,50,1,27,52,50,3,37,0,8,36,0,33,0
SN,CS,kalpa,332,19,50,1,26,53,50,3,37,0,8,37,0,32,0
SN,CS,kalpa,333,19,51,1,26,52,49,3,37,0,8,37,0,33,0
SN,CS,kalpa,334,20,50,1,27,51,49,3,38,0,7,36,0,34,0
SN,CS,kalpa,335,20,50,1,28,51,49,3,38,0,7,36,0,33,0
SN,CS,kalpa,336,20,52,1,29,52,49,3,39,0,6,33,0,32,0
SN,CS,kalpa,337,21,51,1,28,52,49,3,39,0,6,33,0,33,0
SN,CS,kalpa,338,21,50,1,28,53,49,3,39,0,6,33,0,33,0
SN,CS,kalpa,339,22,48,1,28,54,50,3,38,0,7,31,0,34,0
SN,CS,kalpa,340,21,49,1,27,55,50,3,38,0,7,31,0,34,0
SN,CS,kalpa,341,20,48,1,27,56,50,3,37,0,8,32,0,34,0
SN,CS,kalpa,342,21,47,1,27,57,49,3,36,0,9,32,0,34,0
SN,CS,kalpa,343,21,50,1,26,55,49,3,35,0,10,33,0,33,0
SN,CS,kalpa,344,20,51,1,26,55,49,3,35,0,10,33,0,33,0
SN,CS,kalpa,345,20,51,2,25,57,49,3,34,0,10,33,0,33,0
SN,CS,kalpa,346,20,51,2,25,55,49,3,33,0,11,35,0,33,0
SN,CS,kalpa,347,20,52,2,25,54,49,3,33,0,11,36,0,32,0
SN,CS,kalpa,348,20,52,2,26,52,49,3,33,0,11,36,0,33,0
SN,CS,kalpa,349,24,52,2,27,54,48,4,32,0,11,36,0,36,0
SN,CS,kalpa,350,25,52,2,27,55,46,4,32,0,10,36,0,35,0
SN,CS,kalpa,351,25,51,2,27,54,45,5,31,0,10,36,0,36,0
SN,CS,kalpa,352,24,49,2,25,54,46,5,32,0,10,37,0,35,0
SN,CS,kalpa,353,23,49,2,25,54,46,5,33,0,9,36,0,35,0
SN,CS,kalpa,354,22,48,2,25,56,46,5,33,0,9,34,0,35,0
SN,CS,kalpa,355,22,46,2,25,57,46,5,33,0,9,32,0,36,0
SN,CS,kalpa,356,22,45,1,24,57,47,5,34,0,9,31,0,37,0
SN,CS,kalpa,357,22,46,1,24,56,47,5,35,0,8,32,0,36,0
SN,CS,kalpa,358,23,46,1,24,54,47,5,36,0,7,31,0,38,0
SN,CS,kalpa,359,22,45,1,24,54,47,5,36,0,7,33,0,38,0
SN,CS,kalpa,360,22,46,1,24,52,48,5,36,0,7,33,0,38,0
SN,CS,kalpa,361,21,46,1,24,51,48,5,37,0,6,33,0,40,0
SN,CS,kalpa,362,21,46,1,26,50,48,5,37,0,6,32,0,40,0
SN,CS,kalpa,363,21,46,1,27,50,47,5,37,0,6,31,0,41,0
SN,CS,kalpa,364,19,44,1,26,48,48,4,38,0,6,30,0,39,0
SN,CS,kalpa,365,19,44,1,26,48,49,3,39,0,6,31,0,38,0
SN,CS,kalpa,366,18,46,1,26,49,50,2,40,0,6,31,0,37,0
SN,CS,kalpa,367,19,46,1,27,48,50,2,40,0,6,29,0,38,0
SN,CS,kalpa,368,20,45,1,26,49,50,2,40,0,6,30,0,37,0
SN,CS,kalpa,369,19,45,1,26,49,50,2,40,0,6,30,0,38,0
SN,CS,kalpa,370,19,44,1,26,49,50,2,40,0,6,30,0,39,0
SN,CS,kalpa,371,19,44,1,25,50,50,2,40,0,6,29,0,40,0
SN,CS,kalpa,372,20,46,1,25,49,50,2,40,0,6,27,0,40,0
SN,CS,kalpa,373,19,46,1,25,49,50,2,40,0,6,28,0,40,0
SN,CS,kalpa,374,20,46,1,25,51,49,2,40,0,6,26,0,40,0
SN,CS,kalpa,375,20,45,1,24,53,49,2,40,0,6,26,0,40,0
SN,CS,kalpa,376,20,45,1,23,53,49,2,39,0,7,27,0,40,0
SN,CS,kalpa,377,20,46,1,25,52,49,2,39,0,7,26,0,39,0
SN,CS,kalpa,378,21,48,1,24,51,50,2,39,0,7,25,0,38,0
SN,CS,kalpa,379,21,49,1,24,51,50,2,39,0,7,24,0,38,0
SN,CS,kalpa,380,20,49,1,23,53,49,2,38,0,7,26,0,38,1
SN,CS,kalpa,381,20,50,1,23,55,49,2,37,0,8,24,0,37,1
SN,CS,kalpa,382,20,52,1,23,54,49,2,37,0,8,24,0,36,1
SN,CS,kalpa,383,20,51,1,23,55,49,2,37,0,8,25,0,35,1
SN,CS,kalpa,384,22,52,1,24,57,48,2,37,0,8,27,0,37,1
SN,CS,kalpa,385,22,51,1,25,57,47,3,36,0,8,26,0,37,1
SN,CS,kalpa,386,23,49,1,25,56,46,4,35,0,8,26,0,38,1
SN,CS,kalpa,387,22,49,1,25,56,47,4,35,0,8,28,0,36,1
SN,CS,kalpa,388,22,49,1,25,56,47,4,35,0,8,27,0,37,1
SN,CS,kalpa,389,21,50,1,25,57,46,4,35,0,8,28,0,36,1
SN,CS,kalpa,390,21,49,1,24,55,48,4,35,0,8,29,0,37,1
SN,CS,kalpa,391,21,50,1,24,55,48,4,36,0,7,28,0,37,1
SN,CS,kalpa,392,20,50,1,25,53,48,4,36,0,7,28,0,39,1
SN,CS,kalpa,393,20,48,1,25,56,48,4,37,0,6,27,0,39,1
SN,CS,kalpa,394,20,47,1,25,56,49,4,37,0,6,28,0,38,1
SN,CS,kalpa,395,21,46,0,25,53,49,4,38,0,6,30,0,38,1
SN,CS,kalpa,396,22,45,0,25,53,49,4,39,0,5,28,0,40,1
SN,CS,kalpa,397,22,44,0,26,52,50,4,39,0,5,28,0,40,1
SN,CS,kalpa,398,22,45,0,26,53,50,4,39,0,5,28,0,38,1
SN,CS,kalpa,399,19,45,0,25,51,51,3,40,0,5,27,0,35,1
SN,CS,kalpa,400,18,46,0,26,49,52,3,41,0,5,28,0,35,1
SN,CS,kalpa,401,17,47,0,26,51,53,2,42,0,5,28,0,34,1
SN,CS,kalpa,402,17,46,0,27,52,53,2,42,0,5,27,0,34,1
SN,CS,kalpa,403,17,44,0,28,52,53,2,42,0,5,27,0,35,1
SN,CS,kalpa,404,17,43,0,28,50,54,2,42,0,5,29,0,35,1
SN,CS,kalpa,405,16,44,0,28,48,55,2,42,0,5,29,0,36,1
SN,CS,kalpa,406,15,45,0,28,47,56,2,42,0,5,29,0,36,1
SN,CS,kalpa,407,15,45,0,27,46,56,2,42,0,5,31,0,36,1
SN,CS,kalpa,408,14,45,0,28,47,56,2,42,0,5,31,0,35,1
SN,CS,kalpa,409,14,45,0,28,49,56,2,42,0,5,29,0,35,1
SN,CS,kalpa,410,14,45,0,28,51,55,2,42,0,5,29,0,34,1
SN,CS,kalpa,411,14,45,0,28,52,55,2,42,0,5,30,0,32,1
SN,CS,kalpa,412,15,46,0,26,53,55,2,41,0,6,30,0,31,1
SN,CS,kalpa,413,15,45,0,26,52,55,2,41,0,6,31,0,32,1
SN,CS,kalpa,414,16,46,0,25,52,55,2,41,0,6,31,0,31,1
SN,CS,kalpa,415,16,47,0,25,53,55,2,41,0,6,30,0,30,1
SN,CS,kalpa,416,16,46,0,24,53,55,2,41,0,6,31,0,31,1
SN,CS,kalpa,417,15,48,0,23,55,55,2,41,0,6,30,0,30,1
SN,CS,kalpa,418,14,47,0,23,55,56,2,41,0,6,30,0,31,1
SN,CS,kalpa,419,14,47,0,24,55,56,2,42,0,5,31,0,29,1
SN,CS,kalpa,420,13,47,0,24,57,56,2,41,0,5,31,0,29,2
SN,CS,kalpa,421,13,49,0,24,56,56,2,41,0,5,31,0,28,2
SN,CS,kalpa,422,12,48,0,24,57,56,2,41,0,5,33,0,27,2
SN,CS,kalpa,423,12,48,0,25,57,57,2,41,0,5,32,0,26,2
SN,CS,kalpa,424,11,50,0,26,57,56,2,40,0,5,32,0,25,2
SN,CS,kalpa,425,12,48,0,27,55,55,3,39,0,5,32,0,26,2
SN,CS,kalpa,426,12,49,0,27,54,56,3,40,0,4,31,0,26,2
SN,CS,kalpa,427,13,51,1,26,53,55,3,39,0,4,31,0,26,2
SN,CS,kalpa,428,12,50,1,27,53,54,3,38,0,5,32,0,27,2
SN,CS,kalpa,429,12,50,1,26,55,55,3,37,0,6,32,0,25,2
SN,CS,kalpa,430,12,51,1,25,55,56,3,38,0,6,30,0,25,1
SN,CS,kalpa,431,13,51,1,25,54,56,3,39,0,5,30,0,25,1
SN,CS,kalpa,432,13,51,1,25,53,56,3,39,0,5,31,0,25,1
SN,CS,kalpa,433,13,50,1,25,54,56,3,39,0,5,30,0,26,1
SN,CS,kalpa,434,10,51,1,22,52,58,3,39,0,5,29,0,23,1
SN,CS,kalpa,435,11,51,1,20,51,60,2,40,0,5,30,0,24,1
SN,CS,kalpa,436,11,51,1,19,53,61,1,41,0,5,30,0,24,1
SN,CS,kalpa,437,11,52,1,19,53,60,1,41,0,5,30,0,24,1
SN,CS,kalpa,438,11,52,1,19,51,61,1,41,0,5,32,0,23,1
SN,CS,kalpa,439,11,53,1,19,50,61,1,42,0,4,32,0,23,1
SN,CS,kalpa,440,11,55,1,19,51,59,1,41,0,5,31,0,23,1
SN,CS,kalpa,441,11,55,1,20,49,59,1,41,0,5,32,0,23,1
SN,CS,kalpa,442,11,56,1,19,50,60,1,42,0,4,32,0,21,1
SN,CS,kalpa,443,12,56,1,19,48,60,1,42,0,4,32,0,22,1
SN,CS,kalpa,444,13,57,1,19,48,59,1,42,0,4,31,0,22,1
SN,CS,kalpa,445,12,59,1,19,49,59,1,42,0,4,30,0,21,1
SN,CS,kalpa,446,11,60,1,18,50,59,1,42,0,4,32,0,19,1
SN,CS,kalpa,447,12,59,1,17,51,59,1,42,0,4,32,0,19,1
SN,CS,kalpa,448,14,59,1,16,51,59,1,42,0,4,31,0,19,1
SN,CS,kalpa,449,13,57,1,16,52,60,1,41,0,5,31,0,20,1
SN,CS,kalpa,450,13,58,1,15,53,60,1,41,0,5,30,0,20,1
SN,CS,kalpa,451,13,59,1,14,52,60,1,41,0,5,31,0,20,1
SN,CS,kalpa,452,13,60,1,14,51,60,1,41,0,5,32,0,19,1
SN,CS,kalpa,453,13,61,1,14,51,60,1,40,0,6,32,0,18,1
SN,CS,kalpa,454,14,61,1,14,52,59,1,40,0,6,31,0,18,1
SN,CS,kalpa,455,14,62,1,14,53,58,1,40,0,6,31,0,17,1
SN,CS,kalpa,456,15,63,1,14,54,56,1,39,0,6,32,0,16,2
SN,CS,kalpa,457,15,64,1,14,56,56,1,39,0,6,29,0,16,2
SN,CS,kalpa,458,15,65,1,14,56,56,1,39,0,6,29,0,15,2
SN,CS,kalpa,459,15,66,1,13,56,57,1,39,0,6,29,0,14,2
SN,CS,kalpa,460,15,65,1,14,55,56,2,38,0,6,30,0,14,2
SN,CS,kalpa,461,16,64,1,15,53,55,3,37,0,6,29,0,15,2
SN,CS,kalpa,462,15,63,1,15,52,55,3,38,0,5,31,0,16,2
SN,CS,kalpa,463,15,64,1,15,54,55,3,38,0,5,30,0,14,2
SN,CS,kalpa,464,15,65,1,18,55,56,3,37,0,6,34,0,15,2
SN,CS,kalpa,465,15,66,1,18,54,56,3,37,0,6,34,0,15,2
SN,CS,kalpa,466,15,66,1,19,54,56,3,37,0,6,33,0,15,2
SN,CS,kalpa,467,15,66,1,19,53,56,3,37,0,6,34,0,15,2
SN,CS,kalpa,468,16,67,1,19,53,55,3,36,0,7,34,0,14,2
SN,CS,kalpa,469,16,67,1,19,53,56,3,35,0,8,33,0,14,2
SN,CS,kalpa,470,16,66,1,19,52,57,3,36,0,8,32,0,15,1
SN,CS,kalpa,471,17,63,1,19,51,59,3,35,0,9,32,0,16,1
SN,CS,kalpa,472,17,63,1,21,50,59,3,35,0,9,31,0,16,1
SN,CS,kalpa,473,17,63,1,21,49,58,3,35,0,9,32,0,17,1
SN,CS,kalpa,474,18,62,1,21,47,60,3,36,0,9,32,0,17,1
SN,CS,kalpa,475,18,64,1,20,47,61,2,37,0,9,33,0,16,1
SN,CS,kalpa,476,17,64,1,20,49,60,2,37,0,9,33,0,16,1
SN,CS,kalpa,477,16,63,0,21,49,61,2,37,0,10,33,0,16,1
SN,CS,kalpa,478,16,62,1,22,49,61,2,37,0,9,32,0,17,1
SN,CS,kalpa,479,16,62,1,23,49,60,2,38,0,8,32,0,17,1
SN,CS,kalpa,480,16,62,1,24,48,60,2,38,0,8,32,0,17,1
SN,CS,kalpa,481,16,60,1,24,48,60,2,38,0,8,34,0,17,1
SN,CS,kalpa,482,16,60,1,24,49,60,2,37,0,9,32,0,18,1
SN,CS,kalpa,483,16,60,1,25,48,60,2,37,0,9,32,0,18,1
SN,CS,kalpa,484,16,59,1,25,51,59,2,37,0,9,31,0,18,1
SN,CS,kalpa,485,15,60,1,25,52,58,2,37,0,9,32,0,17,1
SN,CS,kalpa,486,15,60,1,25,51,59,2,37,0,9,32,0,17,1
SN,CS,kalpa,487,15,61,1,25,51,60,2,37,0,9,30,0,17,1
SN,CS,kalpa,488,15,60,1,27,52,59,2,37,0,9,28,0,18,1
SN,CS,kalpa,489,15,58,1,28,52,59,2,37,0,9,28,0,19,1
SN,CS,kalpa,490,15,58,1,28,53,59,2,38,0,8,28,0,18,1
SN,CS,kalpa,491,15,58,1,27,53,59,2,38,0,8,29,0,18,1
SN,CS,kalpa,492,16,57,1,28,53,58,2,38,0,8,29,0,18,1
SN,CS,kalpa,493,15,59,1,29,52,58,2,38,0,8,29,0,17,1
SN,CS,kalpa,494,15,57,1,30,52,58,2,38,0,8,29,0,18,1
SN,CS,kalpa,495,15,58,1,30,51,58,2,38,0,8,29,0,18,1
SN,CS,kalpa,496,15,59,1,31,51,58,2,37,0,9,27,0,18,1
SN,CS,kalpa,497,14,60,1,31,53,57,2,37,0,9,26,0,18,1
SN,CS,kalpa,498,12,62,1,31,52,57,2,37,0,9,27,0,18,1
SN,CS,kalpa,499,12,63,1,32,51,56,2,38,0,8,27,0,18,1
SN,CS,kalpa,500,12,63,1,31,52,56,2,38,0,8,27,0,18,1
SN,CS,kalpa,501,12,61,1,32,51,56,2,38,0,8,27,0,20,1
SN,CS,kalpa,502,12,60,1,31,50,57,2,38,0,8,29,0,20,1
SN,CS,kalpa,503,12,62,1,31,49,57,2,39,0,7,28,0,20,1
SN,CS,kalpa,504,11,62,1,31,49,57,2,39,0,7,29,0,20,1
SN,CS,kalpa,505,12,61,1,31,49,58,2,39,0,7,29,0,19,1
SN,CS,kalpa,506,12,60,1,31,48,59,2,40,0,7,28,0,20,0
SN,CS,kalpa,507,12,58,1,32,47,59,2,40,0,7,29,0,21,0
SN,CS,kalpa,508,12,58,1,31,48,59,2,39,0,8,29,0,21,0
SN,CS,kalpa,509,12,60,1,32,46,58,2,39,0,8,29,0,21,0
SN,CS,kalpa,510,13,60,1,32,45,59,1,40,0,8,28,0,22,0
SN,CS,kalpa,511,12,60,1,32,45,60,0,41,0,8,30,0,22,0
SN,CS,kalpa,512,12,60,1,32,46,61,0,41,0,8,29,0,21,0
SN,CS,kalpa,513,13,59,1,31,44,62,0,40,0,9,30,0,22,0
SN,CS,kalpa,514,12,57,1,28,44,62,0,41,0,8,25,0,22,0
SN,CS,kalpa,515,12,56,1,27,45,62,0,41,0,8,25,0,23,0
SN,CS,kalpa,516,12,55,1,26,46,62,0,41,0,8,26,0,23,0
SN,CS,kalpa,517,12,53,1,27,46,63,0,41,0,8,26,0,23,0
SN,CS,kalpa,518,12,52,1,28,46,64,0,42,0,7,25,0,23,0
SN,CS,kalpa,519,12,51,1,28,45,65,0,43,0,6,26,0,23,0
SN,CS,kalpa,520,12,52,1,28,46,65,0,43,0,6,26,0,21,0
SN,CS,kalpa,521,11,53,1,29,48,63,0,44,0,5,26,0,20,0
SN,CS,kalpa,522,12,53,1,28,49,63,0,44,0,5,25,0,20,0
SN,CS,kalpa,523,13,53,1,27,50,63,0,44,0,5,25,0,19,0
SN,CS,kalpa,524,12,54,1,26,51,63,0,44,0,5,25,0,19,0
SN,CS,kalpa,525,11,53,1,26,51,64,0,44,0,5,24,0,21,0
SN,CS,kalpa,526,12,53,1,26,49,64,0,44,0,5,24,0,22,0
SN,CS,kalpa,527,12,52,1,25,50,65,0,45,0,4,24,0,22,0
SN,CS,kalpa,528,12,53,1,24,53,65,0,45,0,4,24,0,20,0
SN,CS,kalpa,529,12,53,1,23,53,65,0,44,0,5,25,0,20,0
SN,CS,kalpa,530,12,53,1,22,53,65,0,44,0,5,26,0,20,0
SN,CS,kalpa,531,11,55,1,24,52,65,0,44,0,5,24,0,20,0
SN,CS,kalpa,532,11,54,1,24,53,65,0,45,0,4,25,0,19,0
SN,CS,kalpa,533,11,56,1,24,52,65,0,45,0,4,25,0,18,0
SN,CS,kalpa,534,11,56,1,24,51,65,0,45,0,4,26,0,18,0
SN,CS,kalpa,535,11,55,1,24,51,65,0,45,0,4,27,0,18,0
SN,CS,kalpa,536,10,55,1,24,52,64,0,45,0,4,29,0,17,0
SN,CS,kalpa,537,10,53,1,25,53,63,0,44,0,5,30,0,17,0
SN,CS,kalpa,538,10,54,1,23,53,63,0,44,0,5,31,0,17,0
SN,CS,kalpa,539,10,56,1,22,52,63,0,44,0,5,31,0,17,0
SN,CS,kalpa,540,10,55,1,22,51,63,0,44,0,5,33,0,17,0
SN,CS,kalpa,541,11,54,1,22,52,63,0,43,0,6,32,0,17,0
SN,CS,kalpa,542,10,55,1,23,52,63,0,42,1,6,32,0,17,0
SN,CS,kalpa,543,10,53,1,22,52,64,0,42,1,6,34,0,17,0
SN,CS,kalpa,544,9,54,1,23,51,64,0,42,1,6,35,0,16,0
SN,CS,kalpa,545,9,52,1,23,51,65,0,42,1,6,35,0,17,0
SN,CS,kalpa,546,9,51,1,22,51,66,0,43,1,5,36,0,17,0
SN,CS,kalpa,547,9,51,1,22,49,66,0,43,1,5,37,0,18,0
SN,CS,kalpa,548,9,50,1,22,49,66,0,43,1,5,37,0,19,0
SN,CS,kalpa,549,10,50,1,21,48,67,0,43,1,5,38,0,18,0
SN,CS,kalpa,550,11,49,1,21,48,67,0,43,1,5,38,0,18,0
SN,CS,kalpa,551,11,49,1,21,48,68,0,43,1,5,39,0,16,0
SN,CS,kalpa,552,11,50,1,21,50,67,0,43,1,5,36,0,17,0
SN,CS,kalpa,553,11,47,1,20,52,67,0,43,1,5,37,0,18,0
SN,CS,kalpa,554,11,48,1,21,52,67,0,43,1,5,35,0,18,0
SN,CS,kalpa,555,11,48,1,21,52,67,0,43,1,5,35,0,18,0
SN,CS,kalpa,556,10,49,1,22,52,67,0,43,1,5,35,0,17,0
SN,CS,kalpa,557,10,49,1,23,52,67,0,43,1,5,34,0,17,0
SN,CS,kalpa,558,11,49,1,23,50,67,0,44,1,4,34,0,18,0
SN,CS,kalpa,559,12,47,1,23,51,67,0,44,1,4,34,0,18,0
SN,CS,kalpa,560,11,47,1,22,51,68,0,44,1,4,35,0,18,0
SN,CS,kalpa,561,11,48,1,21,53,68,0,43,1,5,33,0,18,0
SN,CS,kalpa,562,12,48,1,21,53,68,0,43,1,5,32,0,18,0
SN,CS,kalpa,563,11,48,1,21,55,69,0,44,1,4,31,0,17,0
SN,CS,kalpa,564,11,49,1,22,55,68,0,44,1,4,31,0,16,0
SN,CS,kalpa,565,11,50,1,22,55,68,0,44,1,4,31,0,15,0
SN,CS,kalpa,566,11,52,1,22,55,68,0,44,1,4,30,0,14,0
SN,CS,kalpa,567,12,53,1,21,56,67,0,44,1,4,29,0,14,0
SN,CS,kalpa,568,11,56,1,21,55,66,0,44,1,4,29,0,14,0
SN,CS,kalpa,569,11,56,1,20,57,65,0,44,1,4,29,0,14,0
SN,CS,kalpa,570,12,55,1,20,56,66,0,44,1,4,29,0,14,0
SN,CS,kalpa,571,12,54,1,19,55,66,0,44,1,4,31,0,15,0
SN,CS,kalpa,572,11,54,1,19,56,66,0,44,1,4,31,0,15,0
SN,CS,kalpa,573,10,53,1,20,57,66,0,44,1,4,30,0,16,0
SN,CS,kalpa,574,10,52,1,20,58,65,0,44,1,4,31,0,16,0
SN,CS,kalpa,575,10,52,1,21,59,64,0,44,1,4,31,0,15,0
SN,CS,kalpa,576,9,52,1,22,60,64,0,43,1,5,31,0,14,0
SN,CS,kalpa,577,9,51,1,22,61,64,0,43,1,5,31,0,14,0
SN,CS,kalpa,578,9,52,0,21,59,65,0,44,1,5,31,0,14,0
SN,CS,kalpa,579,9,53,0,22,58,65,0,45,1,4,30,0,14,0
SN,CS,kalpa,580,9,51,0,24,58,65,0,45,1,4,29,0,15,0
SN,CS,kalpa,581,9,50,0,22,59,65,0,45,1,4,30,0,16,0
SN,CS,kalpa,582,9,50,0,22,58,65,0,45,1,4,31,0,16,0
SN,CS,kalpa,583,9,49,0,22,58,65,0,45,1,4,31,0,17,0
SN,CS,kalpa,584,10,48,0,22,57,65,0,45,1,4,31,0,18,0
SN,CS,kalpa,585,10,48,0,22,59,65,0,45,1,4,28,0,19,0
SN,CS,kalpa,586,10,50,0,23,57,65,0,45,1,4,26,0,20,0
SN,CS,kalpa,587,11,51,0,22,56,66,0,46,1,3,25,0,20,0
SN,CS,kalpa,588,12,50,0,22,56,66,0,46,1,3,24,0,21,0
SN,CS,kalpa,589,12,49,0,23,57,66,0,46,1,3,23,0,21,0
SN,CS,kalpa,590,12,51,0,24,56,66,0,46,1,3,21,0,21,0
SN,CS,kalpa,591,11,52,0,25,55,66,0,46,1,3,20,0,22,0
SN,CS,kalpa,592,11,51,0,24,55,66,0,47,0,3,20,0,23,0
SN,CS,kalpa,593,11,50,0,25,56,66,0,47,0,3,19,0,23,0
SN,CS,kalpa,594,11,50,0,23,56,66,0,47,0,3,20,0,24,0
SN,CS,kalpa,595,11,50,0,23,57,65,0,47,0,3,20,0,24,0
SN,CS,kalpa,596,11,49,0,23,59,64,0,47,0,3,19,0,25,0
SN,CS,kalpa,597,11,48,0,24,59,64,0,47,0,3,18,0,26,0
SN,CS,kalpa,598,11,47,0,25,60,64,0,47,0,3,18,0,25,0
SN,CS,kalpa,599,10,47,0,25,62,63,0,46,0,4,18,0,25,0
SN,CS,kalpa,600,9,48,0,25,62,63,0,46,0,4,18,0,25,0
SN,CS,kalpa,601,9,49,0,24,65,62,0,46,0,4,16,0,25,0
SN,CS,kalpa,602,9,50,0,24,63,62,0,46,0,4,17,0,25,0
SN,CS,kalpa,603,9,51,0,24,62,63,0,46,0,4,17,0,24,0
SN,CS,kalpa,604,10,50,0,24,62,63,0,46,0,4,17,0,24,0
SN,CS,kalpa,605,9,49,0,24,64,62,0,46,0,4,17,0,25,0
SN,CS,kalpa,606,9,48,0,23,66,62,0,46,0,4,17,0,25,0
SN,CS,kalpa,607,10,50,0,21,66,62,0,46,0,4,17,0,24,0
SN,CS,kalpa,608,9,48,0,21,68,62,0,46,0,4,18,0,24,0
SN,CS,kalpa,609,8,49,0,21,68,62,0,46,0,4,18,0,24,0
SN,CS,kalpa,610,8,51,0,22,68,61,0,46,0,4,17,0,23,0
SN,CS,kalpa,611,9,52,0,22,67,61,0,47,0,3,17,0,22,0
SN,CS,kalpa,612,8,53,0,22,67,61,0,47,0,3,17,0,22,0
SN,CS,kalpa,613,8,54,0,22,68,59,0,46,0,4,17,0,22,0
SN,CS,kalpa,614,8,55,0,21,67,59,0,46,0,4,17,0,23,0
SN,CS,kalpa,615,9,54,0,22,66,59,0,45,0,5,17,0,23,0
SN,CS,kalpa,616,9,53,0,22,67,59,0,45,0,5,17,0,23,0
SN,CS,kalpa,617,8,53,0,22,66,59,0,45,0,5,19,0,23,0
SN,CS,kalpa,618,8,50,0,22,67,59,0,45,0,5,21,0,23,0
SN,CS,kalpa,619,8,52,0,23,66,58,0,45,0,5,20,0,23,0
SN,CS,kalpa,620,8,53,0,24,65,56,0,45,0,5,20,0,24,0
SN,CS,kalpa,621,8,54,0,24,67,56,0,45,0,5,18,0,23,0
SN,CS,kalpa,622,8,54,0,23,66,56,0,45,0,5,19,0,24,0
SN,CS,kalpa,623,8,55,0,22,66,56,0,45,0,5,19,0,24,0
SN,CS,kalpa,624,8,55,0,23,66,56,0,45,0,5,18,0,24,0
SN,CS,kalpa,625,8,55,0,22,66,57,0,44,0,6,19,0,23,0
SN,CS,kalpa,626,8,54,0,21,67,57,0,45,0,5,19,0,24,0
SN,CS,kalpa,627,8,55,0,20,67,56,0,45,0,5,20,0,24,0
SN,CS,kalpa,628,9,55,0,20,67,55,0,44,0,6,22,0,24,0
SN,CS,kalpa,629,10,55,0,19,67,55,0,44,0,6,24,0,24,0
SN,CS,kalpa,630,10,55,0,18,68,55,0,44,0,6,24,0,24,0
SN,CS,kalpa,631,10,55,0,19,69,55,0,44,0,6,23,0,23,0
SN,CS,kalpa,632,10,56,0,20,69,55,0,44,0,6,21,0,23,0
SN,CS,kalpa,633,10,57,0,20,69,55,0,44,0,6,21,0,22,0
SN,CS,kalpa,634,9,58,0,20,69,55,0,44,0,6,22,0,21,0
SN,CS,kalpa,635,10,59,0,20,68,55,0,43,0,7,22,0,20,0
SN,CS,kalpa,636,10,58,0,19,70,55,0,42,0,8,23,0,19,0
SN,CS,kalpa,637,10,57,0,19,69,55,0,42,0,8,24,0,20,0
SN,CS,kalpa,638,9,58,0,19,68,56,0,41,0,9,25,0,19,0
SN,CS,kalpa,639,9,59,0,18,68,57,0,41,0,9,25,0,18,0
SN,CS,kalpa,640,9,58,0,17,68,57,0,41,0,9,27,0,18,0
SN,CS,kalpa,641,9,56,0,16,70,58,0,42,0,8,27,0,18,0
SN,CS,kalpa,642,9,57,0,16,69,58,0,42,0,8,28,0,17,0
SN,CS,kalpa,643,9,58,0,15,69,59,0,42,0,8,27,0,17,0
SN,CS,kalpa,644,9,57,0,15,70,59,0,42,0,8,27,0,17,0
SN,CS,kalpa,645,9,57,0,15,71,59,0,42,0,8,27,0,16,0
SN,CS,kalpa,646,9,58,0,16,69,59,0,42,0,8,28,0,15,0
SN,CS,kalpa,647,9,58,0,16,68,60,0,41,0,9,29,0,14,0
SN,CS,kalpa,648,9,57,0,15,70,60,0,40,0,10,28,0,15,0
SN,CS,kalpa,649,9,57,0,15,71,60,0,40,0,10,27,0,15,0
SN,CS,kalpa,650,9,56,0,15,71,60,0,40,0,10,28,0,15,0
SN,CS,kalpa,651,9,55,0,15,68,62,0,40,0,10,29,0,16,0
SN,CS,kalpa,652,9,55,0,16,69,62,0,40,0,10,28,0,15,0
SN,CS,kalpa,653,9,55,0,16,69,61,0,39,0,11,28,0,16,0
SN,CS,kalpa,654,8,56,0,15,69,61,0,39,0,11,29,0,16,0
SN,CS,kalpa,655,8,57,0,16,67,61,0,39,0,11,29,0,16,0
SN,CS,kalpa,656,9,57,0,16,65,61,0,39,0,11,29,0,17,0
SN,CS,kalpa,657,8,56,0,16,65,62,0,39,0,11,30,0,17,0
SN,CS,kalpa,658,8,57,0,17,64,62,0,39,0,11,30,0,16,0
SN,CS,kalpa,659,8,56,0,16,66,62,0,39,0,11,30,0,16,0
SN,CS,kalpa,660,8,56,0,15,66,62,0,39,0,11,31,0,16,0
SN,CS,kalpa,661,7,55,0,16,67,62,0,39,0,11,31,0,16,0
SN,CS,kalpa,662,7,53,0,16,68,61,0,38,0,12,32,0,17,0
SN,CS,kalpa,663,7,54,0,17,66,61,0,39,0,11,32,0,17,0
SN,CS,kalpa,664,7,53,0,18,66,61,0,38,0,12,33,0,16,0
SN,CS,kalpa,665,7,54,0,17,66,61,0,39,0,11,33,0,16,0
SN,CS,kalpa,666,7,53,0,17,66,61,0,39,0,11,33,0,17,0
SN,CS,kalpa,667,7,54,0,17,66,61,0,39,0,11,32,0,17,0
SN,CS,kalpa,668,7,55,1,17,68,60,0,38,0,11,31,0,17,0
SN,CS,kalpa,669,7,54,1,16,68,60,0,38,0,11,33,0,17,0
SN,CS,kalpa,670,6,54,1,16,69,61,0,38,0,11,33,0,16,0
SN,CS,kalpa,671,6,54,1,18,67,61,0,38,0,11,33,0,16,0
