Text_Type,Book,Chapter,Window,GLL,LGG,GGG,LGL,G,GLG,LLG,GGL,L,GG,LL,LG,LLL,GL
SN,CS,shareera,1,17,26,54,59,41,50,20,22,7,2,0,0,0,0
SN,CS,shareera,2,17,27,52,60,42,52,18,22,7,1,0,0,0,0
SN,CS,shareera,3,17,26,54,61,43,53,17,22,7,0,0,0,0,0
SN,CS,shareera,4,17,26,54,61,43,53,16,23,7,0,0,0,0,0
SN,CS,shareera,5,17,26,55,61,43,52,16,23,7,0,0,0,0,0
SN,CS,shareera,6,17,24,56,63,43,51,17,22,7,0,0,0,0,0
SN,CS,shareera,7,17,24,58,63,44,51,16,21,6,0,0,0,0,0
SN,CS,shareera,8,16,23,59,64,44,51,16,21,6,0,0,0,0,0
SN,CS,shareera,9,17,22,58,64,44,51,17,21,6,0,0,0,0,0
SN,CS,shareera,10,16,22,59,65,43,49,17,22,7,0,0,0,0,0
SN,CS,shareera,11,15,21,61,66,43,49,17,21,7,0,0,0,0,0
SN,CS,shareera,12,15,20,60,66,43,51,17,21,7,0,0,0,0,0
SN,CS,shareera,13,15,19,59,67,43,52,16,22,7,0,0,0,0,0
SN,CS,shareera,14,15,19,61,65,43,53,15,22,7,0,0,0,0,0
SN,CS,shareera,15,13,18,62,65,43,53,16,23,7,0,0,0,0,0
SN,CS,shareera,16,14,19,62,65,43,52,16,22,7,0,0,0,0,0
SN,CS,shareera,17,14,19,63,65,43,53,15,21,7,0,0,0,0,0
SN,CS,shareera,18,14,19,62,65,43,51,16,23,7,0,0,0,0,0
SN,CS,shareera,19,14,20,61,65,43,50,17,23,7,0,0,0,0,0
SN,CS,shareera,20,13,19,62,65,44,51,16,24,6,0,0,0,0,0
SN,CS,shareera,21,13,18,61,65,44,52,16,25,6,0,0,0,0,0
SN,CS,shareera,22,12,17,62,65,44,52,17,25,6,0,0,0,0,0
SN,CS,shareera,23,12,17,61,66,44,52,17,25,6,0,0,0,0,0
SN,CS,shareera,24,13,16,62,66,44,51,17,25,6,0,0,0,0,0
SN,CS,shareera,25,13,15,64,66,43,51,17,24,7,0,0,0,0,0
SN,CS,shareera,26,14,15,63,66,43,50,17,25,7,0,0,0,0,0
SN,CS,shareera,27,15,15,62,67,42,51,17,23,8,0,0,0,0,0
SN,CS,shareera,28,14,15,62,67,42,52,18,22,8,0,0,0,0,0
SN,CS,shareera,29,16,16,60,67,41,53,18,20,9,0,0,0,0,0
SN,CS,shareera,30,16,17,59,67,40,51,19,21,10,0,0,0,0,0
SN,CS,shareera,31,15,18,60,67,40,50,20,20,10,0,0,0,0,0
SN,CS,shareera,32,14,19,61,67,40,49,21,19,10,0,0,0,0,0
SN,CS,shareera,33,14,19,61,67,40,49,21,19,10,0,0,0,0,0
SN,CS,shareera,34,14,21,59,67,41,50,20,19,9,0,0,0,0,0
SN,CS,shareera,35,15,21,58,67,41,49,21,19,9,0,0,0,0,0
SN,CS,shareera,36,16,21,56,67,41,50,21,19,9,0,0,0,0,0
SN,CS,shareera,37,17,22,56,65,41,51,20,19,9,0,0,0,0,0
SN,CS,shareera,38,17,22,54,65,42,51,21,20,8,0,0,0,0,0
SN,CS,shareera,39,17,23,52,65,42,52,20,21,8,0,0,0,0,0
SN,CS,shareera,40,16,23,53,65,42,50,21,22,8,0,0,0,0,0
SN,CS,shareera,41,16,23,54,64,42,52,21,20,8,0,0,0,0,0
SN,CS,shareera,42,16,22,56,65,42,50,21,20,8,0,0,0,0,0
SN,CS,shareera,43,17,22,57,66,42,49,20,19,8,0,0,0,0,0
SN,CS,shareera,44,17,22,59,66,42,48,19,19,8,0,0,0,0,0
SN,CS,shareera,45,17,22,59,65,42,49,19,19,8,0,0,0,0,0
SN,CS,shareera,46,17,22,59,65,42,49,19,19,8,0,0,0,0,0
SN,CS,shareera,47,17,23,59,65,42,46,20,20,8,0,0,0,0,0
SN,CS,shareera,48,16,23,59,66,43,45,20,21,7,0,0,0,0,0
SN,CS,shareera,49,15,23,60,66,43,43,21,22,7,0,0,0,0,0
SN,CS,shareera,50,14,24,60,66,43,42,22,22,7,0,0,0,0,0
SN,CS,shareera,51,15,24,60,67,43,40,22,22,7,0,0,0,0,0
SN,CS,shareera,52,16,23,60,67,43,40,22,22,7,0,0,0,0,0
SN,CS,shareera,53,15,24,59,67,43,40,23,22,7,0,0,0,0,0
SN,CS,shareera,54,15,23,59,68,43,41,23,21,7,0,0,0,0,0
SN,CS,shareera,55,15,23,59,67,43,43,23,20,7,0,0,0,0,0
SN,CS,shareera,56,15,23,61,65,43,43,23,20,7,0,0,0,0,0
SN,CS,shareera,57,15,23,59,65,43,43,24,21,7,0,0,0,0,0
SN,CS,shareera,58,15,23,60,64,43,42,25,21,7,0,0,0,0,0
SN,CS,shareera,59,15,24,59,64,43,41,24,23,7,0,0,0,0,0
SN,CS,shareera,60,15,24,59,63,43,41,26,22,7,0,0,0,0,0
SN,CS,shareera,61,15,25,58,62,42,42,26,22,8,0,0,0,0,0
SN,CS,shareera,62,15,25,59,62,42,41,25,23,8,0,0,0,0,0
SN,CS,shareera,63,15,26,60,61,41,40,25,23,9,0,0,0,0,0
SN,CS,shareera,64,15,27,59,61,41,40,25,23,9,0,0,0,0,0
SN,CS,shareera,65,15,27,57,61,41,43,24,23,9,0,0,0,0,0
SN,CS,shareera,66,14,28,55,61,41,43,25,24,9,0,0,0,0,0
SN,CS,shareera,67,14,28,53,61,41,42,27,25,9,0,0,0,0,0
SN,CS,shareera,68,15,28,54,62,40,42,26,23,10,0,0,0,0,0
SN,CS,shareera,69,15,27,56,62,40,42,25,23,10,0,0,0,0,0
SN,CS,shareera,70,15,27,57,62,40,41,25,23,10,0,0,0,0,0
SN,CS,shareera,71,15,27,59,62,40,39,25,23,10,0,0,0,0,0
SN,CS,shareera,72,15,28,57,62,40,40,25,23,10,0,0,0,0,0
SN,CS,shareera,73,15,29,57,61,40,38,26,24,10,0,0,0,0,0
SN,CS,shareera,74,15,29,57,61,40,38,26,24,10,0,0,0,0,0
SN,CS,shareera,75,15,29,55,61,40,37,27,26,10,0,0,0,0,0
SN,CS,shareera,76,14,29,55,61,39,38,27,26,11,0,0,0,0,0
SN,CS,shareera,77,13,29,54,60,40,38,28,28,10,0,0,0,0,0
SN,CS,shareera,78,13,30,55,60,40,38,27,27,10,0,0,0,0,0
SN,CS,shareera,79,12,29,57,60,41,37,27,28,9,0,0,0,0,0
SN,CS,shareera,80,13,28,58,59,42,39,26,27,8,0,0,0,0,0
SN,CS,shareera,81,13,28,59,59,42,39,25,27,8,0,0,0,0,0
SN,CS,shareera,82,14,28,59,58,42,40,24,27,8,0,0,0,0,0
SN,CS,shareera,83,14,27,60,57,42,39,26,27,8,0,0,0,0,0
SN,CS,shareera,84,14,25,63,57,42,38,26,27,8,0,0,0,0,0
SN,CS,shareera,85,13,23,65,59,42,38,25,27,8,0,0,0,0,0
SN,CS,shareera,86,13,23,65,59,42,38,24,28,8,0,0,0,0,0
SN,CS,shareera,87,12,22,65,59,42,37,26,29,8,0,0,0,0,0
SN,CS,shareera,88,12,22,67,60,42,37,25,27,8,0,0,0,0,0
SN,CS,shareera,89,12,22,67,60,42,37,26,26,8,0,0,0,0,0
SN,CS,shareera,90,12,21,67,60,42,37,26,27,8,0,0,0,0,0
SN,CS,shareera,91,12,21,66,60,42,36,26,29,8,0,0,0,0,0
SN,CS,shareera,92,11,21,66,59,42,37,26,30,8,0,0,0,0,0
SN,CS,shareera,93,11,20,66,58,42,37,27,31,8,0,0,0,0,0
SN,CS,shareera,94,11,20,65,58,42,36,28,32,8,0,0,0,0,0
SN,CS,shareera,95,11,20,64,58,42,37,28,32,8,0,0,0,0,0
SN,CS,shareera,96,11,21,63,58,43,36,28,33,7,0,0,0,0,0
SN,CS,shareera,97,11,20,63,58,43,38,27,33,7,0,0,0,0,0
SN,CS,shareera,98,12,20,61,58,43,39,27,33,7,0,0,0,0,0
SN,CS,shareera,99,12,20,61,58,44,40,27,32,6,0,0,0,0,0
SN,CS,shareera,100,12,19,60,58,44,42,26,33,6,0,0,0,0,0
SN,CS,shareera,101,12,19,58,59,44,42,26,34,6,0,0,0,0,0
SN,CS,shareera,102,12,19,60,58,43,40,26,35,6,0,0,0,0,0
SN,CS,shareera,103,12,18,62,58,43,39,26,35,6,0,0,0,0,0
SN,CS,shareera,104,12,19,61,57,43,39,26,36,6,0,0,0,0,0
SN,CS,shareera,105,12,20,61,57,42,38,25,37,7,0,0,0,0,0
SN,CS,shareera,106,12,20,61,57,42,38,25,37,7,0,0,0,0,0
SN,CS,shareera,107,12,20,62,57,42,39,24,36,7,0,0,0,0,0
SN,CS,shareera,108,12,20,60,58,42,39,24,37,7,0,0,0,0,0
SN,CS,shareera,109,11,19,62,58,42,39,26,35,7,0,0,0,0,0
SN,CS,shareera,110,11,20,61,58,43,39,24,37,6,0,0,0,0,0
SN,CS,shareera,111,11,20,61,58,44,38,25,37,5,0,0,0,0,0
SN,CS,shareera,112,11,20,60,58,44,39,25,37,5,0,0,0,0,0
SN,CS,shareera,113,12,19,60,59,45,39,25,36,4,0,0,0,0,0
SN,CS,shareera,114,12,18,61,59,45,39,25,36,4,0,0,0,0,0
SN,CS,shareera,115,12,18,64,59,45,37,25,35,4,0,0,0,0,0
SN,CS,shareera,116,12,16,66,60,45,37,24,35,4,0,0,0,0,0
SN,CS,shareera,117,12,18,65,60,45,38,23,34,4,0,0,0,0,0
SN,CS,shareera,118,11,18,64,59,46,38,24,36,3,0,0,0,0,0
SN,CS,shareera,119,11,18,63,60,46,38,24,36,3,0,0,0,0,0
SN,CS,shareera,120,11,18,62,60,45,38,25,36,4,0,0,0,0,0
SN,CS,shareera,121,12,18,61,60,45,39,25,35,4,0,0,0,0,0
SN,CS,shareera,122,13,18,61,60,45,37,25,36,4,0,0,0,0,0
SN,CS,shareera,123,13,18,60,61,45,37,24,37,4,0,0,0,0,0
SN,CS,shareera,124,13,18,59,62,45,36,24,38,4,0,0,0,0,0
SN,CS,shareera,125,13,18,60,62,46,36,24,37,3,0,0,0,0,0
SN,CS,shareera,126,13,18,60,63,47,36,24,36,2,0,0,0,0,0
SN,CS,shareera,127,14,21,60,63,47,35,23,34,2,0,0,0,0,0
SN,CS,shareera,128,14,19,62,63,47,34,24,34,2,0,0,0,0,0
SN,CS,shareera,129,13,20,60,64,47,34,25,34,2,0,0,0,0,0
SN,CS,shareera,130,12,20,61,64,47,34,25,34,2,0,0,0,0,0
SN,CS,shareera,131,12,20,59,64,47,35,26,34,2,0,0,0,0,0
SN,CS,shareera,132,11,19,59,64,47,36,26,35,2,0,0,0,0,0
SN,CS,shareera,133,12,19,59,64,47,37,25,34,2,0,0,0,0,0
SN,CS,shareera,134,12,19,56,65,46,37,26,35,3,0,0,0,0,0
SN,CS,shareera,135,12,19,56,63,46,38,27,35,3,0,0,0,0,0
SN,CS,shareera,136,11,19,56,63,46,39,27,35,3,0,0,0,0,0
SN,CS,shareera,137,11,20,56,63,46,41,25,34,3,0,0,0,0,0
SN,CS,shareera,138,11,21,55,62,46,40,27,34,3,0,0,0,0,0
SN,CS,shareera,139,11,21,55,62,46,41,26,34,3,0,0,0,0,0
SN,CS,shareera,140,11,21,55,62,46,43,25,33,3,0,0,0,0,0
SN,CS,shareera,141,11,22,56,62,46,43,25,31,3,0,0,0,0,0
SN,CS,shareera,142,11,22,57,62,46,42,25,31,3,0,0,0,0,0
SN,CS,shareera,143,10,23,58,62,46,43,24,30,3,0,0,0,0,0
SN,CS,shareera,144,10,23,58,62,46,44,24,29,3,0,0,0,0,0
SN,CS,shareera,145,10,24,59,62,46,43,23,29,3,0,0,0,0,0
SN,CS,shareera,146,10,23,60,62,46,43,24,28,3,0,0,0,0,0
SN,CS,shareera,147,10,23,60,62,45,42,24,29,4,0,0,0,0,0
SN,CS,shareera,148,9,23,61,61,45,41,26,29,4,0,0,0,0,0
SN,CS,shareera,149,10,23,60,62,45,40,26,29,4,0,0,0,0,0
SN,CS,shareera,150,11,23,61,62,45,39,26,28,4,0,0,0,0,0
SN,CS,shareera,151,10,23,63,60,45,41,26,27,4,0,0,0,0,0
SN,CS,shareera,152,9,22,62,62,46,42,27,26,4,0,0,0,0,0
SN,CS,shareera,153,9,23,61,62,46,42,26,27,4,0,0,0,0,0
SN,CS,shareera,154,10,22,62,64,46,41,25,26,4,0,0,0,0,0
SN,CS,shareera,155,10,21,62,64,47,43,25,25,3,0,0,0,0,0
SN,CS,shareera,156,10,21,60,64,47,46,24,25,3,0,0,0,0,0
SN,CS,shareera,157,10,21,59,64,47,46,25,25,3,0,0,0,0,0
SN,CS,shareera,158,10,22,60,63,47,45,25,25,3,0,0,0,0,0
SN,CS,shareera,159,10,23,59,63,47,46,24,25,3,0,0,0,0,0
SN,CS,shareera,160,10,22,61,63,47,47,24,23,3,0,0,0,0,0
SN,CS,shareera,161,10,21,60,63,47,49,23,24,3,0,0,0,0,0
SN,CS,shareera,162,10,21,60,64,47,48,24,23,3,0,0,0,0,0
SN,CS,shareera,163,9,21,62,63,46,48,24,23,4,0,0,0,0,0
SN,CS,shareera,164,10,21,59,63,46,48,24,25,4,0,0,0,0,0
SN,CS,shareera,165,10,22,57,63,46,47,24,27,4,0,0,0,0,0
SN,CS,shareera,166,10,23,55,62,46,47,25,28,4,0,0,0,0,0
SN,CS,shareera,167,10,22,56,62,46,46,24,30,4,0,0,0,0,0
SN,CS,shareera,168,10,22,58,62,46,47,23,28,4,0,0,0,0,0
SN,CS,shareera,169,9,23,58,62,46,46,23,29,4,0,0,0,0,0
SN,CS,shareera,170,9,23,58,61,47,48,22,29,3,0,0,0,0,0
SN,CS,shareera,171,8,22,58,61,47,50,22,29,3,0,0,0,0,0
SN,CS,shareera,172,7,21,59,61,47,53,21,28,3,0,0,0,0,0
SN,CS,shareera,173,8,21,60,60,47,54,21,26,3,0,0,0,0,0
SN,CS,shareera,174,8,21,61,59,47,55,21,25,3,0,0,0,0,0
SN,CS,shareera,175,8,21,62,59,47,56,20,24,3,0,0,0,0,0
SN,CS,shareera,176,8,20,64,59,47,55,20,24,3,0,0,0,0,0
SN,CS,shareera,177,7,18,64,60,47,56,20,25,3,0,0,0,0,0
SN,CS,shareera,178,8,18,61,60,47,56,20,27,3,0,0,0,0,0
SN,CS,shareera,179,8,17,63,59,47,57,19,27,3,0,0,0,0,0
SN,CS,shareera,180,8,18,62,59,47,57,19,27,3,0,0,0,0,0
SN,CS,shareera,181,8,17,62,59,47,56,19,29,3,0,0,0,0,0
SN,CS,shareera,182,8,17,61,59,47,54,21,30,3,0,0,0,0,0
SN,CS,shareera,183,7,19,60,59,47,54,20,31,3,0,0,0,0,0
SN,CS,shareera,184,7,20,60,59,47,53,19,32,3,0,0,0,0,0
SN,CS,shareera,185,7,20,59,59,47,53,18,34,3,0,0,0,0,0
SN,CS,shareera,186,8,20,58,59,47,52,19,34,3,0,0,0,0,0
SN,CS,shareera,187,8,19,59,59,47,50,20,35,3,0,0,0,0,0
SN,CS,shareera,188,8,20,59,59,46,51,18,35,4,0,0,0,0,0
SN,CS,shareera,189,8,19,60,60,46,50,18,35,4,0,0,0,0,0
SN,CS,shareera,190,8,19,60,60,46,48,19,36,4,0,0,0,0,0
SN,CS,shareera,191,8,18,59,60,46,49,19,37,4,0,0,0,0,0
SN,CS,shareera,192,8,18,57,60,46,50,19,38,4,0,0,0,0,0
SN,CS,shareera,193,8,18,56,60,46,51,19,38,4,0,0,0,0,0
SN,CS,shareera,194,8,18,55,60,46,52,19,38,4,0,0,0,0,0
SN,CS,shareera,195,8,17,55,60,46,53,19,38,4,0,0,0,0,0
SN,CS,shareera,196,8,18,54,60,46,54,18,38,4,0,0,0,0,0
SN,CS,shareera,197,8,19,54,60,47,54,19,36,3,0,0,0,0,0
SN,CS,shareera,198,8,19,54,60,47,54,19,36,3,0,0,0,0,0
SN,CS,shareera,199,8,19,55,60,47,54,18,36,3,0,0,0,0,0
SN,CS,shareera,200,7,19,55,60,47,54,19,36,3,0,0,0,0,0
SN,CS,shareera,201,7,19,56,60,47,53,19,36,3,0,0,0,0,0
SN,CS,shareera,202,7,20,55,59,47,54,18,37,3,0,0,0,0,0
SN,CS,shareera,203,7,19,54,61,47,54,19,36,3,0,0,0,0,0
SN,CS,shareera,204,7,19,54,59,47,55,19,37,3,0,0,0,0,0
SN,CS,shareera,205,7,19,55,60,47,53,19,37,3,0,0,0,0,0
SN,CS,shareera,206,7,19,56,60,47,52,19,37,3,0,0,0,0,0
SN,CS,shareera,207,7,20,55,60,47,51,19,38,3,0,0,0,0,0
SN,CS,shareera,208,7,20,54,60,47,52,19,38,3,0,0,0,0,0
SN,CS,shareera,209,7,19,54,60,47,52,19,39,3,0,0,0,0,0
SN,CS,shareera,210,8,18,53,60,47,52,19,40,3,0,0,0,0,0
SN,CS,shareera,211,8,18,54,61,47,50,20,39,3,0,0,0,0,0
SN,CS,shareera,212,8,19,54,60,47,50,19,40,3,0,0,0,0,0
SN,CS,shareera,213,8,19,52,60,48,51,20,40,2,0,0,0,0,0
SN,CS,shareera,214,7,19,53,60,47,51,21,39,3,0,0,0,0,0
SN,CS,shareera,215,7,19,53,60,47,51,23,37,3,0,0,0,0,0
SN,CS,shareera,216,7,19,54,60,47,52,22,36,3,0,0,0,0,0
SN,CS,shareera,217,7,18,54,61,47,52,23,35,3,0,0,0,0,0
SN,CS,shareera,218,7,19,52,62,47,52,23,35,3,0,0,0,0,0
SN,CS,shareera,219,7,18,53,61,47,54,23,34,3,0,0,0,0,0
SN,CS,shareera,220,7,18,53,61,47,54,23,34,3,0,0,0,0,0
SN,CS,shareera,221,9,18,52,61,47,52,24,34,3,0,0,0,0,0
SN,CS,shareera,222,9,19,53,61,47,50,24,34,3,0,0,0,0,0
SN,CS,shareera,223,8,18,55,61,47,49,24,35,3,0,0,0,0,0
SN,CS,shareera,224,7,19,55,61,47,48,25,35,3,0,0,0,0,0
SN,CS,shareera,225,7,19,53,61,47,47,27,36,3,0,0,0,0,0
SN,CS,shareera,226,8,19,52,62,47,46,27,36,3,0,0,0,0,0
SN,CS,shareera,227,9,18,53,61,47,46,28,35,3,0,0,0,0,0
SN,CS,shareera,228,8,18,55,61,47,48,27,33,3,0,0,0,0,0
SN,CS,shareera,229,8,19,54,61,47,49,27,32,3,0,0,0,0,0
SN,CS,shareera,230,8,18,54,62,47,47,28,33,3,0,0,0,0,0
SN,CS,shareera,231,9,18,55,62,47,47,28,31,3,0,0,0,0,0
SN,CS,shareera,232,9,19,55,62,47,48,26,31,3,0,0,0,0,0
SN,CS,shareera,233,9,18,55,63,47,48,26,31,3,0,0,0,0,0
SN,CS,shareera,234,10,17,55,64,48,49,26,29,2,0,0,0,0,0
SN,CS,shareera,235,11,17,54,65,48,49,27,27,2,0,0,0,0,0
SN,CS,shareera,236,10,17,55,65,48,50,26,27,2,0,0,0,0,0
SN,CS,shareera,237,10,18,53,65,48,50,27,27,2,0,0,0,0,0
SN,CS,shareera,238,10,16,52,65,49,50,28,29,1,0,0,0,0,0
SN,CS,shareera,239,10,16,51,64,49,49,29,31,1,0,0,0,0,0
SN,CS,shareera,240,10,17,50,65,49,50,29,29,1,0,0,0,0,0
SN,CS,shareera,241,10,18,50,65,49,49,29,29,1,0,0,0,0,0
SN,CS,shareera,242,10,19,49,65,49,50,29,28,1,0,0,0,0,0
SN,CS,shareera,243,10,18,50,65,49,48,29,30,1,0,0,0,0,0
SN,CS,shareera,244,10,18,50,65,49,47,28,32,1,0,0,0,0,0
SN,CS,shareera,245,10,19,48,66,49,45,28,34,1,0,0,0,0,0
SN,CS,shareera,246,10,19,49,66,49,44,27,35,1,0,0,0,0,0
SN,CS,shareera,247,10,18,49,67,49,44,26,36,1,0,0,0,0,0
SN,CS,shareera,248,11,19,49,67,49,44,24,36,1,0,0,0,0,0
SN,CS,shareera,249,12,19,48,66,49,44,25,36,1,0,0,0,0,0
SN,CS,shareera,250,12,19,47,66,49,44,26,36,1,0,0,0,0,0
SN,CS,shareera,251,12,19,46,66,49,44,26,37,1,0,0,0,0,0
SN,CS,shareera,252,12,18,48,66,48,43,27,36,2,0,0,0,0,0
SN,CS,shareera,253,12,19,47,65,48,44,27,36,2,0,0,0,0,0
SN,CS,shareera,254,11,19,48,65,48,44,27,36,2,0,0,0,0,0
SN,CS,shareera,255,12,19,47,64,48,44,27,37,2,0,0,0,0,0
SN,CS,shareera,256,12,19,46,64,48,42,28,39,2,0,0,0,0,0
SN,CS,shareera,257,12,19,47,64,48,42,27,39,2,0,0,0,0,0
SN,CS,shareera,258,12,18,49,65,48,41,26,39,2,0,0,0,0,0
SN,CS,shareera,259,12,18,49,65,48,42,25,39,2,0,0,0,0,0
SN,CS,shareera,260,13,19,50,65,47,43,26,39,2,0,1,0,0,0
SN,CS,shareera,261,13,20,52,63,46,42,26,39,2,0,1,1,1,0
SN,CS,shareera,262,13,19,53,63,46,41,28,38,2,0,1,1,1,0
SN,CS,shareera,263,13,20,55,62,45,40,27,38,2,0,1,1,1,0
SN,CS,shareera,264,14,21,54,61,45,39,27,37,1,1,1,1,1,0
SN,CS,shareera,265,15,20,53,62,44,41,25,39,2,1,1,1,1,0
SN,CS,shareera,266,16,19,53,62,44,42,25,40,2,1,1,1,1,0
SN,CS,shareera,267,17,19,53,61,43,44,24,41,3,1,1,1,1,0
SN,CS,shareera,268,18,18,53,60,42,45,24,43,4,1,1,1,1,0
SN,CS,shareera,269,19,18,51,60,42,46,24,45,4,1,1,1,1,0
SN,CS,shareera,270,20,18,50,60,42,47,24,46,4,1,1,1,1,0
SN,CS,shareera,271,19,18,51,60,42,48,23,48,4,1,1,1,1,0
SN,CS,shareera,272,20,17,49,60,42,50,23,50,4,1,1,1,1,0
SN,CS,shareera,273,21,17,47,60,42,52,23,51,4,1,1,1,1,0
SN,CS,shareera,274,22,16,46,61,41,55,22,51,5,1,1,1,1,0
SN,CS,shareera,275,23,16,46,62,41,57,20,51,5,1,1,1,1,0
SN,CS,shareera,276,22,16,45,60,41,58,21,54,5,1,1,1,2,0
SN,CS,shareera,277,22,16,45,61,41,59,20,55,5,1,1,1,2,0
SN,CS,shareera,278,23,16,44,61,40,59,20,57,6,1,1,1,2,0
SN,CS,shareera,279,24,15,44,61,40,59,20,59,6,1,1,1,2,0
SN,CS,shareera,280,25,15,44,60,40,61,19,60,6,1,1,1,2,0
SN,CS,shareera,281,25,15,43,60,40,62,18,63,6,1,1,1,2,0
SN,CS,shareera,282,26,14,43,60,39,64,18,63,7,1,1,1,2,0
SN,CS,shareera,283,27,13,44,59,38,65,18,64,8,1,1,1,2,0
SN,CS,shareera,284,27,13,44,57,37,66,18,67,9,1,1,1,2,0
SN,CS,shareera,285,27,13,45,56,37,67,17,69,9,1,1,1,2,0
SN,CS,shareera,286,28,13,44,56,37,67,17,71,9,1,1,1,2,0
SN,CS,shareera,287,29,12,45,57,37,69,15,71,9,1,1,1,2,0
SN,CS,shareera,288,30,12,46,57,37,70,14,71,9,1,1,1,2,0
SN,CS,shareera,289,31,12,46,57,37,72,13,71,9,1,1,1,2,0
SN,CS,shareera,290,32,11,47,56,37,73,12,73,9,1,1,1,2,0
SN,CS,shareera,291,33,10,47,56,37,74,12,74,9,1,1,1,2,0
SN,CS,shareera,292,34,9,47,56,37,75,12,75,9,1,1,1,2,0
SN,CS,shareera,293,35,9,46,56,37,77,12,75,9,1,1,1,2,0
SN,CS,shareera,294,36,9,46,56,37,78,12,75,9,1,1,1,2,0
SN,CS,shareera,295,37,8,47,55,37,80,12,75,9,1,1,1,2,0
SN,CS,shareera,296,38,7,45,55,37,82,12,77,9,1,1,1,2,0
SN,CS,shareera,297,39,7,44,54,36,84,12,78,10,1,1,1,2,0
SN,CS,shareera,298,39,6,44,54,35,86,12,79,11,1,1,1,2,0
SN,CS,shareera,299,38,6,45,54,34,88,11,80,12,1,1,1,2,0
SN,CS,shareera,300,39,6,45,54,34,89,9,82,12,1,1,1,2,0
SN,CS,shareera,301,40,6,43,54,34,91,9,83,12,1,1,1,2,0
SN,CS,shareera,302,41,6,42,54,35,92,8,85,11,1,1,1,2,0
SN,CS,shareera,303,42,5,43,53,35,93,7,87,11,1,1,1,2,0
SN,CS,shareera,304,43,5,41,53,35,94,7,89,11,1,1,1,2,0
SN,CS,shareera,305,43,5,41,53,34,95,7,90,12,1,1,1,2,0
SN,CS,shareera,306,44,5,41,53,34,97,6,90,12,1,1,1,2,0
SN,CS,shareera,307,45,4,41,53,34,98,6,91,12,1,1,1,2,0
SN,CS,shareera,308,46,4,40,52,34,100,6,92,12,1,1,1,2,0
SN,CS,shareera,309,47,4,40,52,34,100,6,93,12,1,1,1,2,0
SN,CS,shareera,310,46,3,39,52,35,100,5,94,12,1,0,1,2,0
SN,CS,shareera,311,47,2,36,53,35,103,4,96,13,1,0,0,1,0
SN,CS,shareera,312,48,2,34,53,35,106,2,98,13,1,0,0,1,0
SN,CS,shareera,313,50,1,31,54,35,107,2,100,14,1,0,0,1,0
SN,CS,shareera,314,50,0,32,55,36,109,1,102,14,0,0,0,1,0
SN,CS,shareera,315,50,0,33,54,37,109,1,102,13,0,0,0,1,0
SN,CS,shareera,316,50,0,32,54,36,110,1,102,14,0,0,0,1,0
SN,CS,shareera,317,50,0,32,54,37,110,1,102,13,0,0,0,1,0
SN,CS,shareera,318,50,0,32,54,37,110,1,102,13,0,0,0,1,0
SN,CS,shareera,319,50,0,32,54,36,109,1,103,14,0,0,0,1,0
SN,CS,shareera,320,50,0,32,55,36,109,1,102,14,0,0,0,1,0
SN,CS,shareera,321,50,0,31,55,36,109,1,103,14,0,0,0,1,0
SN,CS,shareera,322,50,0,32,55,36,108,1,103,14,0,0,0,1,0
SN,CS,shareera,323,51,0,31,56,36,108,1,102,14,0,0,0,1,0
SN,CS,shareera,324,52,0,31,56,36,107,1,102,14,0,0,0,1,0
SN,CS,shareera,325,52,0,30,56,36,108,1,102,14,0,0,0,1,0
SN,CS,shareera,326,53,0,30,56,35,109,0,102,15,0,0,0,0,0
SN,CS,shareera,327,54,0,29,55,35,109,0,103,15,0,0,0,0,0
SN,CS,shareera,328,54,0,29,55,35,109,0,103,15,0,0,0,0,0
SN,CS,shareera,329,54,0,28,55,35,110,0,103,15,0,0,0,0,0
SN,CS,shareera,330,54,0,27,56,34,111,0,102,16,0,0,0,0,0
SN,CS,shareera,331,54,0,28,56,34,111,0,101,16,0,0,0,0,0
SN,CS,shareera,332,54,0,28,57,35,110,0,101,15,0,0,0,0,0
SN,CS,shareera,333,54,0,28,58,36,110,0,100,14,0,0,0,0,0
SN,CS,shareera,334,54,0,28,59,37,110,0,99,13,0,0,0,0,0
SN,CS,shareera,335,54,0,28,60,37,110,0,98,13,0,0,0,0,0
SN,CS,shareera,336,54,0,28,61,36,110,0,97,14,0,0,0,0,0
SN,CS,shareera,337,54,0,28,60,36,110,0,98,14,0,0,0,0,0
SN,CS,shareera,338,54,0,27,61,36,110,0,98,14,0,0,0,0,0
SN,CS,shareera,339,54,0,27,61,36,110,0,98,14,0,0,0,0,0
SN,CS,shareera,340,54,0,27,61,36,110,0,98,14,0,0,0,0,0
SN,CS,shareera,341,54,0,26,61,35,110,0,99,15,0,0,0,0,0
SN,CS,shareera,342,54,0,26,62,35,109,0,99,15,0,0,0,0,0
SN,CS,shareera,343,54,0,26,62,35,109,0,99,15,0,0,0,0,0
SN,CS,shareera,344,54,0,25,63,34,109,0,99,16,0,0,0,0,0
SN,CS,shareera,345,54,0,25,63,34,109,0,99,16,0,0,0,0,0
SN,CS,shareera,346,54,0,26,64,34,109,0,97,16,0,0,0,0,0
SN,CS,shareera,347,54,0,27,64,35,108,0,97,15,0,0,0,0,0
SN,CS,shareera,348,54,0,26,65,35,108,0,97,15,0,0,0,0,0
SN,CS,shareera,349,54,0,25,65,36,108,0,98,14,0,0,0,0,0
SN,CS,shareera,350,54,0,25,66,35,108,0,97,15,0,0,0,0,0
SN,CS,shareera,351,54,0,25,67,35,107,0,97,15,0,0,0,0,0
SN,CS,shareera,352,54,0,25,67,35,107,0,97,15,0,0,0,0,0
SN,CS,shareera,353,54,0,25,68,35,107,0,96,15,0,0,0,0,0
SN,CS,shareera,354,54,0,26,68,35,107,0,95,15,0,0,0,0,0
SN,CS,shareera,355,53,0,26,67,36,105,0,93,14,0,0,0,0,0
SN,CS,shareera,356,53,0,26,68,36,105,0,92,14,0,0,0,0,0
SN,CS,shareera,357,53,0,26,69,36,105,0,91,14,0,0,0,0,0
SN,CS,shareera,358,53,1,30,68,36,103,2,92,14,0,0,0,0,0
SN,CS,shareera,359,52,2,33,67,35,102,2,90,14,0,0,0,0,0
SN,CS,shareera,360,52,3,32,66,34,100,3,88,14,1,0,0,0,0
SN,CS,shareera,361,54,11,41,79,34,111,12,95,13,1,0,0,4,0
SN,CS,shareera,362,57,12,44,78,33,112,15,96,13,1,0,0,5,0
SN,CS,shareera,363,57,21,49,78,33,115,17,99,12,1,0,0,8,0
SN,CS,shareera,364,56,22,48,77,32,113,17,98,12,1,0,0,9,0
SN,CS,shareera,365,55,25,50,76,31,111,20,97,12,1,0,0,9,0
SN,CS,shareera,366,56,25,51,77,32,109,23,96,11,1,0,0,9,0
SN,CS,shareera,367,56,25,50,76,32,108,23,94,11,1,0,0,9,0
SN,CS,shareera,368,58,30,53,77,32,109,26,93,10,2,0,0,16,0
SN,CS,shareera,369,57,30,54,77,32,107,26,90,9,3,0,0,16,0
SN,CS,shareera,370,57,34,56,77,32,108,26,90,9,3,0,0,18,0
SN,CS,shareera,371,56,34,57,76,31,106,26,87,9,4,0,0,19,0
SN,CS,shareera,372,59,43,63,82,30,111,29,89,9,4,0,0,24,0
SN,CS,shareera,373,60,44,66,81,29,111,34,90,9,4,0,0,27,0
SN,CS,shareera,374,58,47,69,80,29,111,38,91,8,5,0,0,28,0
SN,CS,shareera,375,59,49,71,78,29,109,38,92,8,5,0,0,28,0
SN,CS,shareera,376,58,49,72,77,30,108,38,89,7,5,0,0,28,0
SN,CS,shareera,377,56,49,73,78,29,107,39,88,7,6,0,0,28,0
SN,CS,shareera,378,60,54,79,81,29,114,40,92,7,6,0,0,30,0
SN,CS,shareera,379,59,54,80,80,29,111,41,90,7,6,0,0,30,0
SN,CS,shareera,380,58,54,81,80,29,108,42,90,6,7,0,0,31,0
SN,CS,shareera,381,60,56,83,83,28,110,43,91,6,7,0,0,32,0
SN,CS,shareera,382,59,56,84,81,28,109,43,89,6,7,0,0,32,0
SN,CS,shareera,383,58,59,86,80,27,109,47,91,7,7,0,0,37,0
SN,CS,shareera,384,57,60,89,80,27,111,47,90,7,7,0,0,39,0
SN,CS,shareera,385,59,73,99,84,27,116,54,95,7,7,0,0,43,0
SN,CS,shareera,386,60,77,106,86,27,122,57,101,6,7,0,1,48,0
SN,CS,shareera,387,61,82,107,87,26,121,62,101,6,7,0,1,50,0
SN,CS,shareera,388,61,82,108,89,25,121,63,100,6,7,0,2,50,0
SN,CS,shareera,389,61,84,110,88,24,120,66,99,6,8,0,2,52,0
SN,CS,shareera,390,60,85,110,87,24,118,67,97,6,8,0,2,52,0
SN,CS,shareera,391,59,86,111,87,24,118,67,96,5,8,0,2,52,0
SN,CS,shareera,392,62,89,117,89,23,123,69,103,5,8,0,2,52,1
SN,CS,shareera,393,61,89,117,88,23,122,69,101,5,8,0,2,52,1
SN,CS,shareera,394,60,90,120,88,23,122,69,100,4,8,0,2,53,1
SN,CS,shareera,395,62,90,124,89,22,123,69,102,4,8,0,2,56,2
SN,CS,shareera,396,61,93,125,89,21,123,73,104,4,8,0,2,57,3
SN,CS,shareera,397,62,94,125,89,20,122,75,102,4,8,0,2,57,3
SN,CS,shareera,398,63,96,128,93,20,129,76,102,3,8,0,2,57,3
SN,CS,shareera,399,62,96,129,92,20,127,77,99,3,8,0,2,57,3
SN,CS,shareera,400,61,98,130,91,20,126,77,98,2,8,0,2,58,3
SN,CS,shareera,401,63,101,131,90,19,128,79,99,2,8,0,3,60,3
SN,CS,shareera,402,64,103,136,92,18,129,81,99,2,8,0,3,62,4
SN,CS,shareera,403,67,112,139,91,17,134,83,107,2,8,0,3,65,4
SN,CS,shareera,404,66,114,142,91,16,137,83,108,2,8,1,3,67,4
SN,CS,shareera,405,67,117,144,93,15,139,84,109,2,8,1,3,68,4
SN,CS,shareera,406,69,122,154,93,15,146,86,112,2,8,1,3,68,4
SN,CS,shareera,407,69,125,156,92,14,145,86,112,2,8,1,3,70,5
SN,CS,shareera,408,73,131,159,97,13,149,86,113,2,8,1,3,72,5
SN,CS,shareera,409,81,140,160,102,13,156,92,120,2,9,1,3,75,5
SN,CS,shareera,410,82,142,162,104,13,158,93,121,2,8,1,3,77,6
SN,CS,shareera,411,80,137,160,93,13,149,88,113,2,8,1,3,73,6
SN,CS,shareera,412,77,140,162,93,13,148,87,112,2,8,1,3,72,6
SN,CS,shareera,413,78,133,158,94,13,146,88,114,2,9,1,3,70,6
SN,CS,shareera,414,78,134,161,95,13,146,88,117,2,9,1,3,69,6
SN,CS,shareera,415,79,133,161,96,14,149,86,123,2,9,1,3,71,6
SN,CS,shareera,416,77,135,162,95,13,148,84,127,2,10,1,3,74,6
SN,CS,shareera,417,80,139,172,102,12,157,87,134,2,11,1,3,76,6
SN,CS,shareera,418,81,140,172,101,12,161,88,136,3,10,1,3,73,6
SN,CS,shareera,419,81,143,175,102,12,163,88,138,3,9,1,3,74,6
SN,CS,shareera,420,82,141,176,102,11,161,89,139,4,9,1,3,72,6
SN,CS,shareera,421,83,142,176,103,11,163,89,140,4,8,1,3,71,6
SN,CS,shareera,422,79,134,170,97,12,158,86,136,4,8,1,3,66,6
SN,CS,shareera,423,76,134,168,97,13,156,82,135,4,8,1,3,63,6
SN,CS,shareera,424,76,131,165,97,14,157,78,134,4,7,1,3,62,6
SN,CS,shareera,425,75,129,164,98,14,157,79,132,4,7,1,3,62,6
SN,CS,shareera,426,75,130,165,99,14,157,79,132,4,7,1,3,62,6
SN,CS,shareera,427,75,131,166,98,15,156,79,131,4,6,1,3,62,6
SN,CS,shareera,428,70,127,159,94,15,147,80,127,3,6,1,4,60,6
SN,CS,shareera,429,70,128,159,95,15,147,80,128,3,6,1,4,60,6
SN,CS,shareera,430,70,129,158,94,16,148,81,127,3,5,1,4,59,6
SN,CS,shareera,431,67,127,158,91,17,145,80,124,3,5,1,4,58,6
SN,CS,shareera,432,67,128,159,92,17,145,80,124,3,5,1,4,58,6
SN,CS,shareera,433,67,125,158,92,17,143,77,122,3,5,1,4,53,6
SN,CS,shareera,434,67,124,155,91,17,142,77,122,3,5,1,4,51,6
SN,CS,shareera,435,64,111,148,85,16,135,71,117,3,5,1,5,47,6
SN,CS,shareera,436,63,107,141,83,17,127,69,110,3,5,1,4,42,6
SN,CS,shareera,437,62,104,139,82,18,126,65,108,3,5,1,4,40,6
SN,CS,shareera,438,61,104,140,79,19,126,64,107,3,5,1,3,40,6
SN,CS,shareera,439,60,103,141,79,19,125,62,106,3,4,1,3,38,6
SN,CS,shareera,440,61,103,140,79,18,125,62,106,3,5,1,3,38,6
SN,CS,shareera,441,62,105,145,81,18,128,64,112,3,5,1,3,40,6
SN,CS,shareera,442,60,103,142,77,18,124,63,103,3,5,1,3,42,5
SN,CS,shareera,443,61,106,141,78,17,128,65,103,3,5,1,3,43,5
SN,CS,shareera,444,62,108,138,77,17,127,66,102,3,5,1,3,43,5
SN,CS,shareera,445,59,109,133,76,17,127,66,101,3,6,1,3,40,4
SN,CS,shareera,446,60,108,133,74,17,127,63,102,3,7,1,3,40,3
SN,CS,shareera,447,58,112,137,74,17,128,63,104,3,7,1,4,42,3
SN,CS,shareera,448,56,111,140,71,17,122,63,104,3,7,1,4,44,3
SN,CS,shareera,449,57,112,142,72,16,128,64,107,4,7,1,4,46,3
SN,CS,shareera,450,59,113,150,74,16,135,68,112,5,7,1,4,45,3
SN,CS,shareera,451,58,112,158,77,17,135,69,121,5,7,1,3,48,3
SN,CS,shareera,452,57,110,154,74,17,132,68,120,6,7,1,3,48,2
SN,CS,shareera,453,53,101,152,74,17,132,70,113,6,7,1,3,46,2
SN,CS,shareera,454,54,102,150,73,17,127,70,110,6,7,0,3,44,2
SN,CS,shareera,455,55,99,148,71,17,126,69,110,6,7,0,4,43,2
SN,CS,shareera,456,53,97,138,69,16,121,67,106,6,7,0,4,43,2
SN,CS,shareera,457,53,94,135,69,17,123,68,108,6,7,0,4,41,1
SN,CS,shareera,458,49,89,132,64,18,120,68,106,6,7,0,4,39,1
SN,CS,shareera,459,42,80,128,59,18,113,63,99,7,6,0,4,36,1
SN,CS,shareera,460,41,83,136,58,18,119,61,105,7,6,0,4,34,0
SN,CS,shareera,461,41,80,129,55,18,115,58,105,7,6,0,4,34,0
SN,CS,shareera,462,40,79,129,55,18,113,59,105,8,6,0,4,34,0
SN,CS,shareera,463,38,80,135,55,18,114,56,102,8,5,0,4,33,0
SN,CS,shareera,464,38,78,132,56,18,114,57,99,8,5,0,5,33,0
SN,CS,shareera,465,37,76,133,55,17,112,56,93,8,6,0,5,31,0
SN,CS,shareera,466,39,76,134,55,17,113,56,89,9,5,0,5,28,0
SN,CS,shareera,467,35,72,127,51,18,107,54,83,9,4,0,5,27,0
SN,CS,shareera,468,36,70,128,51,18,104,55,81,8,4,0,5,26,1
SN,CS,shareera,469,36,69,130,54,18,107,56,83,8,4,0,5,25,1
SN,CS,shareera,470,35,69,131,52,18,107,56,83,7,4,0,6,27,1
SN,CS,shareera,471,36,68,131,52,19,109,56,83,7,4,0,6,27,1
SN,CS,shareera,472,36,68,130,52,19,108,57,84,7,4,0,6,27,1
SN,CS,shareera,473,38,70,130,53,18,108,56,83,7,4,0,6,27,1
SN,CS,shareera,474,38,70,130,53,17,106,58,85,7,4,0,6,27,1
SN,CS,shareera,475,38,70,134,52,16,106,58,86,7,4,0,6,27,1
SN,CS,shareera,476,38,70,135,52,15,106,59,87,7,5,0,6,27,1
SN,CS,shareera,477,42,74,138,56,14,114,59,94,7,5,0,6,30,1
SN,CS,shareera,478,42,74,141,56,15,116,58,93,7,5,0,5,30,1
SN,CS,shareera,479,47,79,148,61,14,118,59,99,7,5,0,5,35,1
SN,CS,shareera,480,47,79,151,61,14,118,60,100,7,5,0,5,36,1
SN,CS,shareera,481,48,81,151,61,13,119,60,103,7,5,0,5,37,1
SN,CS,shareera,482,49,82,150,60,12,123,62,104,8,5,0,5,37,1
SN,CS,shareera,483,50,82,150,60,12,128,61,107,7,5,0,5,38,2
SN,CS,shareera,484,51,86,153,62,11,127,61,107,8,5,0,5,39,2
SN,CS,shareera,485,51,86,153,62,11,130,61,108,8,5,0,4,40,2
SN,CS,shareera,486,50,87,156,62,10,137,61,108,8,6,0,4,41,2
SN,CS,shareera,487,49,86,160,64,10,142,60,111,8,6,0,4,42,2
SN,CS,shareera,488,49,89,159,63,9,141,62,111,8,6,0,4,43,2
SN,CS,shareera,489,50,91,157,64,10,141,63,112,8,6,0,4,44,2
SN,CS,shareera,490,50,91,161,65,10,141,62,112,9,5,0,4,45,2
SN,CS,shareera,491,50,88,156,63,10,136,60,106,9,5,0,4,43,2
SN,CS,shareera,492,50,88,161,65,10,135,60,109,9,5,0,4,41,2
SN,CS,shareera,493,51,85,164,64,10,131,58,111,9,5,0,4,42,2
SN,CS,shareera,494,52,84,166,65,11,131,58,114,9,5,0,4,41,2
SN,CS,shareera,495,55,90,176,66,11,139,66,118,9,4,0,4,48,2
SN,CS,shareera,496,57,95,179,72,11,146,68,123,9,3,0,5,50,2
SN,CS,shareera,497,62,98,177,79,11,154,70,124,9,3,0,4,53,2
SN,CS,shareera,498,66,98,175,76,11,153,72,124,10,3,0,4,51,2
SN,CS,shareera,499,65,101,174,76,11,149,71,122,9,3,0,4,49,2
SN,CS,shareera,500,64,100,167,74,12,146,67,119,8,3,0,4,49,2
SN,CS,shareera,501,63,99,161,71,11,142,65,109,8,3,0,4,45,2
SN,CS,shareera,502,63,100,160,71,11,143,66,108,7,3,0,4,43,2
SN,CS,shareera,503,64,100,159,70,11,137,64,106,7,3,1,4,42,2
SN,CS,shareera,504,63,98,163,72,12,139,65,107,7,3,1,4,43,2
SN,CS,shareera,505,62,100,167,73,12,138,67,109,7,3,1,3,45,2
SN,CS,shareera,506,61,98,167,74,13,134,69,109,7,3,1,3,46,2
SN,CS,shareera,507,61,102,168,73,13,132,69,107,7,3,1,3,46,2
SN,CS,shareera,508,60,102,169,75,13,135,69,110,7,3,1,3,47,2
SN,CS,shareera,509,60,103,169,79,13,138,71,113,6,3,1,3,49,2
SN,CS,shareera,510,60,99,161,78,13,134,71,112,6,4,1,3,49,2
SN,CS,shareera,511,59,100,164,81,13,134,71,116,6,4,1,3,50,2
SN,CS,shareera,512,61,100,161,81,14,134,69,118,5,4,1,3,50,2
SN,CS,shareera,513,60,98,157,80,15,134,70,116,5,4,1,3,51,2
SN,CS,shareera,514,61,99,160,81,15,139,71,116,5,5,1,2,53,2
SN,CS,shareera,515,62,99,162,81,15,138,71,120,5,5,1,2,53,2
SN,CS,shareera,516,60,99,160,81,16,139,73,120,4,5,1,2,54,2
SN,CS,shareera,517,60,100,160,82,15,137,74,120,4,6,1,2,55,2
SN,CS,shareera,518,57,97,159,83,15,134,69,121,4,7,1,2,53,1
SN,CS,shareera,519,60,98,154,78,15,132,69,117,4,8,1,2,53,1
SN,CS,shareera,520,60,97,152,80,16,132,70,116,4,8,1,1,53,1
SN,CS,shareera,521,58,97,151,83,15,130,72,116,4,9,1,1,55,1
SN,CS,shareera,522,58,96,155,83,14,130,72,116,4,9,1,1,55,1
SN,CS,shareera,523,57,95,156,83,15,131,72,117,4,9,1,1,56,1
SN,CS,shareera,524,59,96,158,82,15,131,73,116,4,9,1,1,57,1
SN,CS,shareera,525,59,98,156,82,15,131,73,115,4,9,1,1,58,1
SN,CS,shareera,526,60,98,157,81,16,131,72,114,4,8,1,1,58,1
SN,CS,shareera,527,62,101,155,78,16,130,80,111,5,8,1,1,56,1
SN,CS,shareera,528,64,106,156,79,15,130,83,114,5,8,1,1,56,1
SN,CS,shareera,529,59,101,150,73,15,130,82,107,5,8,2,1,51,1
SN,CS,shareera,530,59,100,147,73,15,132,79,107,5,8,2,1,50,1
SN,CS,shareera,531,58,98,144,74,15,130,80,106,6,8,2,1,49,1
SN,CS,shareera,532,57,97,144,75,16,125,79,106,5,8,2,1,49,1
SN,CS,shareera,533,56,97,144,76,17,120,80,102,5,8,2,1,48,0
SN,CS,shareera,534,55,93,142,74,17,120,80,102,5,8,2,1,47,0
SN,CS,shareera,535,56,93,140,76,17,117,79,100,6,8,2,1,46,0
SN,CS,shareera,536,56,92,139,75,18,111,79,99,6,7,2,1,45,0
SN,CS,shareera,537,59,92,140,72,18,106,81,98,6,7,2,1,44,0
SN,CS,shareera,538,59,90,141,72,19,105,80,98,6,7,2,1,44,0
SN,CS,shareera,539,59,88,139,71,18,105,79,97,6,8,2,1,43,0
SN,CS,shareera,540,58,87,135,70,18,108,81,98,5,9,2,1,43,0
SN,CS,shareera,541,57,92,144,71,18,111,86,100,6,9,2,1,45,0
SN,CS,shareera,542,58,97,141,70,18,111,87,101,6,9,2,1,49,1
SN,CS,shareera,543,57,100,141,73,19,111,90,103,6,9,2,1,49,1
SN,CS,shareera,544,56,98,143,72,19,112,91,102,6,9,2,1,49,1
SN,CS,shareera,545,58,100,147,73,19,116,84,105,6,9,3,1,45,1
SN,CS,shareera,546,56,94,145,68,19,109,82,98,6,9,3,0,44,1
SN,CS,shareera,547,51,88,145,63,20,100,79,97,6,9,3,0,42,1
SN,CS,shareera,548,47,88,142,63,20,99,76,96,6,9,3,0,43,1
SN,CS,shareera,549,48,86,142,64,20,99,77,97,6,9,3,1,43,1
SN,CS,shareera,550,47,85,139,64,19,96,78,98,6,9,4,1,43,1
SN,CS,shareera,551,47,85,138,63,19,99,78,99,6,9,4,1,42,2
SN,CS,shareera,552,46,84,138,63,19,99,76,100,6,10,4,1,42,2
SN,CS,shareera,553,45,84,137,63,20,101,75,101,6,10,3,1,42,2
SN,CS,shareera,554,45,83,133,62,19,101,74,100,6,10,3,1,41,3
SN,CS,shareera,555,46,84,130,63,19,104,72,104,6,11,3,1,39,3
SN,CS,shareera,556,47,83,130,62,18,106,71,106,6,11,3,1,38,3
SN,CS,shareera,557,46,80,130,62,18,105,70,109,6,11,3,1,39,3
SN,CS,shareera,558,46,78,125,60,18,103,68,105,6,11,3,1,38,3
SN,CS,shareera,559,45,77,125,56,18,100,65,103,6,11,3,1,36,4
SN,CS,shareera,560,45,75,123,58,18,97,66,100,6,10,3,1,37,4
SN,CS,shareera,561,45,76,121,56,18,97,66,95,6,10,3,1,36,4
SN,CS,shareera,562,46,74,121,59,18,99,67,97,6,10,3,1,40,4
SN,CS,shareera,563,57,81,129,73,17,109,75,104,6,11,3,1,46,4
SN,CS,shareera,564,58,82,129,75,17,107,78,106,6,10,4,1,45,4
SN,CS,shareera,565,59,83,125,76,17,108,78,103,6,9,4,1,45,5
SN,CS,shareera,566,59,82,124,76,16,108,76,105,6,9,4,1,44,5
SN,CS,shareera,567,60,81,124,72,16,106,74,104,6,8,4,1,43,5
SN,CS,shareera,568,85,104,155,84,16,140,87,125,6,7,4,1,56,5
SN,CS,shareera,569,84,102,154,85,16,138,86,127,6,6,4,1,56,5
SN,CS,shareera,570,83,101,153,85,16,137,85,126,6,6,4,1,54,5
SN,CS,shareera,571,83,101,153,83,17,136,84,126,6,5,4,1,52,5
SN,CS,shareera,572,83,102,149,84,18,137,83,125,6,5,4,1,52,5
SN,CS,shareera,573,82,101,149,83,18,136,84,124,6,5,4,1,51,5
SN,CS,shareera,574,80,100,149,84,19,136,81,123,6,5,4,1,50,5
SN,CS,shareera,575,79,98,148,85,20,137,80,123,6,5,4,1,49,5
SN,CS,shareera,576,79,97,144,88,20,136,80,124,6,5,4,1,49,5
SN,CS,shareera,577,74,89,141,87,21,131,71,121,5,5,4,1,48,5
SN,CS,shareera,578,72,84,138,87,22,129,67,119,5,5,4,1,48,5
SN,CS,shareera,579,72,84,138,88,23,128,66,119,5,5,3,1,48,5
SN,CS,shareera,580,72,85,140,88,23,126,66,118,5,5,3,1,48,5
SN,CS,shareera,581,73,86,141,87,24,126,66,116,4,5,3,1,48,5
SN,CS,shareera,582,73,85,143,87,24,127,65,115,4,5,3,1,48,5
SN,CS,shareera,583,73,85,142,86,24,127,65,117,4,5,3,1,48,5
SN,CS,shareera,584,73,86,142,87,24,125,66,116,4,5,3,1,48,5
SN,CS,shareera,585,72,86,141,86,25,128,66,116,3,5,3,1,48,5
SN,CS,shareera,586,72,86,140,86,25,129,65,117,3,5,3,1,48,5
SN,CS,shareera,587,69,85,136,88,25,130,64,115,3,5,3,1,48,5
SN,CS,shareera,588,69,84,135,91,25,130,64,115,3,5,3,1,47,5
SN,CS,shareera,589,68,84,135,93,26,130,64,116,3,4,3,1,47,5
SN,CS,shareera,590,68,84,137,94,27,128,63,115,3,3,3,1,46,5
SN,CS,shareera,591,68,79,130,93,28,126,58,111,2,3,3,1,44,5
SN,CS,shareera,592,65,73,126,94,29,124,58,107,2,3,3,1,40,4
SN,CS,shareera,593,65,70,125,91,28,123,56,105,2,3,4,1,38,4
SN,CS,shareera,594,64,70,123,91,27,122,54,104,3,3,4,1,38,4
SN,CS,shareera,595,59,61,111,89,28,108,54,94,3,3,3,1,35,4
SN,CS,shareera,596,59,60,109,89,29,106,55,92,3,3,3,1,33,4
SN,CS,shareera,597,59,59,108,87,29,105,55,90,3,3,3,1,30,4
SN,CS,shareera,598,60,59,107,87,29,104,56,89,2,4,3,1,29,4
SN,CS,shareera,599,59,59,105,87,30,102,55,87,2,4,3,0,29,4
SN,CS,shareera,600,60,59,106,87,30,101,54,87,2,4,2,1,29,4
SN,CS,shareera,601,60,58,104,88,30,98,54,86,2,4,2,1,29,3
SN,CS,shareera,602,62,59,105,91,30,98,56,86,2,3,2,1,29,3
SN,CS,shareera,603,62,62,108,91,29,96,55,87,3,3,2,1,29,3
SN,CS,shareera,604,62,62,108,90,29,94,58,90,3,3,2,1,30,2
SN,CS,shareera,605,61,59,108,89,29,92,58,84,3,2,2,2,30,2
SN,CS,shareera,606,64,60,108,89,29,92,57,84,3,2,2,3,30,2
SN,CS,shareera,607,65,61,110,92,28,93,57,83,3,2,3,3,32,2
SN,CS,shareera,608,66,62,113,92,27,91,58,85,3,3,3,3,32,2
SN,CS,shareera,609,69,63,118,93,28,96,63,86,3,3,3,3,33,1
SN,CS,shareera,610,71,65,126,96,28,99,65,84,3,3,3,4,33,1
SN,CS,shareera,611,72,67,132,95,28,100,68,86,3,3,3,4,35,1
SN,CS,shareera,612,70,69,134,95,27,98,67,82,3,3,3,5,36,1
SN,CS,shareera,613,61,62,126,80,27,87,64,74,4,2,3,5,30,1
SN,CS,shareera,614,60,60,125,77,28,86,59,72,4,2,2,5,29,1
SN,CS,shareera,615,60,64,130,79,28,87,60,71,4,2,2,5,29,1
SN,CS,shareera,616,67,67,140,81,28,89,62,75,4,2,2,5,29,1
SN,CS,shareera,617,71,72,144,85,28,97,66,84,4,3,2,5,33,1
SN,CS,shareera,618,44,48,110,71,28,63,54,63,4,4,2,5,19,1
SN,CS,shareera,619,42,49,113,70,29,64,56,62,4,4,2,5,19,1
SN,CS,shareera,620,43,51,114,70,28,64,56,63,4,4,2,5,19,1
SN,CS,shareera,621,44,53,114,70,27,66,56,67,4,4,2,5,19,1
SN,CS,shareera,622,44,53,114,68,26,65,58,67,5,4,2,5,19,1
SN,CS,shareera,623,46,53,118,71,25,71,62,68,6,4,2,5,20,1
SN,CS,shareera,624,46,54,116,70,24,71,64,68,7,4,2,5,20,1
SN,CS,shareera,625,47,54,118,69,23,70,64,68,8,4,2,5,20,1
SN,CS,shareera,626,48,55,122,67,22,70,64,69,8,4,2,5,21,1
SN,CS,shareera,627,50,57,125,67,21,74,66,70,8,4,2,5,24,1
SN,CS,shareera,628,51,58,125,69,20,75,68,71,8,5,2,5,26,1
SN,CS,shareera,629,52,57,124,70,19,75,68,72,8,5,2,5,27,2
SN,CS,shareera,630,54,57,123,69,18,74,68,73,8,6,2,5,27,2
SN,CS,shareera,631,55,61,132,70,17,80,70,80,8,6,2,5,27,3
SN,CS,shareera,632,55,62,133,71,16,79,70,82,8,7,2,5,27,3
SN,CS,shareera,633,55,62,138,71,15,80,71,81,9,7,2,5,27,3
SN,CS,shareera,634,55,62,139,71,15,82,70,81,8,8,2,5,27,3
SN,CS,shareera,635,56,62,141,70,14,79,70,81,8,8,2,5,29,3
SN,CS,shareera,636,57,63,142,70,13,77,70,80,8,8,3,5,30,3
SN,CS,shareera,637,58,64,142,68,12,77,69,82,8,8,3,5,31,3
SN,CS,shareera,638,58,64,142,67,12,79,68,82,8,8,3,5,31,3
SN,CS,shareera,639,59,65,143,67,11,80,69,84,8,8,3,6,31,3
SN,CS,shareera,640,63,74,148,68,10,87,73,93,8,8,3,6,33,4
SN,CS,shareera,641,65,77,147,71,10,89,74,97,8,8,3,6,33,4
SN,CS,shareera,642,74,90,159,72,9,96,80,111,8,9,3,6,41,4
SN,CS,shareera,643,75,94,166,72,9,99,82,113,8,9,2,6,41,5
SN,CS,shareera,644,76,94,168,71,10,98,83,113,7,9,2,6,42,5
SN,CS,shareera,645,78,100,170,70,9,103,88,114,7,9,2,6,43,5
SN,CS,shareera,646,80,108,172,74,8,104,90,115,7,10,2,6,43,5
SN,CS,shareera,647,80,108,170,76,7,108,90,117,7,10,2,6,43,5
SN,CS,shareera,648,80,109,172,76,8,109,90,119,7,9,2,6,43,5
SN,CS,shareera,649,80,110,173,75,7,112,94,121,7,9,2,6,44,5
SN,CS,shareera,650,79,110,172,75,7,112,94,118,7,9,2,5,45,5
SN,CS,shareera,651,78,111,174,74,7,114,97,117,7,9,2,5,45,5
SN,CS,shareera,652,77,112,174,71,7,116,97,117,7,10,2,5,48,5
SN,CS,shareera,653,78,109,174,72,7,117,100,121,6,11,2,5,49,5
SN,CS,shareera,654,79,111,176,74,7,119,100,119,6,12,2,5,49,5
SN,CS,shareera,655,78,111,175,73,8,118,100,118,6,12,2,4,49,5
SN,CS,shareera,656,74,112,176,74,8,119,100,116,6,13,2,3,49,5
SN,CS,shareera,657,73,111,174,73,8,121,103,115,7,13,1,3,46,5
SN,CS,shareera,658,73,110,170,74,8,121,102,113,7,12,1,4,46,5
SN,CS,shareera,659,70,108,164,73,7,115,99,112,7,12,1,5,46,5
SN,CS,shareera,660,68,107,157,69,7,111,96,111,7,12,1,5,45,5
SN,CS,shareera,661,72,107,158,77,7,117,93,117,8,12,1,5,45,5
SN,CS,shareera,662,75,106,159,74,7,119,94,116,8,12,2,4,41,5
SN,CS,shareera,663,74,106,156,75,7,116,89,118,7,12,2,4,40,5
SN,CS,shareera,664,74,106,161,75,6,122,89,123,7,13,2,4,41,5
SN,CS,shareera,665,72,101,156,72,6,122,89,124,7,13,2,4,41,5
SN,CS,shareera,666,66,97,148,70,6,119,86,117,7,13,2,4,41,5
SN,CS,shareera,667,62,92,142,67,6,112,82,110,7,12,2,4,37,5
SN,CS,shareera,668,62,92,142,67,6,114,81,110,7,11,2,5,37,5
SN,CS,shareera,669,62,92,139,68,6,114,79,109,7,11,2,5,37,5
SN,CS,shareera,670,61,90,140,67,7,114,78,108,7,11,2,5,37,5
SN,CS,shareera,671,60,88,140,67,8,112,78,104,7,11,2,5,37,5
SN,CS,shareera,672,60,88,141,68,9,111,78,104,6,11,2,5,37,5
SN,CS,shareera,673,58,89,136,65,9,106,73,103,6,11,2,5,36,5
SN,CS,shareera,674,59,89,136,66,10,106,72,102,5,11,2,5,36,5
SN,CS,shareera,675,59,90,132,67,11,105,72,104,4,11,2,5,36,5
SN,CS,shareera,676,58,91,131,66,12,106,74,104,4,11,2,5,36,5
SN,CS,shareera,677,55,90,131,66,12,100,72,102,4,11,2,5,33,5
SN,CS,shareera,678,55,89,130,63,12,99,71,99,4,11,2,5,31,5
SN,CS,shareera,679,55,92,131,64,12,101,72,100,4,11,2,5,31,4
SN,CS,shareera,680,58,98,142,74,12,110,77,106,4,10,2,5,35,4
SN,CS,shareera,681,57,97,135,72,12,105,75,101,4,10,2,5,35,3
SN,CS,shareera,682,59,97,132,70,12,105,75,100,4,9,2,5,36,4
SN,CS,shareera,683,62,113,147,76,12,121,82,114,4,9,2,5,36,4
SN,CS,shareera,684,62,115,147,74,12,120,82,115,4,8,2,5,36,5
SN,CS,shareera,685,63,115,145,75,12,123,82,116,5,8,2,5,34,5
SN,CS,shareera,686,62,114,146,75,12,126,82,116,5,8,1,5,33,6
SN,CS,shareera,687,61,113,145,75,12,126,83,115,5,9,1,5,32,6
SN,CS,shareera,688,62,115,147,73,11,125,84,118,5,9,2,5,32,6
SN,CS,shareera,689,61,113,146,71,11,126,82,117,5,9,2,4,32,6
SN,CS,shareera,690,60,110,141,71,11,121,79,114,6,9,2,4,31,5
SN,CS,shareera,691,59,107,144,68,10,123,80,112,6,9,2,4,32,6
SN,CS,shareera,692,51,101,145,67,10,127,77,108,7,8,2,4,26,6
SN,CS,shareera,693,49,97,137,67,11,126,74,104,7,8,2,4,28,5
SN,CS,shareera,694,48,97,136,67,10,126,73,103,7,8,2,4,28,5
SN,CS,shareera,695,46,93,132,68,10,120,68,102,7,8,2,4,27,5
SN,CS,shareera,696,46,91,135,69,10,124,68,103,7,7,2,4,28,6
SN,CS,shareera,697,46,90,138,66,10,120,68,102,7,7,2,5,29,6
SN,CS,shareera,698,46,88,136,66,9,120,67,102,7,7,2,5,32,6
SN,CS,shareera,699,47,88,136,66,9,119,63,102,7,7,2,5,31,7
SN,CS,shareera,700,51,100,149,76,9,131,65,114,8,7,2,5,34,7
SN,CS,shareera,701,51,100,147,76,9,130,61,114,8,7,2,5,34,7
SN,CS,shareera,702,54,104,156,90,9,144,59,121,8,6,2,5,36,8
SN,CS,shareera,703,53,105,154,89,9,144,57,117,8,5,2,5,36,8
SN,CS,shareera,704,52,107,150,87,9,145,56,117,9,4,2,5,37,8
SN,CS,shareera,705,53,108,151,87,8,145,56,121,9,4,2,5,37,8
SN,CS,shareera,706,53,110,150,86,8,143,57,124,9,3,2,5,37,8
SN,CS,shareera,707,55,111,150,85,8,140,54,123,8,3,2,5,37,8
SN,CS,shareera,708,54,112,151,84,8,141,55,124,8,3,2,5,37,8
SN,CS,shareera,709,55,113,151,85,9,141,54,124,8,3,2,4,36,8
SN,CS,shareera,710,54,113,153,84,9,142,54,124,8,3,2,3,36,8
SN,CS,shareera,711,50,110,145,76,9,134,54,116,7,4,2,3,34,8
SN,CS,shareera,712,46,111,141,78,9,134,53,118,7,5,1,3,33,8
SN,CS,shareera,713,45,113,145,77,10,134,54,116,7,5,1,3,35,8
SN,CS,shareera,714,44,117,139,78,11,129,56,112,7,4,1,3,34,8
SN,CS,shareera,715,45,120,140,79,11,129,56,114,8,4,1,3,34,7
SN,CS,shareera,716,46,122,141,79,11,129,56,115,8,4,1,3,34,8
SN,CS,shareera,717,49,126,141,80,12,131,57,114,8,4,1,3,33,8
SN,CS,shareera,718,49,128,141,80,12,128,57,113,9,4,1,2,33,8
SN,CS,shareera,719,50,130,152,82,11,128,58,115,9,5,1,2,36,8
SN,CS,shareera,720,50,130,151,81,10,128,58,115,9,6,1,2,37,8
SN,CS,shareera,721,52,131,154,82,9,130,57,119,9,6,2,2,37,8
SN,CS,shareera,722,53,131,156,83,8,131,56,119,9,6,2,2,37,8
SN,CS,shareera,723,53,130,155,82,8,131,57,119,8,6,2,2,37,8
SN,CS,shareera,724,53,130,157,82,7,131,56,119,8,6,2,2,37,8
SN,CS,shareera,725,54,133,161,81,6,134,59,119,8,6,2,2,39,8
SN,CS,shareera,726,55,132,159,83,5,138,57,118,8,6,2,2,41,8
SN,CS,shareera,727,55,131,158,83,6,139,57,119,8,6,2,2,41,8
SN,CS,shareera,728,55,131,160,85,6,139,56,121,8,5,2,2,41,8
SN,CS,shareera,729,58,133,169,83,6,141,55,124,9,5,2,2,42,8
SN,CS,shareera,730,56,128,160,75,6,132,53,119,9,5,2,2,41,8
SN,CS,shareera,731,55,125,160,76,6,133,52,118,9,6,2,2,42,8
SN,CS,shareera,732,54,124,160,76,6,134,52,120,9,6,2,2,41,7
SN,CS,shareera,733,51,110,139,72,6,118,43,108,8,7,2,2,42,7
SN,CS,shareera,734,51,107,138,72,6,118,45,108,8,8,2,2,44,6
SN,CS,shareera,735,49,107,138,71,6,115,46,109,8,8,2,2,44,6
SN,CS,shareera,736,52,110,137,71,6,113,50,114,8,8,2,2,44,5
SN,CS,shareera,737,52,113,141,75,7,115,50,114,8,7,2,2,47,5
SN,CS,shareera,738,52,115,141,76,7,118,50,115,8,8,1,2,48,5
SN,CS,shareera,739,52,121,144,78,7,118,53,116,8,8,1,3,51,5
SN,CS,shareera,740,49,115,144,77,8,118,51,116,7,8,1,3,51,5
SN,CS,shareera,741,51,119,141,76,8,114,51,115,7,8,1,3,50,4
SN,CS,shareera,742,53,113,134,75,8,104,47,107,6,9,1,3,49,4
SN,CS,shareera,743,53,115,136,75,8,102,48,107,6,9,1,3,48,4
SN,CS,shareera,744,54,115,135,75,8,104,49,108,6,9,1,3,47,5
SN,CS,shareera,745,56,114,136,76,8,104,50,111,6,9,1,3,48,5
SN,CS,shareera,746,53,111,133,71,8,101,46,110,6,9,1,3,48,4
SN,CS,shareera,747,54,114,131,73,8,101,46,113,6,9,1,2,47,4
SN,CS,shareera,748,53,117,137,73,8,105,50,114,6,9,1,2,44,4
SN,CS,shareera,749,53,115,136,72,8,104,49,112,6,10,1,2,44,3
SN,CS,shareera,750,50,102,125,61,8,93,49,100,5,11,1,2,40,3
SN,CS,shareera,751,50,102,127,63,8,92,49,101,5,11,1,2,41,3
SN,CS,shareera,752,48,98,119,50,9,75,50,96,5,11,1,2,38,2
SN,CS,shareera,753,49,102,122,52,10,75,50,99,5,11,1,2,38,2
SN,CS,shareera,754,50,99,125,53,10,73,48,98,5,11,1,2,36,2
SN,CS,shareera,755,52,98,123,54,10,75,48,94,6,11,1,2,37,2
SN,CS,shareera,756,56,94,126,57,10,77,48,93,6,11,1,2,39,2
SN,CS,shareera,757,58,93,131,57,10,79,49,93,6,11,1,2,39,2
SN,CS,shareera,758,61,97,134,57,10,83,49,96,6,11,1,1,42,2
SN,CS,shareera,759,61,100,137,58,9,85,51,98,6,12,1,1,48,2
SN,CS,shareera,760,62,104,135,58,9,84,51,99,6,12,1,1,48,2
SN,CS,shareera,761,62,105,137,61,9,84,53,105,6,11,1,1,50,2
SN,CS,shareera,762,62,104,137,60,9,82,52,105,6,11,1,1,51,2
SN,CS,shareera,763,62,102,133,61,9,85,54,105,6,11,1,1,49,2
SN,CS,shareera,764,63,98,137,59,8,83,53,103,6,11,1,1,50,2
SN,CS,shareera,765,71,106,148,62,8,90,62,114,5,11,1,2,54,2
SN,CS,shareera,766,70,108,146,61,8,90,62,114,5,12,1,2,54,1
SN,CS,shareera,767,66,104,145,59,7,87,63,113,6,12,1,2,54,1
SN,CS,shareera,768,68,108,155,60,7,97,65,114,6,12,1,2,54,1
SN,CS,shareera,769,69,107,147,58,7,95,64,112,6,11,1,3,51,1
SN,CS,shareera,770,69,107,146,59,7,94,65,114,6,10,1,3,50,1
SN,CS,shareera,771,71,112,153,61,8,101,69,118,6,10,0,3,53,1
SN,CS,shareera,772,82,135,173,68,8,114,80,132,6,10,1,3,68,1
SN,CS,shareera,773,82,135,175,70,8,113,80,132,6,10,1,3,68,1
SN,CS,shareera,774,81,134,174,69,8,113,82,133,6,10,1,3,68,1
SN,CS,shareera,775,80,132,170,69,8,111,79,136,6,10,1,3,66,1
SN,CS,shareera,776,79,131,173,68,8,106,79,135,6,10,2,3,64,1
SN,CS,shareera,777,83,133,175,71,7,109,80,138,6,11,2,3,69,1
SN,CS,shareera,778,85,134,174,72,7,111,82,138,6,11,2,3,69,1
SN,CS,shareera,779,84,130,163,72,7,106,82,135,5,12,2,3,67,1
SN,CS,shareera,780,81,132,162,71,8,109,80,136,5,12,2,3,64,1
SN,CS,shareera,781,82,135,168,71,8,111,81,136,5,11,2,3,67,1
SN,CS,shareera,782,84,137,170,72,8,111,82,133,6,11,2,3,70,1
SN,CS,shareera,783,103,154,189,81,8,130,87,158,6,10,3,3,78,1
SN,CS,shareera,784,103,157,192,84,8,129,85,158,6,9,3,4,77,1
SN,CS,shareera,785,103,159,199,87,8,132,88,161,5,9,3,4,77,1
SN,CS,shareera,786,103,159,204,89,8,136,86,159,5,9,3,4,78,1
SN,CS,shareera,787,110,160,205,90,7,139,90,159,5,9,4,4,77,1
SN,CS,shareera,788,110,160,204,94,7,140,90,162,5,8,4,4,78,1
SN,CS,shareera,789,110,154,203,93,7,143,89,160,5,8,4,3,76,1
SN,CS,shareera,790,111,156,204,92,6,143,92,156,5,8,4,3,77,1
SN,CS,shareera,791,108,154,203,94,6,144,90,155,5,8,4,4,78,1
SN,CS,shareera,792,107,157,198,99,6,148,94,157,5,8,4,4,79,1
SN,CS,shareera,793,108,158,196,100,5,150,95,160,5,8,4,4,82,1
SN,CS,shareera,794,108,158,196,101,5,149,94,159,5,8,4,5,82,0
SN,CS,shareera,795,111,165,208,113,6,156,97,165,5,8,4,5,89,0
SN,CS,shareera,796,112,167,207,113,6,159,99,164,5,8,4,5,91,0
SN,CS,shareera,797,113,169,210,118,6,167,101,166,5,9,4,5,94,0
SN,CS,shareera,798,115,166,205,122,6,164,100,165,5,9,4,5,95,0
SN,CS,shareera,799,115,167,207,124,6,164,101,166,5,8,4,5,95,0
SN,CS,shareera,800,114,167,207,124,6,166,99,168,5,7,4,5,96,0
SN,CS,shareera,801,116,172,220,127,6,171,104,170,5,7,4,5,97,0
SN,CS,shareera,802,119,175,223,127,5,178,104,169,6,7,4,5,95,0
SN,CS,shareera,803,125,177,230,131,4,191,109,176,6,7,4,5,103,1
SN,CS,shareera,804,130,181,237,131,4,197,110,180,6,7,4,5,105,1
SN,CS,shareera,805,127,182,238,130,4,197,113,181,5,7,4,5,104,1
SN,CS,shareera,806,123,185,236,127,4,195,112,181,5,7,4,5,102,1
SN,CS,shareera,807,123,189,238,130,4,197,119,187,5,7,4,5,105,1
SN,CS,shareera,808,127,188,247,136,4,199,122,188,5,7,4,5,104,2
SN,CS,shareera,809,130,202,253,146,4,211,132,198,5,6,4,5,106,2
SN,CS,shareera,810,131,202,261,151,4,218,135,202,5,6,4,6,112,2
SN,CS,shareera,811,130,203,259,149,5,223,132,196,5,6,4,6,111,2
SN,CS,shareera,812,131,203,259,148,5,222,132,193,6,5,4,6,110,2
SN,CS,shareera,813,133,207,265,152,4,227,133,198,6,5,4,6,111,3
SN,CS,shareera,814,132,209,262,152,4,226,133,199,6,6,4,6,110,3
SN,CS,shareera,815,123,199,248,148,4,218,123,184,6,6,4,5,106,3
SN,CS,shareera,816,125,196,250,149,4,222,123,183,6,5,4,5,106,4
SN,CS,shareera,817,127,198,255,154,5,225,122,187,5,5,4,5,110,4
SN,CS,shareera,818,125,192,246,153,6,215,120,185,4,5,4,5,111,4
SN,CS,shareera,819,131,196,249,155,6,220,123,190,4,5,4,4,116,4
SN,CS,shareera,820,131,202,252,156,7,222,124,188,4,5,4,4,118,4
SN,CS,shareera,821,127,198,245,153,6,214,121,179,4,6,4,4,116,4
SN,CS,shareera,822,115,174,223,145,6,201,110,165,4,6,3,5,101,4
SN,CS,shareera,823,117,178,226,145,6,203,111,166,5,6,3,5,105,4
SN,CS,shareera,824,117,179,228,147,7,204,109,166,5,6,3,5,106,4
SN,CS,shareera,825,116,178,228,148,8,205,109,162,5,6,3,5,106,4
SN,CS,shareera,826,116,179,225,148,9,205,110,162,5,6,2,5,105,4
SN,CS,shareera,827,113,178,222,145,9,203,109,158,5,5,2,5,100,4
SN,CS,shareera,828,112,178,227,146,9,207,108,158,6,5,2,5,101,4
SN,CS,shareera,829,110,180,232,150,9,214,111,161,6,4,3,5,103,4
SN,CS,shareera,830,110,178,231,149,8,212,110,158,6,5,3,5,103,4
SN,CS,shareera,831,111,175,222,149,8,211,109,158,6,5,3,5,99,4
SN,CS,shareera,832,108,176,224,149,8,210,108,158,5,5,4,5,96,4
SN,CS,shareera,833,89,158,207,137,8,190,103,130,5,6,3,5,87,4
SN,CS,shareera,834,90,157,203,134,8,194,103,131,6,6,3,4,86,4
SN,CS,shareera,835,92,158,198,133,9,195,101,129,6,6,3,4,87,4
SN,CS,shareera,836,89,156,193,130,9,190,99,126,6,6,3,5,86,4
SN,CS,shareera,837,83,152,188,126,10,184,94,128,6,6,2,5,84,4
SN,CS,shareera,838,83,149,186,121,10,180,94,122,6,6,2,5,82,4
SN,CS,shareera,839,83,150,186,121,10,176,93,121,6,6,2,6,81,4
SN,CS,shareera,840,82,152,187,121,10,176,90,123,6,7,2,6,79,4
SN,CS,shareera,841,85,158,191,123,10,176,95,128,6,7,2,5,79,4
SN,CS,shareera,842,83,154,190,117,10,174,92,125,6,6,2,5,78,4
SN,CS,shareera,843,82,152,189,116,10,173,90,122,6,6,2,6,74,4
SN,CS,shareera,844,83,155,188,116,10,174,90,124,6,6,2,5,76,4
SN,CS,shareera,845,80,148,177,103,9,168,87,117,6,7,2,5,68,4
SN,CS,shareera,846,80,143,176,103,9,165,86,119,6,7,2,5,65,4
SN,CS,shareera,847,83,144,175,97,9,164,84,118,6,6,2,5,63,4
SN,CS,shareera,848,83,146,177,94,10,164,81,119,6,6,2,5,62,4
SN,CS,shareera,849,83,146,175,93,11,164,81,121,6,6,2,5,63,4
SN,CS,shareera,850,83,150,173,94,11,163,82,122,6,6,2,5,65,4
SN,CS,shareera,851,82,145,158,90,11,159,79,122,6,6,2,6,63,4
SN,CS,shareera,852,77,141,153,90,12,154,79,121,5,6,2,6,63,4
SN,CS,shareera,853,70,136,142,84,13,139,73,109,5,6,2,6,54,3
SN,CS,shareera,854,64,135,135,87,14,137,74,111,4,6,2,6,53,3
SN,CS,shareera,855,64,135,136,87,14,135,72,110,4,6,2,7,55,3
SN,CS,shareera,856,66,133,138,89,14,141,72,108,4,6,2,8,55,3
SN,CS,shareera,857,62,128,131,85,15,137,65,102,4,6,2,8,53,3
SN,CS,shareera,858,56,126,121,80,15,134,61,96,4,6,2,9,51,2
SN,CS,shareera,859,54,110,114,70,15,122,48,85,4,6,2,9,45,2
SN,CS,shareera,860,52,109,105,66,15,115,45,80,4,6,2,8,39,2
SN,CS,shareera,861,52,107,106,66,14,113,47,80,4,7,2,8,38,2
SN,CS,shareera,862,51,107,107,67,14,113,47,81,3,7,2,8,40,2
SN,CS,shareera,863,49,103,102,63,15,107,43,75,3,7,2,8,39,1
SN,CS,shareera,864,50,101,101,64,15,111,45,76,3,6,2,8,39,1
SN,CS,shareera,865,51,101,102,67,15,112,45,76,3,6,2,8,40,1
SN,CS,shareera,866,48,102,100,67,16,107,45,77,3,6,2,8,43,0
SN,CS,shareera,867,46,100,96,62,15,105,45,74,3,6,2,9,40,0
SN,CS,shareera,868,48,103,100,66,14,109,47,80,3,6,2,9,42,0
SN,CS,shareera,869,40,97,98,63,14,106,47,75,3,6,2,9,38,0
SN,CS,shareera,870,40,92,96,62,13,106,47,76,3,6,2,9,36,0
SN,CS,shareera,871,41,93,93,63,13,105,48,78,3,6,2,9,37,0
SN,CS,shareera,872,42,95,93,62,14,107,48,80,3,6,2,8,39,0
SN,CS,shareera,873,40,90,89,60,15,106,46,80,2,6,2,8,35,0
SN,CS,shareera,874,41,92,90,61,14,109,47,81,2,6,2,8,37,0
SN,CS,shareera,875,42,94,93,62,14,109,50,82,2,6,2,8,38,0
SN,CS,shareera,876,41,93,95,62,14,109,49,87,2,6,2,8,38,0
SN,CS,shareera,877,42,93,96,61,14,107,50,88,2,7,2,8,39,0
SN,CS,shareera,878,40,92,92,57,14,102,49,88,1,7,2,9,38,0
SN,CS,shareera,879,39,90,87,52,14,96,46,84,1,8,1,9,36,0
SN,CS,shareera,880,47,91,89,58,14,108,49,90,2,7,1,9,41,0
SN,CS,shareera,881,49,99,96,62,14,113,53,98,2,7,1,9,47,0
SN,CS,shareera,882,51,97,95,63,14,119,55,100,2,7,0,9,47,0
SN,CS,shareera,883,52,96,93,64,14,121,55,104,2,7,0,9,48,0
SN,CS,shareera,884,51,94,95,66,14,118,55,103,1,7,0,9,48,0
SN,CS,shareera,885,58,119,127,77,13,150,70,133,1,8,0,9,67,0
SN,CS,shareera,886,58,118,126,78,13,150,71,133,1,8,0,8,67,0
SN,CS,shareera,887,58,119,127,77,12,151,71,130,1,8,0,8,67,0
SN,CS,shareera,888,59,125,137,85,12,155,73,132,1,8,0,8,68,0
SN,CS,shareera,889,61,125,138,85,12,155,74,134,1,9,0,7,69,0
SN,CS,shareera,890,63,122,137,86,13,155,76,133,1,8,0,7,71,0
SN,CS,shareera,891,60,114,134,83,13,153,71,128,1,8,0,7,70,0
SN,CS,shareera,892,65,120,141,89,13,160,77,138,1,9,0,7,72,0
SN,CS,shareera,893,68,123,143,93,13,160,80,139,1,9,0,6,74,0
SN,CS,shareera,894,66,122,144,96,14,159,85,139,1,9,0,6,73,0
SN,CS,shareera,895,64,121,144,95,14,159,84,139,1,9,0,6,73,0
SN,CS,shareera,896,64,123,146,99,14,161,86,144,2,9,0,6,77,0
SN,CS,shareera,897,59,118,143,99,14,154,86,139,2,9,0,6,76,0
SN,CS,shareera,898,61,119,147,105,13,153,91,140,3,9,0,6,78,0
SN,CS,shareera,899,60,126,152,106,12,158,92,140,3,9,0,7,78,0
SN,CS,shareera,900,60,122,152,105,12,155,92,138,3,9,0,7,75,0
SN,CS,shareera,901,63,125,157,110,13,163,98,139,3,9,0,6,81,0
SN,CS,shareera,902,63,124,157,109,12,161,98,138,3,9,0,6,82,0
SN,CS,shareera,903,66,126,160,112,11,163,104,144,3,9,0,6,84,0
SN,CS,shareera,904,69,126,158,110,10,162,106,141,3,10,0,6,84,0
SN,CS,shareera,905,71,128,160,115,10,165,107,145,3,10,0,6,84,0
SN,CS,shareera,906,72,128,158,115,11,161,109,149,3,10,0,5,84,0
SN,CS,shareera,907,72,128,157,115,10,161,108,151,3,10,0,5,83,0
SN,CS,shareera,908,74,127,158,117,10,160,109,154,3,11,0,4,83,0
SN,CS,shareera,909,74,128,158,118,10,166,110,157,3,11,0,5,86,0
SN,CS,shareera,910,75,124,159,117,10,166,110,158,3,11,0,5,86,1
SN,CS,shareera,911,76,124,158,116,10,163,108,159,3,10,0,5,86,2
SN,CS,shareera,912,77,126,158,117,10,167,109,159,3,10,0,6,85,2
SN,CS,shareera,913,77,127,158,118,9,165,108,159,4,10,0,6,86,2
SN,CS,shareera,914,77,129,158,117,9,164,105,158,4,10,0,6,86,2
SN,CS,shareera,915,76,129,158,115,10,163,106,158,4,10,0,6,85,2
SN,CS,shareera,916,77,128,158,116,9,164,107,157,4,10,0,6,83,2
SN,CS,shareera,917,77,130,159,118,10,164,108,156,4,10,0,5,82,2
SN,CS,shareera,918,75,127,153,117,10,162,106,153,4,10,0,5,79,2
SN,CS,shareera,919,75,127,150,119,11,161,103,153,4,10,0,5,78,2
SN,CS,shareera,920,75,126,150,119,12,161,101,152,4,10,0,5,78,2
