Text_Type,Book,Chapter,Window,LGL,GGL,GLG,GL,GG,GGG,GLL,LLG,LGG,G,LL,LLL,LG,L
SN,AS,nidana,1,89,102,122,2,14,98,81,76,94,7,3,56,6,7
SN,AS,nidana,2,90,102,121,2,13,99,81,77,93,8,3,56,6,7
SN,AS,nidana,3,92,101,121,2,13,100,81,76,93,9,3,56,5,7
SN,AS,nidana,4,92,102,119,2,12,97,81,74,93,10,3,54,5,7
SN,AS,nidana,5,92,101,120,2,11,96,80,71,92,11,3,52,5,7
SN,AS,nidana,6,92,94,116,2,10,95,77,70,91,12,3,50,5,7
SN,AS,nidana,7,89,91,111,2,10,96,77,68,82,12,3,47,4,8
SN,AS,nidana,8,82,86,104,2,10,91,71,64,76,13,3,44,4,7
SN,AS,nidana,9,76,86,98,2,10,88,63,57,70,14,3,40,4,7
SN,AS,nidana,10,76,85,97,2,9,89,62,57,68,15,3,39,4,7
SN,AS,nidana,11,78,84,98,2,9,90,62,57,67,16,3,39,4,6
SN,AS,nidana,12,78,85,98,2,9,90,62,58,67,17,3,39,4,6
SN,AS,nidana,13,77,84,96,2,9,88,63,55,63,17,2,38,4,7
SN,AS,nidana,14,75,81,91,1,9,86,61,53,64,18,2,37,4,7
SN,AS,nidana,15,77,81,90,1,9,86,61,50,64,19,2,35,4,6
SN,AS,nidana,16,77,82,90,1,9,87,62,50,65,19,2,35,4,6
SN,AS,nidana,17,76,79,87,1,9,87,62,48,62,20,2,34,4,6
SN,AS,nidana,18,75,79,87,1,9,85,60,48,63,20,2,34,4,6
SN,AS,nidana,19,76,80,87,1,9,86,60,48,62,21,2,34,4,6
SN,AS,nidana,20,74,72,76,1,9,81,55,48,55,22,2,34,4,6
SN,AS,nidana,21,74,72,77,1,9,82,52,46,52,22,2,34,4,6
SN,AS,nidana,22,73,72,75,1,9,82,52,46,49,22,2,34,4,6
SN,AS,nidana,23,74,73,75,1,8,83,52,46,49,23,2,34,4,6
SN,AS,nidana,24,73,72,74,1,8,84,52,46,49,23,2,34,4,6
SN,AS,nidana,25,74,71,75,1,7,85,51,46,50,23,2,34,4,7
SN,AS,nidana,26,74,71,76,1,6,86,50,47,50,23,2,33,4,8
SN,AS,nidana,27,73,71,76,1,6,83,48,47,49,23,2,33,4,8
SN,AS,nidana,28,74,68,75,1,5,84,46,47,50,24,2,33,4,8
SN,AS,nidana,29,75,68,75,1,4,80,46,47,50,25,2,33,4,8
SN,AS,nidana,30,76,67,75,1,4,80,46,47,50,26,2,33,4,8
SN,AS,nidana,31,75,67,71,1,4,80,46,47,51,26,2,33,4,7
SN,AS,nidana,32,74,67,70,1,4,79,44,47,50,25,2,32,5,7
SN,AS,nidana,33,74,67,73,1,3,83,44,47,51,25,2,33,5,7
SN,AS,nidana,34,78,72,79,1,3,94,51,50,60,25,2,42,5,7
SN,AS,nidana,35,83,80,83,2,3,100,52,54,68,24,2,45,5,7
SN,AS,nidana,36,82,80,82,2,3,94,51,54,69,24,2,45,5,7
SN,AS,nidana,37,82,78,82,3,3,93,51,52,68,23,2,46,5,7
SN,AS,nidana,38,83,75,82,3,3,92,51,53,68,24,1,46,5,7
SN,AS,nidana,39,84,75,82,3,3,93,51,52,67,25,1,46,4,7
SN,AS,nidana,40,85,75,82,3,2,92,50,49,68,26,1,46,4,7
SN,AS,nidana,41,84,76,82,3,2,92,50,49,68,27,1,45,3,7
SN,AS,nidana,42,84,74,83,3,2,91,48,50,68,28,1,44,3,6
SN,AS,nidana,43,86,74,83,3,2,91,47,50,67,28,1,44,3,6
SN,AS,nidana,44,86,73,83,3,2,92,47,50,68,29,1,43,2,6
SN,AS,nidana,45,77,66,67,3,2,88,37,46,62,30,1,27,1,6
SN,AS,nidana,46,73,62,61,3,1,84,30,42,59,31,1,26,1,6
SN,AS,nidana,47,65,54,58,3,1,79,27,33,49,32,1,23,1,6
SN,AS,nidana,48,67,54,58,3,0,79,28,32,50,33,1,23,1,6
SN,AS,nidana,49,64,45,51,3,0,71,18,26,40,34,1,15,1,6
SN,AS,nidana,50,64,43,50,3,0,72,18,25,41,35,0,15,1,6
SN,AS,nidana,51,64,44,50,2,0,74,18,25,42,36,0,15,1,6
SN,AS,nidana,52,65,44,52,2,0,73,18,23,42,36,0,15,1,6
SN,AS,nidana,53,65,45,50,2,0,74,18,23,42,36,0,15,1,6
SN,AS,nidana,54,64,46,51,2,0,74,17,24,41,36,0,15,1,6
SN,AS,nidana,55,64,48,50,2,0,74,16,24,41,36,0,15,1,6
SN,AS,nidana,56,62,49,50,2,0,73,17,24,42,36,0,15,1,6
SN,AS,nidana,57,62,49,52,2,0,71,18,22,43,36,0,15,1,6
SN,AS,nidana,58,62,47,53,2,0,71,19,22,43,36,0,15,1,6
SN,AS,nidana,59,61,44,53,2,0,73,19,23,44,36,0,15,1,6
SN,AS,nidana,60,61,43,52,2,0,73,19,24,45,36,0,15,1,6
SN,AS,nidana,61,60,42,52,2,0,75,19,24,45,35,0,15,1,7
SN,AS,nidana,62,60,42,51,2,0,75,20,23,46,35,0,15,1,7
SN,AS,nidana,63,59,43,51,2,0,76,19,23,46,36,0,15,1,6
SN,AS,nidana,64,60,43,50,2,0,75,20,23,46,36,0,15,1,6
SN,AS,nidana,65,59,44,49,2,0,75,20,23,47,35,0,15,1,7
SN,AS,nidana,66,61,44,51,2,0,74,20,23,46,36,0,15,1,7
SN,AS,nidana,67,61,45,52,2,0,73,21,23,46,36,0,15,1,7
SN,AS,nidana,68,61,43,52,2,0,74,22,25,45,36,0,16,1,7
SN,AS,nidana,69,61,42,52,2,0,73,23,27,45,36,0,17,1,7
SN,AS,nidana,70,60,44,54,2,0,74,23,25,45,36,0,17,1,7
SN,AS,nidana,71,59,46,54,2,0,75,23,25,45,35,0,17,1,8
SN,AS,nidana,72,59,44,56,2,0,74,24,25,45,35,0,17,1,8
SN,AS,nidana,73,58,45,57,2,0,74,23,25,45,34,0,17,1,9
SN,AS,nidana,74,59,44,57,2,0,74,23,24,46,35,0,17,1,9
SN,AS,nidana,75,59,44,57,2,0,72,24,25,46,36,0,17,1,8
SN,AS,nidana,76,59,43,57,2,0,72,25,25,46,37,0,17,1,7
SN,AS,nidana,77,59,42,58,2,0,72,25,25,46,38,0,17,1,6
SN,AS,nidana,78,59,42,58,2,0,73,25,26,44,38,0,17,1,6
SN,AS,nidana,79,59,43,59,2,0,74,25,27,43,38,0,17,1,6
SN,AS,nidana,80,60,43,60,2,0,74,25,28,43,38,0,17,1,6
SN,AS,nidana,81,61,43,61,2,0,74,25,28,43,39,0,16,1,6
SN,AS,nidana,82,62,43,60,2,0,75,25,28,43,40,0,16,0,6
SN,AS,nidana,83,62,45,58,2,0,71,25,28,42,41,0,15,0,6
SN,AS,nidana,84,59,40,54,2,0,60,17,24,34,42,0,6,0,6
SN,AS,nidana,85,55,32,50,1,0,54,16,21,26,43,0,3,0,6
SN,AS,nidana,86,56,32,52,1,0,53,16,21,25,44,0,3,0,5
SN,AS,nidana,87,57,32,53,0,0,54,17,21,26,45,0,2,0,5
SN,AS,nidana,88,57,32,54,0,0,55,16,20,26,45,0,2,0,5
SN,AS,nidana,89,57,33,53,0,0,54,16,20,27,45,0,2,0,5
SN,AS,nidana,90,57,34,52,0,0,54,16,20,27,45,0,2,0,5
SN,AS,nidana,91,58,34,53,0,0,53,16,20,26,45,0,2,0,5
SN,AS,nidana,92,58,34,52,0,0,55,15,20,26,45,0,2,0,5
SN,AS,nidana,93,57,34,52,0,0,56,16,19,26,45,0,2,0,5
SN,AS,nidana,94,57,35,52,0,0,57,16,18,25,45,0,2,0,5
SN,AS,nidana,95,57,35,51,0,0,58,16,18,25,45,0,2,0,5
SN,AS,nidana,96,57,36,51,0,0,57,16,19,24,45,0,2,0,5
SN,AS,nidana,97,56,37,51,0,0,56,16,19,25,45,0,2,0,5
SN,AS,nidana,98,56,38,51,0,0,56,15,19,25,45,0,2,0,5
SN,AS,nidana,99,56,38,52,0,0,56,14,19,25,45,0,2,0,5
SN,AS,nidana,100,56,37,51,0,0,55,15,19,27,45,0,2,0,5
SN,AS,nidana,101,56,37,52,0,0,54,15,20,26,45,0,2,0,5
SN,AS,nidana,102,55,39,52,0,0,53,15,20,26,45,0,2,0,5
SN,AS,nidana,103,54,38,53,0,0,52,15,20,28,45,0,2,0,5
SN,AS,nidana,104,54,38,53,0,0,53,15,19,28,45,0,2,0,5
SN,AS,nidana,105,54,37,54,0,0,53,15,19,28,45,0,2,0,5
SN,AS,nidana,106,54,37,55,0,0,52,15,19,28,45,0,2,0,5
SN,AS,nidana,107,54,37,55,0,0,53,14,19,28,46,0,2,0,4
SN,AS,nidana,108,55,37,56,0,0,53,13,19,27,46,0,2,0,4
SN,AS,nidana,109,55,38,57,0,0,52,13,18,27,46,0,2,0,4
SN,AS,nidana,110,55,39,58,0,0,52,13,17,26,46,0,2,0,4
SN,AS,nidana,111,56,39,57,0,0,51,13,17,27,47,0,2,0,3
SN,AS,nidana,112,57,40,58,0,0,50,12,17,26,47,0,2,0,3
SN,AS,nidana,113,57,39,59,0,0,50,12,17,26,47,0,2,0,3
SN,AS,nidana,114,56,39,61,0,0,52,11,17,24,47,0,2,0,3
SN,AS,nidana,115,56,39,60,0,0,53,12,17,23,48,0,2,0,2
SN,AS,nidana,116,55,39,58,0,0,54,11,18,23,48,0,2,0,2
SN,AS,nidana,117,54,37,57,0,0,56,10,19,23,47,0,2,1,2
SN,AS,nidana,118,55,37,58,0,0,56,9,17,23,47,0,1,1,2
SN,AS,nidana,119,55,37,57,0,0,56,9,17,23,47,0,0,1,2
SN,AS,nidana,120,56,36,57,0,0,54,9,17,23,47,0,0,1,2
SN,AS,nidana,121,57,34,57,0,0,53,9,17,23,48,0,0,1,1
SN,AS,nidana,122,57,35,57,0,0,52,8,17,24,48,0,0,1,1
SN,AS,nidana,123,57,34,57,0,0,53,8,17,24,49,0,0,1,0
SN,AS,nidana,124,58,33,56,0,0,53,9,18,23,49,0,0,1,0
SN,AS,nidana,125,59,33,58,0,0,53,8,17,22,49,0,0,1,0
SN,AS,nidana,126,60,34,57,0,0,52,7,17,23,48,0,0,1,1
SN,AS,nidana,127,60,35,55,0,0,53,7,18,22,48,0,0,1,1
SN,AS,nidana,128,61,35,55,0,0,52,7,18,22,48,0,0,1,1
SN,AS,nidana,129,61,35,55,0,0,51,7,18,23,48,0,0,1,1
SN,AS,nidana,130,60,35,56,0,0,52,7,17,23,48,0,0,1,1
SN,AS,nidana,131,59,35,57,0,0,50,8,17,24,47,0,0,1,1
SN,AS,nidana,132,60,34,57,0,0,50,8,16,25,47,0,0,1,1
SN,AS,nidana,133,60,32,57,0,0,51,8,17,25,47,0,0,1,1
SN,AS,nidana,134,61,32,55,0,0,51,8,18,25,47,0,0,1,1
SN,AS,nidana,135,62,32,56,0,0,50,8,17,25,47,0,0,1,1
SN,AS,nidana,136,62,33,55,0,0,50,9,17,24,47,0,0,1,1
SN,AS,nidana,137,62,33,55,0,0,50,8,18,24,47,0,0,1,1
SN,AS,nidana,138,62,33,55,0,0,50,8,18,24,47,0,0,1,1
SN,AS,nidana,139,62,34,55,0,0,48,8,20,23,47,0,0,1,1
SN,AS,nidana,140,62,34,56,0,0,48,8,20,22,47,0,0,1,1
SN,AS,nidana,141,62,35,55,0,0,49,8,19,22,47,0,0,1,1
SN,AS,nidana,142,62,35,56,0,0,49,8,18,22,47,0,0,1,1
SN,AS,nidana,143,62,35,56,0,0,48,8,19,22,47,0,0,1,1
SN,AS,nidana,144,62,35,56,0,0,47,9,19,22,46,0,0,1,2
SN,AS,nidana,145,62,37,56,0,0,45,9,18,23,46,0,0,1,2
SN,AS,nidana,146,62,37,56,0,0,46,9,18,22,46,0,0,1,2
SN,AS,nidana,147,62,37,55,0,0,47,10,18,21,45,0,0,1,3
SN,AS,nidana,148,62,36,57,0,0,47,10,18,20,45,0,0,1,3
SN,AS,nidana,149,61,35,56,0,0,49,10,18,21,45,0,0,1,3
SN,AS,nidana,150,61,36,56,0,0,51,10,18,18,45,0,0,1,3
SN,AS,nidana,151,61,37,55,0,0,51,10,17,19,45,0,0,1,3
SN,AS,nidana,152,62,35,55,0,0,51,10,18,19,44,0,0,1,4
SN,AS,nidana,153,62,35,55,0,0,52,11,18,17,44,0,0,1,4
SN,AS,nidana,154,62,33,56,0,0,53,11,18,17,43,0,0,1,5
SN,AS,nidana,155,62,32,57,0,0,52,11,18,18,43,0,0,1,5
SN,AS,nidana,156,62,32,56,0,0,53,10,20,17,43,0,0,1,5
SN,AS,nidana,157,63,33,54,0,0,52,10,20,18,43,0,0,1,5
SN,AS,nidana,158,63,33,52,0,0,52,11,20,19,43,0,0,1,5
SN,AS,nidana,159,63,34,51,0,0,51,12,21,18,42,0,0,1,6
SN,AS,nidana,160,63,34,51,0,0,50,12,21,19,42,0,0,1,6
SN,AS,nidana,161,62,34,52,0,0,49,12,22,19,42,0,0,1,6
SN,AS,nidana,162,61,32,53,0,0,50,12,22,20,42,0,0,1,6
SN,AS,nidana,163,61,32,52,0,0,50,12,23,20,42,0,0,1,6
SN,AS,nidana,164,62,34,51,0,0,48,12,23,20,42,0,0,1,6
SN,AS,nidana,165,62,35,52,0,0,47,11,23,20,42,0,0,1,6
SN,AS,nidana,166,64,34,52,0,0,47,11,22,20,42,0,0,1,6
SN,AS,nidana,167,65,35,52,0,0,46,11,21,20,43,0,0,0,6
SN,AS,nidana,168,64,35,52,0,0,47,11,21,20,43,0,0,0,6
SN,AS,nidana,169,64,37,53,0,0,46,10,20,20,43,0,0,0,6
SN,AS,nidana,170,64,37,52,0,0,46,11,20,20,43,0,0,0,6
SN,AS,nidana,171,64,38,51,0,0,44,11,20,22,43,0,0,0,6
SN,AS,nidana,172,64,37,49,0,0,47,11,21,21,43,0,0,0,6
SN,AS,nidana,173,64,37,49,0,0,46,12,21,21,43,0,0,0,6
SN,AS,nidana,174,64,37,49,0,0,46,12,20,22,43,0,0,0,6
SN,AS,nidana,175,64,38,47,0,0,47,12,20,22,43,0,0,0,6
SN,AS,nidana,176,64,40,47,0,0,47,12,19,21,44,0,0,0,5
SN,AS,nidana,177,66,40,47,0,0,46,12,18,21,44,0,0,0,5
SN,AS,nidana,178,65,42,47,0,0,45,12,17,22,44,0,0,0,5
SN,AS,nidana,179,65,41,47,0,0,47,12,16,22,44,0,0,0,5
SN,AS,nidana,180,66,41,45,0,0,45,13,16,23,43,0,1,0,6
SN,AS,nidana,181,68,41,44,0,0,46,12,16,22,44,0,1,0,6
SN,AS,nidana,182,68,41,43,0,0,46,12,17,22,44,0,1,0,6
SN,AS,nidana,183,68,41,43,0,0,48,12,16,21,44,0,1,0,6
SN,AS,nidana,184,68,41,44,0,0,49,12,15,20,44,0,1,0,6
SN,AS,nidana,185,67,40,44,0,0,50,13,15,20,44,0,1,0,6
SN,AS,nidana,186,68,39,44,0,0,51,13,14,20,44,0,1,0,6
SN,AS,nidana,187,68,39,45,0,0,52,13,13,19,44,0,1,0,6
SN,AS,nidana,188,68,39,44,0,0,54,13,13,18,44,0,1,0,6
SN,AS,nidana,189,69,39,44,0,0,55,13,11,18,44,0,1,0,6
SN,AS,nidana,190,69,38,42,0,0,55,14,12,19,44,0,1,0,6
SN,AS,nidana,191,68,37,43,0,0,56,14,12,19,44,0,1,0,6
SN,AS,nidana,192,68,37,43,0,0,56,14,12,19,44,0,1,0,6
SN,AS,nidana,193,68,36,43,0,0,57,13,12,20,44,0,1,0,6
SN,AS,nidana,194,68,36,43,0,0,57,12,12,21,45,0,1,0,5
SN,AS,nidana,195,68,33,44,0,0,59,12,13,20,45,0,1,0,5
SN,AS,nidana,196,68,32,43,0,0,59,12,13,22,44,0,1,0,6
SN,AS,nidana,197,68,32,43,0,0,59,12,13,22,45,0,1,0,5
SN,AS,nidana,198,67,32,42,0,0,61,12,13,22,44,0,1,0,6
SN,AS,nidana,199,67,34,42,0,0,60,12,13,21,44,0,1,0,6
SN,AS,nidana,200,67,33,43,0,0,60,11,13,22,43,0,1,0,7
SN,AS,nidana,201,67,32,44,0,0,59,11,13,23,43,0,1,0,7
SN,AS,nidana,202,66,32,44,0,0,59,11,13,24,44,0,1,0,6
SN,AS,nidana,203,66,32,43,0,0,59,10,14,25,44,0,1,0,6
SN,AS,nidana,204,67,34,41,0,0,57,10,14,26,45,0,1,0,5
SN,AS,nidana,205,67,35,39,0,0,57,10,15,26,45,0,1,0,5
SN,AS,nidana,206,67,35,40,0,0,57,10,13,27,45,0,1,0,5
SN,AS,nidana,207,66,34,41,0,0,59,10,13,26,45,0,1,0,5
SN,AS,nidana,208,65,34,42,0,0,61,9,13,25,45,0,1,0,5
SN,AS,nidana,209,65,33,44,0,0,62,8,12,25,46,0,1,0,4
SN,AS,nidana,210,65,32,44,0,0,63,8,12,25,46,0,1,0,4
SN,AS,nidana,211,66,32,44,0,0,63,9,11,24,46,0,1,0,4
SN,AS,nidana,212,66,32,43,0,0,64,9,12,23,46,0,1,0,4
SN,AS,nidana,213,66,31,43,0,0,63,10,12,24,46,0,1,0,4
SN,AS,nidana,214,67,30,42,0,0,63,11,12,24,46,0,1,0,4
SN,AS,nidana,215,69,30,41,0,1,62,13,13,25,45,0,1,0,4
SN,AS,nidana,216,68,31,42,0,1,62,15,13,25,44,0,2,0,5
SN,AS,nidana,217,68,30,41,0,1,61,15,13,25,44,0,2,0,5
SN,AS,nidana,218,67,30,39,0,1,60,15,13,25,44,0,3,0,5
SN,AS,nidana,219,67,28,39,0,1,61,15,12,27,44,0,3,0,5
SN,AS,nidana,220,66,28,40,0,1,60,14,13,27,43,0,3,1,5
SN,AS,nidana,221,68,27,40,0,1,60,15,13,25,43,0,3,1,5
SN,AS,nidana,222,68,28,42,0,1,58,15,12,25,43,0,3,1,5
SN,AS,nidana,223,68,28,42,0,1,58,14,13,25,43,0,3,1,5
SN,AS,nidana,224,67,28,45,0,1,58,13,13,24,43,0,3,1,5
SN,AS,nidana,225,66,27,44,0,1,59,14,13,25,42,0,3,1,6
SN,AS,nidana,226,65,25,47,0,1,59,14,13,25,42,0,3,1,6
SN,AS,nidana,227,64,24,46,0,1,60,14,15,25,42,0,3,1,6
SN,AS,nidana,228,65,22,45,0,1,61,15,15,25,42,0,3,1,6
SN,AS,nidana,229,65,22,44,0,1,62,15,16,24,42,0,3,1,6
SN,AS,nidana,230,64,22,46,0,1,63,14,17,23,43,0,2,1,5
SN,AS,nidana,231,64,22,46,0,1,62,15,18,22,42,0,2,1,6
SN,AS,nidana,232,63,23,47,0,1,62,15,18,21,42,0,2,1,6
SN,AS,nidana,233,63,24,47,0,1,61,15,18,21,41,0,2,1,7
SN,AS,nidana,234,63,23,47,0,1,62,15,18,21,41,0,2,1,7
SN,AS,nidana,235,63,23,46,0,1,62,15,19,21,41,0,2,1,7
SN,AS,nidana,236,63,23,46,0,1,63,14,19,21,41,0,2,1,7
SN,AS,nidana,237,63,25,45,0,1,61,15,19,21,41,0,2,1,7
SN,AS,nidana,238,63,25,46,0,1,58,15,20,22,41,0,2,1,7
SN,AS,nidana,239,62,23,47,0,1,58,16,20,23,41,0,2,1,7
SN,AS,nidana,240,62,23,48,0,1,58,15,20,23,41,0,2,1,7
SN,AS,nidana,241,62,23,48,0,1,57,15,20,24,41,0,2,1,7
SN,AS,nidana,242,63,24,48,0,1,54,16,20,24,41,0,2,1,7
SN,AS,nidana,243,64,24,49,0,1,53,16,20,23,41,0,2,1,7
SN,AS,nidana,244,64,23,48,0,1,52,17,21,24,41,0,2,1,7
SN,AS,nidana,245,64,23,47,0,1,50,19,22,24,41,0,2,1,7
SN,AS,nidana,246,64,24,48,0,1,50,19,21,23,41,0,2,1,7
SN,AS,nidana,247,64,24,49,0,1,49,18,22,23,41,0,2,1,7
SN,AS,nidana,248,64,24,50,0,1,46,18,23,24,42,0,2,1,6
SN,AS,nidana,249,64,22,50,0,1,45,19,23,26,42,0,2,1,6
SN,AS,nidana,250,65,22,50,0,1,44,19,24,25,43,0,2,1,5
SN,AS,nidana,251,66,21,51,0,1,44,20,24,23,43,0,2,1,5
SN,AS,nidana,252,67,21,49,0,1,44,21,23,24,43,0,2,1,5
SN,AS,nidana,253,67,22,51,0,1,43,21,22,23,43,0,2,1,5
SN,AS,nidana,254,65,21,53,0,1,44,21,22,22,42,0,2,2,5
SN,AS,nidana,255,65,21,54,0,1,43,21,21,23,42,0,2,2,5
SN,AS,nidana,256,65,21,54,0,1,44,21,21,22,42,0,2,2,5
SN,AS,nidana,257,65,22,56,0,1,42,21,21,21,41,0,2,2,6
SN,AS,nidana,258,66,22,57,0,1,39,22,21,21,41,0,2,2,6
SN,AS,nidana,259,67,21,56,0,1,39,22,22,21,41,0,2,2,6
SN,AS,nidana,260,67,21,58,0,1,37,22,22,21,41,0,2,2,6
SN,AS,nidana,261,66,23,58,0,1,36,22,22,21,41,0,2,2,6
SN,AS,nidana,262,66,25,57,0,1,35,22,22,21,41,0,2,2,6
SN,AS,nidana,263,66,26,58,0,1,35,22,21,20,41,0,2,2,6
SN,AS,nidana,264,64,25,59,0,1,36,21,21,22,40,0,2,2,7
SN,AS,nidana,265,62,24,60,0,0,37,19,21,21,40,0,2,2,8
SN,AS,nidana,266,62,23,59,0,0,37,18,21,21,41,0,1,2,7
SN,AS,nidana,267,62,23,61,0,0,36,18,22,22,41,0,1,2,7
SN,AS,nidana,268,63,24,62,0,0,36,18,22,23,41,0,0,2,7
SN,AS,nidana,269,62,24,64,0,0,36,19,22,21,41,0,0,2,7
SN,AS,nidana,270,63,23,64,0,0,38,19,21,21,42,0,0,1,7
SN,AS,nidana,271,61,23,64,0,0,40,18,22,21,42,0,0,1,7
SN,AS,nidana,272,61,22,63,0,0,42,18,22,21,42,0,0,1,7
SN,AS,nidana,273,62,22,63,0,0,41,19,21,21,42,0,0,1,7
SN,AS,nidana,274,62,22,62,0,0,42,19,21,21,42,0,0,1,7
SN,AS,nidana,275,62,22,62,0,0,42,19,21,21,43,0,0,1,6
SN,AS,nidana,276,62,21,59,0,0,45,19,22,21,43,0,0,1,6
SN,AS,nidana,277,62,21,60,0,0,45,19,21,21,43,0,0,1,6
SN,AS,nidana,278,63,21,61,0,0,44,19,21,20,42,0,0,1,7
SN,AS,nidana,279,63,23,61,0,0,41,19,20,22,42,0,0,1,7
SN,AS,nidana,280,63,23,61,0,0,42,19,19,22,42,0,0,1,7
SN,AS,nidana,281,63,23,61,0,0,44,18,18,22,43,0,0,1,6
SN,AS,nidana,282,63,23,61,0,0,44,18,17,23,43,0,0,1,6
SN,AS,nidana,283,63,24,60,0,0,42,18,19,23,44,0,0,1,5
SN,AS,nidana,284,63,25,60,0,0,41,18,19,23,43,0,0,1,6
SN,AS,nidana,285,64,25,59,0,0,42,18,18,23,43,0,0,1,6
SN,AS,nidana,286,63,26,58,0,0,41,18,19,24,43,0,0,1,6
SN,AS,nidana,287,63,24,60,0,0,42,17,19,24,43,0,0,1,6
SN,AS,nidana,288,63,25,58,0,0,43,17,19,24,42,0,0,1,7
SN,AS,nidana,289,63,26,58,0,0,43,16,19,24,42,0,0,1,7
SN,AS,nidana,290,62,26,58,0,0,44,16,19,24,41,0,0,2,7
SN,AS,nidana,291,62,27,57,0,0,43,16,19,25,41,0,0,2,7
SN,AS,nidana,292,61,28,56,0,0,44,15,19,26,41,0,0,2,7
SN,AS,nidana,293,60,28,56,0,0,45,16,18,26,41,0,0,2,7
SN,AS,nidana,294,61,29,56,0,0,45,16,18,24,40,0,0,2,8
SN,AS,nidana,295,61,29,57,0,0,47,14,16,25,40,0,0,2,8
SN,AS,nidana,296,61,29,56,0,0,47,15,17,24,41,0,0,2,7
SN,AS,nidana,297,61,28,55,0,0,48,15,17,25,40,0,0,2,8
SN,AS,nidana,298,61,28,53,0,0,51,15,17,24,40,0,0,2,8
SN,AS,nidana,299,62,29,52,0,0,52,14,18,22,40,0,0,2,8
SN,AS,nidana,300,61,29,51,0,0,54,14,18,22,40,0,0,2,8
SN,AS,nidana,301,61,30,50,0,0,55,13,18,22,39,0,0,2,9
SN,AS,nidana,302,60,31,50,0,0,56,13,18,21,39,0,0,2,9
SN,AS,nidana,303,61,31,49,0,0,56,13,18,21,39,0,0,2,9
SN,AS,nidana,304,61,30,47,0,0,56,13,18,21,40,0,1,1,9
SN,AS,nidana,305,60,29,46,0,0,57,13,18,19,40,0,2,1,9
SN,AS,nidana,306,59,28,47,0,1,56,13,18,20,39,0,2,1,9
SN,AS,nidana,307,58,28,46,0,1,56,13,19,20,39,0,2,2,8
SN,AS,nidana,308,56,28,47,0,1,58,12,19,20,38,0,2,3,8
SN,AS,nidana,309,55,29,46,0,1,57,13,18,21,37,0,3,3,9
SN,AS,nidana,310,55,29,45,0,1,57,14,18,21,37,0,3,3,9
SN,AS,nidana,311,55,28,45,0,1,58,13,19,21,37,0,3,3,9
SN,AS,nidana,312,57,26,45,0,1,57,14,18,22,37,0,3,3,9
SN,AS,nidana,313,57,26,46,0,1,57,13,18,22,37,0,3,3,9
SN,AS,nidana,314,57,26,46,0,1,56,14,19,21,38,0,3,3,8
SN,AS,nidana,315,57,26,47,0,1,56,14,18,21,39,0,3,3,7
SN,AS,nidana,316,56,26,48,0,1,57,13,18,21,39,0,3,3,7
SN,AS,nidana,317,56,28,48,0,1,57,13,17,20,39,0,3,3,7
SN,AS,nidana,318,56,28,48,0,1,56,14,18,19,39,0,3,3,7
SN,AS,nidana,319,57,28,45,0,1,56,14,20,19,39,0,3,3,7
SN,AS,nidana,320,57,28,43,0,1,55,15,21,20,39,0,3,3,7
SN,AS,nidana,321,58,28,43,0,1,55,15,20,20,39,0,3,3,7
SN,AS,nidana,322,58,28,44,0,1,53,15,20,21,39,0,3,3,7
SN,AS,nidana,323,56,30,43,0,1,53,15,21,21,38,0,3,3,7
SN,AS,nidana,324,57,30,43,0,1,52,15,21,21,38,0,3,3,7
SN,AS,nidana,325,57,30,44,0,1,52,14,21,21,38,0,3,3,7
SN,AS,nidana,326,58,31,44,0,1,51,14,20,21,38,0,3,3,7
SN,AS,nidana,327,57,33,43,0,1,50,14,20,22,38,0,3,3,7
SN,AS,nidana,328,55,33,43,0,1,51,14,21,22,39,0,3,3,6
SN,AS,nidana,329,55,33,43,0,1,52,14,22,20,39,0,3,3,6
SN,AS,nidana,330,56,34,41,0,1,52,14,22,20,39,0,3,3,6
SN,AS,nidana,331,55,34,42,0,1,51,14,22,21,39,0,3,3,6
SN,AS,nidana,332,55,33,41,0,1,53,14,23,20,39,0,3,3,6
SN,AS,nidana,333,55,32,41,0,1,54,14,23,20,39,0,3,3,6
SN,AS,nidana,334,54,32,40,0,1,55,15,23,20,40,0,3,3,5
SN,AS,nidana,335,53,32,41,0,1,54,15,23,21,40,0,3,3,5
SN,AS,nidana,336,53,32,43,0,1,53,15,22,21,40,0,3,3,5
SN,AS,nidana,337,54,32,42,0,1,53,15,22,21,40,0,3,3,5
SN,AS,nidana,338,54,32,44,0,1,53,15,21,20,41,0,3,3,4
SN,AS,nidana,339,55,32,43,0,1,53,15,22,19,41,0,3,3,4
SN,AS,nidana,340,56,32,43,0,1,51,17,21,19,42,0,3,2,4
SN,AS,nidana,341,56,31,44,0,1,53,17,21,17,42,0,3,2,4
SN,AS,nidana,342,56,30,45,0,1,53,18,21,16,42,0,3,2,4
SN,AS,nidana,343,57,31,44,0,1,53,17,21,16,41,0,3,2,5
SN,AS,nidana,344,56,31,44,0,1,54,16,21,17,42,0,3,2,4
SN,AS,nidana,345,56,31,44,0,1,53,16,22,17,42,0,3,2,4
SN,AS,nidana,346,57,31,44,0,1,52,15,21,19,42,0,3,2,4
SN,AS,nidana,347,58,31,45,0,1,51,15,20,19,43,0,3,2,3
SN,AS,nidana,348,58,31,45,0,1,51,15,20,19,43,0,3,2,3
SN,AS,nidana,349,57,30,46,0,1,50,16,19,21,43,0,3,2,3
SN,AS,nidana,350,57,30,49,0,1,47,16,18,22,43,0,3,2,3
SN,AS,nidana,351,57,29,48,0,1,48,16,19,22,44,0,3,2,2
SN,AS,nidana,352,57,29,49,0,1,47,15,20,22,43,0,3,2,3
SN,AS,nidana,353,56,28,50,0,1,48,15,20,22,43,0,3,2,3
SN,AS,nidana,354,58,28,52,0,1,47,15,20,23,43,0,2,2,3
SN,AS,nidana,355,60,29,53,0,1,46,15,21,23,43,0,1,2,3
SN,AS,nidana,356,62,29,53,0,0,46,15,21,22,44,0,1,2,3
SN,AS,nidana,357,63,29,53,0,0,47,15,20,22,45,0,1,1,3
SN,AS,nidana,358,64,29,53,0,0,45,15,20,23,46,0,1,0,3
SN,AS,nidana,359,64,29,54,0,0,46,14,21,22,47,0,0,0,2
SN,AS,nidana,360,64,30,53,0,0,47,13,21,22,47,0,0,0,2
SN,AS,nidana,361,64,30,52,0,0,48,13,20,23,47,0,0,0,2
SN,AS,nidana,362,62,30,53,0,0,51,12,20,22,47,0,0,0,2
SN,AS,nidana,363,62,29,52,0,0,52,12,20,23,47,0,0,0,2
SN,AS,nidana,364,62,29,52,0,0,54,11,19,23,47,0,0,0,2
SN,AS,nidana,365,62,30,51,0,0,53,11,19,24,47,0,0,0,2
SN,AS,nidana,366,62,30,52,0,0,52,11,19,24,47,0,0,0,2
SN,AS,nidana,367,62,29,51,0,0,54,11,19,24,47,0,0,0,2
SN,AS,nidana,368,62,28,52,0,0,55,10,18,25,47,0,0,0,2
SN,AS,nidana,369,61,28,52,0,0,55,9,16,25,47,0,1,0,2
SN,AS,nidana,370,60,28,52,0,0,54,8,16,25,47,0,1,0,2
SN,AS,nidana,371,58,28,52,0,0,54,9,16,26,46,0,1,0,2
SN,AS,nidana,372,57,29,52,0,0,53,9,17,25,45,0,1,1,2
SN,AS,nidana,373,61,27,52,0,0,53,8,16,25,46,0,1,1,2
SN,AS,nidana,374,61,27,52,0,0,53,8,16,25,46,0,1,1,2
SN,AS,nidana,375,61,28,53,0,0,52,8,16,24,46,0,1,1,2
SN,AS,nidana,376,60,27,56,0,0,50,8,16,25,46,0,1,1,2
SN,AS,nidana,377,61,26,56,0,0,51,9,15,24,46,0,1,1,2
SN,AS,nidana,378,62,26,56,0,0,51,8,14,25,46,0,1,1,2
SN,AS,nidana,379,62,24,58,0,0,52,8,13,25,46,0,1,1,2
SN,AS,nidana,380,61,23,59,0,0,52,8,14,25,46,0,1,1,2
SN,AS,nidana,381,61,24,59,0,0,52,8,14,24,46,0,1,1,2
SN,AS,nidana,382,62,24,60,0,0,50,8,13,25,46,0,1,1,2
SN,AS,nidana,383,62,25,61,0,0,49,8,11,26,46,0,1,1,2
SN,AS,nidana,384,62,26,61,0,0,48,7,12,26,46,0,1,1,2
SN,AS,nidana,385,62,28,61,0,0,48,6,12,25,46,0,1,1,2
SN,AS,nidana,386,61,28,60,0,0,48,6,14,25,45,0,1,2,2
SN,AS,nidana,387,60,30,60,0,0,47,6,14,25,45,0,1,2,2
SN,AS,nidana,388,60,29,60,0,0,47,6,15,25,45,0,1,2,2
SN,AS,nidana,389,60,28,60,0,0,47,7,15,25,45,0,1,2,2
SN,AS,nidana,390,60,30,60,0,0,48,5,15,24,45,0,1,2,2
SN,AS,nidana,391,60,30,60,0,0,48,5,15,24,45,0,1,2,2
SN,AS,nidana,392,61,31,59,0,0,48,4,15,24,45,0,1,2,2
SN,AS,nidana,393,60,31,59,0,0,48,4,16,24,46,0,1,2,1
SN,AS,nidana,394,61,31,59,0,0,47,5,16,23,46,0,1,2,1
SN,AS,nidana,395,61,32,59,0,0,46,6,16,22,46,0,1,2,1
SN,AS,nidana,396,60,31,60,0,0,48,6,16,21,46,0,1,2,1
SN,AS,nidana,397,61,33,58,0,0,48,6,16,20,46,0,1,2,1
SN,AS,nidana,398,61,33,61,0,0,45,7,15,20,46,0,1,2,1
SN,AS,nidana,399,60,34,62,0,0,46,7,15,18,45,0,1,3,1
SN,AS,nidana,400,61,34,60,0,0,48,7,15,17,45,0,1,3,1
SN,AS,nidana,401,60,34,62,0,0,48,7,14,17,45,0,1,3,1
SN,AS,nidana,402,60,35,62,0,0,49,7,13,16,46,0,1,3,0
SN,AS,nidana,403,60,36,62,0,0,47,7,13,17,46,0,1,3,0
SN,AS,nidana,404,59,36,63,0,0,47,7,13,17,46,0,1,3,0
SN,AS,nidana,405,58,35,63,0,0,50,7,12,17,45,0,1,3,1
SN,AS,nidana,406,57,37,61,0,0,50,7,12,18,45,0,1,3,1
SN,AS,nidana,407,58,36,60,0,0,51,7,12,18,45,0,1,3,1
SN,AS,nidana,408,58,37,58,0,0,51,7,12,19,45,0,1,3,1
SN,AS,nidana,409,58,36,59,0,0,51,7,11,20,45,0,1,3,1
SN,AS,nidana,410,58,36,60,0,0,51,7,11,19,44,0,1,3,2
SN,AS,nidana,411,59,36,60,0,0,51,7,11,18,44,0,1,3,2
SN,AS,nidana,412,59,38,59,0,0,50,7,11,18,43,0,1,3,3
SN,AS,nidana,413,59,38,61,0,0,48,7,11,18,43,0,1,3,3
SN,AS,nidana,414,59,38,60,0,0,49,7,12,17,43,0,1,3,3
SN,AS,nidana,415,59,36,60,0,0,49,8,13,17,42,0,1,3,4
SN,AS,nidana,416,59,36,57,0,0,48,9,13,20,42,0,1,3,4
SN,AS,nidana,417,59,35,57,0,0,48,10,13,20,42,0,1,3,4
SN,AS,nidana,418,59,35,58,0,0,47,11,13,19,42,0,1,3,4
SN,AS,nidana,419,60,36,59,0,0,48,11,13,19,42,0,0,3,4
SN,AS,nidana,420,61,36,60,0,0,50,11,13,18,42,0,0,3,4
SN,AS,nidana,421,62,37,61,0,0,49,10,13,17,43,0,0,3,4
SN,AS,nidana,422,63,36,59,0,0,51,10,13,18,44,0,0,2,4
SN,AS,nidana,423,60,36,59,0,0,52,11,14,18,44,0,0,2,4
SN,AS,nidana,424,60,36,58,0,0,52,11,14,19,44,0,0,2,4
SN,AS,nidana,425,60,36,57,0,0,52,11,14,20,44,0,0,2,4
SN,AS,nidana,426,60,36,57,0,0,53,11,14,19,44,0,0,2,4
SN,AS,nidana,427,60,35,58,0,0,53,11,14,19,44,0,0,2,4
SN,AS,nidana,428,59,36,58,0,0,52,12,14,19,44,0,0,2,4
SN,AS,nidana,429,60,36,56,0,0,50,14,14,20,44,0,0,2,4
SN,AS,nidana,430,60,36,55,0,0,50,15,14,20,44,0,0,2,4
SN,AS,nidana,431,60,35,54,0,0,52,15,14,20,44,0,0,2,4
SN,AS,nidana,432,59,35,53,0,0,53,15,15,20,43,0,0,2,5
SN,AS,nidana,433,59,35,53,0,0,54,15,15,19,43,0,0,2,5
SN,AS,nidana,434,59,33,54,0,0,56,15,14,19,43,0,0,2,5
SN,AS,nidana,435,59,32,54,0,0,56,15,14,20,43,0,0,2,5
SN,AS,nidana,436,60,31,54,0,0,58,15,13,19,44,0,0,1,5
SN,AS,nidana,437,60,31,53,0,0,58,15,13,20,44,0,0,1,5
SN,AS,nidana,438,60,31,51,0,0,58,17,12,21,44,0,0,1,5
SN,AS,nidana,439,59,31,54,0,0,58,16,11,21,44,0,0,1,5
SN,AS,nidana,440,60,29,54,0,0,58,16,11,22,44,0,0,1,5
SN,AS,nidana,441,60,29,53,0,0,57,16,13,22,44,0,0,1,5
SN,AS,nidana,442,60,27,54,0,0,57,16,14,22,44,0,0,1,5
SN,AS,nidana,443,60,26,55,0,0,58,16,13,22,44,0,0,1,5
SN,AS,nidana,444,60,25,58,0,0,58,15,12,22,44,0,0,1,5
SN,AS,nidana,445,60,24,58,0,0,61,14,11,22,44,0,0,1,5
SN,AS,nidana,446,61,24,57,0,0,60,15,11,22,44,0,0,1,5
SN,AS,nidana,447,59,24,58,0,0,60,15,12,22,44,0,0,1,5
SN,AS,nidana,448,59,26,56,0,0,60,14,13,22,44,0,0,1,5
SN,AS,nidana,449,60,26,54,0,0,61,13,14,22,45,0,0,0,5
SN,AS,nidana,450,59,28,54,0,0,60,13,14,22,44,0,0,0,6
SN,AS,nidana,451,59,29,54,0,0,58,13,14,23,44,0,0,0,6
SN,AS,nidana,452,59,28,54,0,0,58,13,14,24,44,0,0,0,6
SN,AS,nidana,453,59,27,54,0,0,59,13,14,24,44,0,0,0,6
SN,AS,nidana,454,58,27,53,0,0,61,13,14,23,43,0,0,1,6
SN,AS,nidana,455,58,27,55,0,0,58,13,14,24,44,0,0,1,5
SN,AS,nidana,456,58,25,56,0,0,58,13,15,24,44,0,0,1,5
SN,AS,nidana,457,57,26,57,0,0,57,13,15,24,44,0,0,1,5
SN,AS,nidana,458,57,26,58,0,0,57,13,15,23,44,0,0,1,5
SN,AS,nidana,459,58,26,56,0,0,59,13,15,22,44,0,0,1,5
SN,AS,nidana,460,58,26,54,0,0,58,13,17,23,45,0,0,1,4
SN,AS,nidana,461,57,25,55,0,0,58,13,17,24,45,0,0,1,4
SN,AS,nidana,462,57,23,56,0,0,58,13,17,25,46,0,0,1,3
SN,AS,nidana,463,57,23,54,0,0,59,13,18,25,46,0,0,1,3
SN,AS,nidana,464,57,24,56,0,0,56,13,17,26,46,0,0,1,3
SN,AS,nidana,465,57,24,58,0,0,56,12,16,26,47,0,0,1,2
SN,AS,nidana,466,58,24,59,0,0,57,11,17,23,47,0,0,1,2
SN,AS,nidana,467,58,25,58,0,0,58,10,17,23,47,0,0,1,2
SN,AS,nidana,468,58,25,57,0,0,59,9,18,23,47,0,0,1,2
SN,AS,nidana,469,58,26,56,0,0,59,9,18,23,47,0,0,1,2
SN,AS,nidana,470,58,26,56,0,0,58,9,17,25,47,0,0,1,2
SN,AS,nidana,471,58,25,56,0,0,58,9,17,26,47,0,0,1,2
SN,AS,nidana,472,58,26,57,0,0,57,9,16,26,47,0,0,1,2
SN,AS,nidana,473,58,26,58,0,0,58,8,15,26,47,0,0,1,2
SN,AS,nidana,474,57,28,57,0,0,58,8,15,26,47,0,0,1,2
SN,AS,nidana,475,59,27,56,0,0,57,9,15,26,47,0,0,1,2
SN,AS,nidana,476,59,28,54,0,0,56,9,16,27,47,0,0,1,2
SN,AS,nidana,477,58,29,54,0,0,56,9,16,27,47,0,0,1,2
SN,AS,nidana,478,58,28,53,0,0,59,8,17,26,47,0,0,1,2
SN,AS,nidana,479,57,29,54,0,0,60,6,18,25,47,0,0,1,2
SN,AS,nidana,480,57,30,56,0,0,59,5,17,25,47,0,0,1,2
SN,AS,nidana,481,57,31,55,0,0,57,6,17,26,47,0,0,1,2
SN,AS,nidana,482,57,31,56,0,0,58,6,16,25,48,0,0,1,1
SN,AS,nidana,483,57,29,57,0,0,59,6,16,25,48,0,0,1,1
SN,AS,nidana,484,58,29,57,0,0,56,7,17,25,48,0,0,1,1
SN,AS,nidana,485,58,29,58,0,0,55,7,17,25,48,0,0,1,1
SN,AS,nidana,486,58,29,60,0,0,53,7,16,26,48,0,0,1,1
SN,AS,nidana,487,58,27,60,0,0,55,7,16,26,48,0,0,1,1
SN,AS,nidana,488,57,27,60,0,0,54,5,17,26,48,0,0,1,1
SN,AS,nidana,489,56,27,57,0,0,54,5,18,26,47,0,0,1,1
SN,AS,nidana,490,55,27,56,0,0,56,5,19,26,46,0,0,1,1
SN,AS,nidana,491,54,27,58,0,0,55,5,18,26,45,0,0,2,1
SN,AS,nidana,492,53,30,58,0,0,54,5,17,26,44,0,0,2,2
SN,AS,nidana,493,54,30,57,0,0,52,5,18,27,44,0,0,2,2
SN,AS,nidana,494,53,31,55,0,0,54,5,18,27,44,0,0,2,2
SN,AS,nidana,495,53,32,56,0,0,52,5,18,27,44,0,0,2,2
SN,AS,nidana,496,52,33,57,0,0,53,4,18,26,44,0,0,2,2
SN,AS,nidana,497,52,31,57,0,0,53,5,19,26,44,0,0,2,2
SN,AS,nidana,498,52,32,57,0,0,53,5,18,26,44,0,0,2,2
SN,AS,nidana,499,53,32,58,0,0,51,5,18,26,44,0,0,2,2
SN,AS,nidana,500,54,30,58,0,0,51,5,19,26,45,0,0,2,1
SN,AS,nidana,501,55,30,56,0,0,52,5,20,25,45,0,0,2,1
SN,AS,nidana,502,55,29,55,0,0,53,5,21,25,45,0,0,2,1
SN,AS,nidana,503,55,29,53,0,0,54,5,22,25,45,0,0,2,1
SN,AS,nidana,504,56,31,51,0,0,53,5,23,25,46,0,0,1,1
SN,AS,nidana,505,56,33,48,0,0,53,5,25,24,46,0,0,1,1
SN,AS,nidana,506,56,34,49,0,0,53,5,24,23,46,0,0,1,1
SN,AS,nidana,507,56,33,48,0,0,53,6,24,24,46,0,0,1,1
SN,AS,nidana,508,56,32,47,0,0,56,6,24,23,46,0,0,1,1
SN,AS,nidana,509,55,33,47,0,0,55,6,25,23,46,0,0,1,1
SN,AS,nidana,510,56,32,47,0,0,57,6,24,22,46,0,0,1,1
SN,AS,nidana,511,58,32,47,0,0,56,6,24,21,46,0,0,1,1
SN,AS,nidana,512,58,34,48,0,0,54,6,24,20,46,0,0,1,1
SN,AS,nidana,513,59,34,48,0,0,54,7,23,19,46,0,0,1,1
SN,AS,nidana,514,59,33,46,0,0,56,7,24,19,46,0,0,1,1
SN,AS,nidana,515,59,34,45,0,0,56,7,24,19,46,0,0,1,1
SN,AS,nidana,516,59,35,46,0,0,55,7,23,19,46,0,0,1,1
SN,AS,nidana,517,59,36,48,0,0,52,7,23,19,45,0,0,1,2
SN,AS,nidana,518,59,36,47,0,0,54,7,22,19,45,0,0,1,2
SN,AS,nidana,519,59,36,47,0,0,53,7,22,20,45,0,0,1,2
SN,AS,nidana,520,59,38,47,0,0,53,7,22,18,45,0,0,1,2
SN,AS,nidana,521,59,38,45,0,0,55,7,23,17,45,0,0,1,2
SN,AS,nidana,522,59,37,45,0,0,55,7,23,18,45,0,0,1,2
SN,AS,nidana,523,60,37,44,0,0,54,7,23,19,45,0,0,1,2
SN,AS,nidana,524,60,37,44,0,0,54,7,23,19,45,0,0,1,2
SN,AS,nidana,525,58,38,45,0,0,55,6,23,19,45,0,0,1,2
SN,AS,nidana,526,59,37,46,0,0,55,6,22,19,45,0,0,1,2
SN,AS,nidana,527,59,38,45,0,0,54,6,22,20,45,0,0,1,2
SN,AS,nidana,528,59,38,47,0,0,53,6,21,20,45,0,0,1,2
SN,AS,nidana,529,60,38,46,0,0,53,6,21,20,45,0,0,1,2
SN,AS,nidana,530,60,37,47,0,0,53,6,21,20,45,0,0,1,2
SN,AS,nidana,531,60,36,49,0,0,54,5,21,19,45,0,0,1,2
SN,AS,nidana,532,60,37,48,0,0,52,5,23,19,45,0,0,1,2
SN,AS,nidana,533,61,37,47,0,0,51,5,23,20,45,0,0,1,2
SN,AS,nidana,534,60,37,48,0,0,52,4,22,21,45,0,0,1,2
SN,AS,nidana,535,61,37,47,0,0,53,4,22,20,45,0,0,1,2
SN,AS,nidana,536,61,38,44,0,0,56,4,22,19,45,0,0,1,2
SN,AS,nidana,537,61,39,44,0,0,55,4,22,19,45,0,0,1,2
SN,AS,nidana,538,62,39,45,0,0,55,5,21,20,45,0,0,1,2
SN,AS,nidana,539,63,39,46,0,0,55,6,20,21,46,0,0,1,2
SN,AS,nidana,540,63,40,47,0,0,53,6,19,21,47,0,0,1,2
SN,AS,nidana,541,64,40,46,0,0,53,7,19,21,48,0,0,0,2
SN,AS,nidana,542,66,37,46,0,0,54,7,19,21,48,0,0,0,2
SN,AS,nidana,543,65,38,46,0,0,55,8,18,20,48,0,0,0,2
SN,AS,nidana,544,66,37,45,0,0,55,9,18,20,48,0,0,0,2
SN,AS,nidana,545,66,37,45,0,0,55,9,18,20,48,0,0,0,2
SN,AS,nidana,546,66,38,46,0,0,53,9,18,20,48,0,0,0,2
SN,AS,nidana,547,66,38,47,0,0,55,8,16,20,48,0,0,0,2
SN,AS,nidana,548,66,35,48,0,0,55,9,16,21,48,0,0,0,2
SN,AS,nidana,549,65,35,49,0,0,55,9,15,22,48,0,0,0,2
SN,AS,nidana,550,64,35,50,0,0,56,9,14,22,47,0,0,0,3
SN,AS,nidana,551,63,35,51,0,0,56,9,14,22,47,0,0,0,3
SN,AS,nidana,552,63,35,52,0,0,56,9,14,21,47,0,0,0,3
SN,AS,nidana,553,63,35,53,0,0,57,9,13,20,47,0,0,0,3
SN,AS,nidana,554,63,35,53,0,0,58,9,12,20,47,0,0,0,3
SN,AS,nidana,555,63,33,53,0,0,59,9,11,22,47,0,0,0,3
SN,AS,nidana,556,63,32,53,0,0,59,9,11,23,47,0,0,0,3
SN,AS,nidana,557,64,32,53,0,0,60,8,11,22,47,0,0,0,3
SN,AS,nidana,558,65,32,53,0,0,58,9,11,22,47,0,0,0,3
SN,AS,nidana,559,65,31,53,0,0,57,9,12,23,47,0,0,0,3
SN,AS,nidana,560,64,34,54,0,0,55,9,11,23,47,0,0,0,3
SN,AS,nidana,561,62,35,55,0,0,55,9,11,23,47,0,0,0,3
SN,AS,nidana,562,62,35,53,0,0,55,9,12,24,47,0,0,0,3
SN,AS,nidana,563,61,35,54,0,0,55,8,13,24,47,0,0,0,3
SN,AS,nidana,564,61,37,54,0,0,54,8,13,23,47,0,0,0,3
SN,AS,nidana,565,61,36,52,0,0,55,10,13,23,47,0,0,0,3
SN,AS,nidana,566,60,36,50,0,0,55,11,13,25,47,0,0,0,3
SN,AS,nidana,567,61,35,48,0,0,57,11,13,25,48,0,0,0,2
SN,AS,nidana,568,63,35,47,0,0,54,12,13,26,48,0,0,0,2
SN,AS,nidana,569,64,34,47,0,0,54,12,14,25,48,0,0,0,2
SN,AS,nidana,570,65,33,46,0,0,54,12,16,25,47,0,1,0,2
SN,AS,nidana,571,64,34,46,0,0,52,13,15,27,46,0,1,0,3
SN,AS,nidana,572,64,36,45,0,0,51,13,17,25,45,0,2,0,4
SN,AS,nidana,573,62,35,46,0,0,50,13,19,25,44,0,5,0,4
SN,AS,nidana,574,61,33,46,0,0,50,13,20,24,43,0,5,0,4
SN,AS,nidana,575,60,32,45,0,0,49,13,21,24,43,0,5,0,4
SN,AS,nidana,576,59,32,43,0,0,52,13,21,24,43,0,5,0,4
SN,AS,nidana,577,58,31,45,0,0,52,12,22,23,42,0,5,1,4
SN,AS,nidana,578,61,32,46,0,0,51,13,24,24,42,0,5,1,4
SN,AS,nidana,579,62,33,46,0,0,50,15,23,25,41,0,5,1,4
SN,AS,nidana,580,61,34,43,0,0,49,15,24,27,40,0,5,1,5
SN,AS,nidana,581,60,35,41,0,0,50,15,24,27,39,0,6,1,5
SN,AS,nidana,582,59,34,43,0,0,50,15,24,27,38,0,6,1,5
SN,AS,nidana,583,57,34,43,0,0,52,15,24,28,37,0,6,1,5
SN,AS,nidana,584,57,34,43,1,0,51,16,24,27,36,0,6,1,5
SN,AS,nidana,585,56,34,43,1,0,51,16,24,27,36,0,6,1,5
SN,AS,nidana,586,55,34,43,1,0,48,16,26,28,35,0,6,1,5
SN,AS,nidana,587,55,33,42,1,0,48,18,26,28,35,0,7,1,5
SN,AS,nidana,588,54,36,41,1,0,49,17,26,28,34,0,7,1,5
SN,AS,nidana,589,53,36,40,1,0,49,16,26,29,33,0,7,1,5
SN,AS,nidana,590,52,35,39,1,0,49,16,26,29,32,0,7,1,6
SN,AS,nidana,591,51,36,38,1,1,50,15,26,29,31,0,7,1,6
SN,AS,nidana,592,50,40,38,1,1,49,18,26,30,31,1,9,1,5
SN,AS,nidana,593,51,40,39,1,1,49,17,27,31,30,2,9,1,5
SN,AS,nidana,594,50,42,42,1,1,48,16,27,31,29,2,9,1,5
SN,AS,nidana,595,49,42,41,1,2,48,16,27,31,28,2,9,1,5
SN,AS,nidana,596,57,45,45,1,3,56,20,33,40,27,2,14,1,5
SN,AS,nidana,597,57,45,43,2,3,55,20,33,42,26,2,14,1,5
SN,AS,nidana,598,61,49,47,2,3,62,21,36,51,25,2,17,1,5
SN,AS,nidana,599,62,51,45,2,3,63,21,36,50,24,2,17,1,5
SN,AS,nidana,600,62,53,46,2,3,66,22,36,52,24,2,18,1,5
SN,AS,nidana,601,76,60,65,2,3,72,31,41,62,23,2,26,1,5
SN,AS,nidana,602,79,62,71,2,3,77,38,44,65,22,2,29,1,6
SN,AS,nidana,603,78,62,70,3,3,75,39,44,65,21,2,32,1,6
SN,AS,nidana,604,83,65,77,3,3,77,42,48,68,20,2,34,1,7
SN,AS,nidana,605,96,75,85,3,3,85,45,55,70,19,2,34,1,8
SN,AS,nidana,606,96,76,85,3,3,84,46,56,69,18,2,34,1,8
SN,AS,nidana,607,97,77,89,3,3,83,49,61,70,17,2,34,1,9
SN,AS,nidana,608,95,79,89,4,3,83,48,61,71,16,2,34,1,9
SN,AS,nidana,609,94,79,89,4,3,83,48,59,70,16,2,35,1,9
SN,AS,nidana,610,94,76,89,4,3,83,50,60,70,16,2,35,1,9
SN,AS,nidana,611,94,76,88,4,3,84,50,60,70,16,2,35,1,9
SN,AS,nidana,612,95,74,89,4,3,86,50,59,69,16,2,35,1,9
SN,AS,nidana,613,95,74,89,4,3,86,50,58,70,16,2,35,1,9
SN,AS,nidana,614,95,72,91,4,3,85,50,58,71,16,2,35,1,9
SN,AS,nidana,615,95,74,91,4,3,85,48,59,70,16,2,35,1,9
SN,AS,nidana,616,95,74,91,4,3,86,48,60,68,16,2,35,1,9
SN,AS,nidana,617,94,75,92,4,3,84,48,61,68,16,2,35,1,9
SN,AS,nidana,618,92,75,93,4,3,85,47,62,68,16,2,35,1,9
SN,AS,nidana,619,91,75,93,4,3,85,48,62,68,16,2,35,1,9
SN,AS,nidana,620,91,74,94,4,3,85,48,60,69,17,2,34,1,9
SN,AS,nidana,621,92,75,95,4,3,85,47,60,67,18,2,34,1,8
SN,AS,nidana,622,93,74,96,4,3,86,47,58,67,19,2,33,1,7
SN,AS,nidana,623,95,75,96,4,3,87,47,56,66,20,2,30,1,7
SN,AS,nidana,624,96,75,98,4,3,86,47,56,67,21,2,30,1,7
SN,AS,nidana,625,98,76,99,4,3,86,47,56,66,21,2,30,1,7
SN,AS,nidana,626,98,77,101,4,3,84,47,56,65,20,2,30,1,8
SN,AS,nidana,627,99,77,101,4,3,84,47,55,66,20,2,30,0,9
SN,AS,nidana,628,96,76,98,4,3,85,46,54,66,19,2,30,0,10
SN,AS,nidana,629,95,75,98,4,3,85,45,55,65,19,2,30,0,11
SN,AS,nidana,630,96,75,98,4,3,87,45,55,63,19,2,30,0,11
SN,AS,nidana,631,98,75,100,4,3,84,45,55,63,19,2,29,0,12
SN,AS,nidana,632,99,77,98,4,3,85,45,53,63,20,2,29,0,12
SN,AS,nidana,633,100,78,97,4,3,82,46,53,63,21,2,29,0,12
SN,AS,nidana,634,100,79,96,3,3,83,46,53,63,22,2,29,0,12
SN,AS,nidana,635,100,79,97,3,3,82,46,53,64,22,2,29,0,12
SN,AS,nidana,636,101,78,99,3,3,82,46,52,64,23,2,29,0,12
SN,AS,nidana,637,101,80,99,3,3,82,44,53,63,23,2,28,0,12
SN,AS,nidana,638,101,77,99,3,3,81,44,54,62,24,2,28,0,12
SN,AS,nidana,639,102,77,99,3,3,81,44,54,60,24,2,28,0,12
SN,AS,nidana,640,102,77,99,3,3,83,45,55,60,24,2,28,0,11
SN,AS,nidana,641,102,76,101,3,2,82,45,55,60,24,2,28,1,11
SN,AS,nidana,642,101,72,100,3,2,82,43,55,62,25,1,26,1,11
SN,AS,nidana,643,101,71,99,3,2,81,44,55,61,26,0,26,1,11
SN,AS,nidana,644,101,69,98,3,2,82,44,55,61,27,0,26,1,11
SN,AS,nidana,645,103,68,99,3,1,81,44,55,62,28,0,26,1,11
SN,AS,nidana,646,95,64,94,3,0,75,40,49,53,29,0,21,1,11
SN,AS,nidana,647,95,66,94,2,0,75,40,50,51,30,0,21,1,11
SN,AS,nidana,648,92,62,90,2,0,68,38,47,42,31,0,18,1,11
SN,AS,nidana,649,91,59,91,2,0,68,38,48,43,32,0,18,1,11
SN,AS,nidana,650,91,58,89,2,0,63,37,49,42,33,0,17,1,10
SN,AS,nidana,651,77,51,70,2,0,57,29,43,32,34,0,9,1,10
SN,AS,nidana,652,74,51,64,2,0,50,22,39,30,35,0,6,1,9
SN,AS,nidana,653,75,53,64,1,0,49,21,40,31,36,0,3,1,9
SN,AS,nidana,654,70,48,59,1,0,46,18,36,29,37,0,1,1,8
SN,AS,nidana,655,57,39,51,1,0,38,16,28,26,38,0,1,1,7
SN,AS,nidana,656,58,38,49,1,0,40,15,28,26,39,0,1,1,7
SN,AS,nidana,657,56,37,46,1,0,39,12,23,27,40,0,1,1,6
SN,AS,nidana,658,57,35,47,0,0,39,12,23,27,41,0,1,1,6
SN,AS,nidana,659,58,36,47,0,0,38,13,24,28,41,0,0,1,6
SN,AS,nidana,660,58,37,47,0,0,39,11,24,28,41,0,0,1,6
SN,AS,nidana,661,60,37,46,0,0,38,11,24,28,41,0,0,1,6
SN,AS,nidana,662,60,37,46,0,0,37,11,25,28,41,0,0,1,6
SN,AS,nidana,663,60,38,45,0,0,37,11,25,28,41,0,0,1,6
SN,AS,nidana,664,60,39,44,0,0,38,11,24,28,41,0,0,1,6
SN,AS,nidana,665,60,37,45,0,0,39,11,24,28,41,0,0,1,6
SN,AS,nidana,666,60,36,46,0,0,40,10,23,29,41,0,0,1,6
SN,AS,nidana,667,60,35,45,0,0,42,10,22,30,40,0,0,1,7
SN,AS,nidana,668,60,35,46,0,0,42,10,21,30,40,0,0,1,7
SN,AS,nidana,669,60,34,47,0,0,42,10,21,30,39,0,0,1,8
SN,AS,nidana,670,60,34,48,0,0,41,10,21,30,39,0,0,1,8
SN,AS,nidana,671,60,32,48,0,0,42,11,21,30,39,0,0,1,8
SN,AS,nidana,672,59,32,47,0,0,43,11,22,30,39,0,0,1,8
SN,AS,nidana,673,58,31,47,0,0,42,12,22,32,39,0,0,1,8
SN,AS,nidana,674,58,31,45,0,0,45,12,22,31,39,0,0,1,8
SN,AS,nidana,675,57,31,45,0,0,45,13,21,32,39,0,0,1,8
SN,AS,nidana,676,57,30,43,0,0,45,13,23,33,40,0,0,1,7
SN,AS,nidana,677,57,29,42,0,0,46,13,24,33,41,0,0,1,6
SN,AS,nidana,678,58,29,42,0,0,45,15,23,32,42,0,0,1,5
SN,AS,nidana,679,57,28,43,0,0,45,15,22,34,43,0,0,1,4
SN,AS,nidana,680,57,27,43,0,0,46,15,22,34,44,0,0,1,3
SN,AS,nidana,681,57,27,42,0,0,47,15,22,34,45,0,0,1,2
SN,AS,nidana,682,58,27,42,0,0,46,15,22,34,45,0,0,1,2
SN,AS,nidana,683,58,29,42,0,0,46,14,22,33,45,0,0,1,2
SN,AS,nidana,684,58,30,42,0,0,46,13,22,33,45,0,0,1,2
SN,AS,nidana,685,58,29,40,0,0,49,13,23,32,45,0,0,1,2
SN,AS,nidana,686,58,29,40,0,0,50,13,22,32,45,0,0,1,2
SN,AS,nidana,687,58,27,41,0,0,51,13,21,33,45,0,0,1,2
SN,AS,nidana,688,60,27,42,0,0,52,13,20,33,45,0,0,1,2
SN,AS,nidana,689,60,29,42,0,0,53,13,20,33,46,0,0,1,2
SN,AS,nidana,690,61,29,44,0,0,51,13,19,32,47,0,0,1,2
SN,AS,nidana,691,62,29,45,0,0,51,13,18,32,48,0,0,0,2
SN,AS,nidana,692,62,30,47,0,0,51,12,18,30,48,0,0,0,2
SN,AS,nidana,693,62,30,47,0,0,51,12,18,30,47,0,0,0,3
SN,AS,nidana,694,63,30,45,0,0,50,13,18,31,47,0,0,0,3
SN,AS,nidana,695,62,30,44,0,0,51,14,18,31,47,0,0,0,3
SN,AS,nidana,696,62,29,44,0,0,50,14,19,32,47,0,0,0,3
SN,AS,nidana,697,63,28,44,0,0,50,14,18,33,47,0,0,0,3
SN,AS,nidana,698,62,29,42,0,0,52,14,19,32,47,0,0,0,3
SN,AS,nidana,699,62,29,43,0,0,52,15,18,31,47,0,0,0,3
SN,AS,nidana,700,62,29,42,0,0,54,15,18,30,47,0,0,0,3
SN,AS,nidana,701,61,28,41,0,0,53,14,19,31,47,0,0,0,3
SN,AS,nidana,702,60,26,40,0,0,53,14,19,31,47,0,1,0,3
SN,AS,nidana,703,59,24,41,0,1,54,14,19,31,46,0,1,0,3
SN,AS,nidana,704,58,25,41,0,1,53,14,20,30,45,0,1,1,3
SN,AS,nidana,705,57,24,43,0,1,53,13,20,29,44,0,1,1,4
SN,AS,nidana,706,55,24,44,0,1,51,13,19,29,43,0,1,1,4
SN,AS,nidana,707,54,24,44,0,1,51,13,19,28,42,0,2,1,5
SN,AS,nidana,708,53,25,43,0,1,51,13,19,27,42,0,2,1,5
SN,AS,nidana,709,53,27,46,0,1,53,14,18,28,41,0,2,1,5
SN,AS,nidana,710,53,26,46,0,1,52,14,17,30,40,0,2,2,5
SN,AS,nidana,711,50,25,48,0,1,51,14,17,31,39,0,2,2,5
SN,AS,nidana,712,48,26,47,0,1,50,14,16,32,38,0,2,3,5
SN,AS,nidana,713,47,25,47,0,1,51,14,16,33,38,0,2,3,5
SN,AS,nidana,714,46,24,46,0,2,50,14,16,33,37,0,3,3,5
SN,AS,nidana,715,52,26,49,1,2,52,16,16,39,36,0,5,3,5
SN,AS,nidana,716,53,28,50,1,2,51,16,17,40,35,0,5,3,5
SN,AS,nidana,717,52,28,50,1,3,51,16,18,40,35,0,5,3,4
SN,AS,nidana,718,51,29,49,1,4,51,16,19,41,34,0,6,3,4
SN,AS,nidana,719,51,29,50,1,4,50,15,19,42,35,0,6,3,3
SN,AS,nidana,720,49,29,48,1,4,50,15,21,41,34,0,6,3,3
SN,AS,nidana,721,50,32,49,1,4,52,15,26,44,33,0,8,3,3
SN,AS,nidana,722,49,32,49,1,4,51,15,25,44,32,0,8,4,3
SN,AS,nidana,723,48,35,52,1,4,53,16,25,45,31,0,8,4,3
SN,AS,nidana,724,50,38,54,1,4,51,18,27,51,30,0,9,4,3
SN,AS,nidana,725,50,37,53,1,4,52,17,27,50,30,0,10,4,3
SN,AS,nidana,726,49,38,55,1,4,51,18,25,50,29,0,11,4,4
SN,AS,nidana,727,50,38,55,1,4,52,19,24,53,28,0,11,4,5
SN,AS,nidana,728,50,39,59,2,4,53,17,25,54,27,0,12,4,5
SN,AS,nidana,729,51,40,60,2,4,53,16,25,53,26,0,12,4,6
SN,AS,nidana,730,52,42,64,2,4,51,18,24,53,25,0,13,4,6
SN,AS,nidana,731,50,42,65,2,5,50,18,24,53,24,0,14,4,6
SN,AS,nidana,732,49,41,66,2,5,52,18,24,54,23,0,14,4,6
SN,AS,nidana,733,50,41,69,2,5,53,20,24,55,22,0,15,4,7
SN,AS,nidana,734,49,39,68,2,6,56,20,24,55,21,0,15,4,7
SN,AS,nidana,735,52,40,69,3,6,55,21,23,55,20,0,15,4,7
SN,AS,nidana,736,51,40,67,3,6,54,22,25,56,19,0,15,4,8
SN,AS,nidana,737,52,41,68,3,6,53,25,26,59,18,0,20,4,8
SN,AS,nidana,738,51,44,70,3,6,52,26,27,58,17,0,21,4,9
SN,AS,nidana,739,51,43,70,3,6,51,26,27,59,16,0,21,4,9
SN,AS,nidana,740,51,45,68,3,6,50,26,27,61,15,1,21,4,9
SN,AS,nidana,741,52,44,65,3,6,52,26,28,62,14,1,21,5,9
SN,AS,nidana,742,51,43,64,3,6,52,26,32,63,13,1,21,5,9
SN,AS,nidana,743,50,44,64,4,6,52,26,31,64,13,1,21,5,8
SN,AS,nidana,744,49,45,65,4,6,51,25,31,65,12,1,21,5,8
SN,AS,nidana,745,48,47,65,4,6,52,25,31,66,12,1,22,5,8
SN,AS,nidana,746,48,48,67,4,6,51,26,30,66,12,1,22,5,8
SN,AS,nidana,747,51,49,71,4,6,50,26,30,68,11,1,22,6,8
SN,AS,nidana,748,51,51,72,5,6,50,26,30,68,10,1,23,6,8
SN,AS,nidana,749,50,53,70,5,6,49,25,30,71,9,1,23,6,8
SN,AS,nidana,750,49,52,70,5,7,48,25,29,71,8,1,23,6,8
SN,AS,nidana,751,50,54,75,5,7,50,25,31,72,7,1,23,6,8
SN,AS,nidana,752,53,57,76,5,8,52,26,31,73,6,1,22,6,8
SN,AS,nidana,753,53,59,79,5,7,54,27,32,72,6,1,24,6,8
SN,AS,nidana,754,54,61,81,5,7,58,28,32,75,6,1,25,5,8
SN,AS,nidana,755,54,62,80,5,7,60,28,32,77,7,1,25,5,7
SN,AS,nidana,756,54,65,83,5,8,65,28,33,78,7,1,26,5,7
SN,AS,nidana,757,55,67,86,5,8,67,28,33,78,8,1,26,5,6
SN,AS,nidana,758,57,67,91,5,8,70,29,33,80,8,1,28,5,6
SN,AS,nidana,759,56,68,90,5,8,68,28,33,78,9,1,29,5,6
SN,AS,nidana,760,57,70,94,5,8,73,30,35,79,9,1,29,4,7
SN,AS,nidana,761,57,70,92,5,8,73,30,35,80,9,1,29,4,7
SN,AS,nidana,762,58,69,92,5,8,75,30,37,79,10,1,29,3,7
SN,AS,nidana,763,60,69,92,5,8,75,30,37,77,10,1,29,3,7
SN,AS,nidana,764,60,69,92,5,7,75,30,37,77,11,1,29,3,7
SN,AS,nidana,765,53,67,88,4,7,71,28,36,72,12,1,28,3,7
SN,AS,nidana,766,52,65,86,4,8,72,28,35,72,12,1,28,3,7
SN,AS,nidana,767,52,65,88,4,7,70,28,35,71,12,1,28,4,7
SN,AS,nidana,768,53,64,88,4,6,69,28,34,70,12,1,27,4,7
SN,AS,nidana,769,52,64,87,4,6,69,28,33,69,11,1,27,4,7
SN,AS,nidana,770,54,67,87,4,6,69,30,32,70,11,1,27,4,8
SN,AS,nidana,771,53,64,88,4,7,66,29,28,67,11,1,25,4,8
SN,AS,nidana,772,53,66,88,4,7,65,30,28,68,11,2,25,3,8
SN,AS,nidana,773,53,64,87,4,7,65,29,28,65,12,2,26,3,8
SN,AS,nidana,774,52,63,87,4,7,65,29,25,60,12,3,25,3,8
SN,AS,nidana,775,51,63,89,4,7,65,30,25,60,11,3,24,3,8
SN,AS,nidana,776,51,62,89,4,7,66,29,25,60,12,3,23,3,7
SN,AS,nidana,777,50,63,89,4,7,69,28,26,57,12,3,23,3,7
SN,AS,nidana,778,48,64,86,3,7,68,29,26,57,13,3,22,3,7
SN,AS,nidana,779,46,63,84,3,7,69,29,27,57,13,3,22,4,6
SN,AS,nidana,780,45,62,80,3,7,69,27,28,59,13,4,22,4,6
SN,AS,nidana,781,45,66,80,3,6,69,27,28,61,13,4,24,4,6
SN,AS,nidana,782,46,66,81,3,6,67,27,28,60,13,4,24,4,6
SN,AS,nidana,783,44,63,80,4,6,67,25,28,62,13,4,23,4,5
SN,AS,nidana,784,45,63,82,4,5,64,26,28,64,13,4,24,4,6
SN,AS,nidana,785,44,62,81,3,5,64,26,28,64,14,4,24,4,6
SN,AS,nidana,786,44,65,83,3,5,64,25,26,63,14,5,25,4,5
SN,AS,nidana,787,45,66,84,3,5,69,25,25,61,14,5,20,4,6
SN,AS,nidana,788,45,64,85,3,6,71,24,25,63,14,5,19,4,5
SN,AS,nidana,789,46,66,94,3,6,74,25,26,68,14,5,19,4,5
SN,AS,nidana,790,46,65,95,3,6,75,26,26,66,14,5,20,4,5
SN,AS,nidana,791,45,67,95,3,7,74,27,26,65,14,5,21,3,5
SN,AS,nidana,792,45,67,94,3,7,75,28,22,65,14,5,21,3,5
SN,AS,nidana,793,44,67,94,2,7,76,27,23,65,14,5,22,3,5
SN,AS,nidana,794,44,67,95,2,8,76,27,24,63,14,5,22,3,5
SN,AS,nidana,795,44,65,95,2,8,76,26,24,62,13,5,21,3,5
SN,AS,nidana,796,43,64,92,2,8,77,26,25,61,12,5,22,3,5
SN,AS,nidana,797,38,63,89,2,8,77,26,25,59,13,5,23,2,5
SN,AS,nidana,798,38,60,89,1,8,77,26,24,59,13,5,22,2,5
SN,AS,nidana,799,38,58,91,1,8,78,26,24,56,14,5,23,2,5
SN,AS,nidana,800,38,59,92,1,7,78,26,25,58,14,5,23,2,5
SN,AS,nidana,801,37,58,88,1,7,77,26,22,56,15,5,23,2,5
SN,AS,nidana,802,35,57,89,1,7,75,25,22,54,15,5,23,2,5
SN,AS,nidana,803,35,55,85,1,7,72,25,21,58,15,5,21,2,5
SN,AS,nidana,804,35,53,81,1,7,70,24,21,55,16,5,20,2,5
SN,AS,nidana,805,35,52,81,1,7,68,25,23,54,16,5,20,2,5
SN,AS,nidana,806,35,49,79,1,7,63,25,22,54,16,5,19,2,5
SN,AS,nidana,807,34,47,75,1,7,63,25,22,54,15,5,18,2,5
SN,AS,nidana,808,33,47,70,1,7,60,26,26,53,14,5,18,2,5
SN,AS,nidana,809,34,44,68,1,7,64,27,27,55,13,5,20,2,5
SN,AS,nidana,810,33,43,64,1,7,59,25,25,52,13,5,20,2,4
SN,AS,nidana,811,34,46,64,1,7,59,25,25,51,14,5,20,2,4
SN,AS,nidana,812,34,46,70,1,7,58,25,25,56,13,5,22,2,4
SN,AS,nidana,813,32,46,71,2,7,56,25,26,58,12,5,22,2,4
SN,AS,nidana,814,33,46,71,2,8,58,26,26,57,11,5,21,2,4
SN,AS,nidana,815,34,48,72,2,8,58,27,26,58,10,5,23,2,4
SN,AS,nidana,816,36,50,75,2,7,60,27,26,57,10,5,23,2,5
SN,AS,nidana,817,36,49,77,2,7,63,27,26,60,10,5,24,1,5
SN,AS,nidana,818,35,50,79,2,7,66,28,26,61,10,5,24,1,5
SN,AS,nidana,819,39,55,81,2,7,71,31,28,63,10,5,26,1,5
SN,AS,nidana,820,37,52,81,2,7,72,29,28,62,11,5,26,1,4
SN,AS,nidana,821,37,52,78,2,6,72,29,27,63,11,5,27,1,4
SN,AS,nidana,822,37,49,79,2,6,72,28,27,62,11,4,27,1,4
SN,AS,nidana,823,40,50,78,3,6,70,29,27,64,10,4,26,1,4
SN,AS,nidana,824,40,49,77,3,6,72,27,27,66,11,3,26,1,4
SN,AS,nidana,825,40,50,77,3,6,72,28,27,67,11,3,26,2,4
SN,AS,nidana,826,41,50,76,3,6,75,29,27,68,10,3,26,3,4
SN,AS,nidana,827,41,50,75,3,6,70,29,28,68,11,3,26,3,3
SN,AS,nidana,828,41,49,77,3,6,69,28,27,68,10,3,26,3,3
SN,AS,nidana,829,42,51,81,3,6,69,28,26,68,10,3,27,3,3
SN,AS,nidana,830,41,52,82,3,6,68,28,25,67,10,2,26,3,3
SN,AS,nidana,831,41,49,83,3,6,72,28,27,67,10,2,24,3,3
SN,AS,nidana,832,39,50,81,3,6,73,32,28,67,11,2,24,3,3
SN,AS,nidana,833,40,50,80,3,6,72,33,28,63,11,2,24,3,3
SN,AS,nidana,834,40,51,80,3,6,75,32,29,63,11,2,23,4,2
SN,AS,nidana,835,37,51,80,3,7,74,33,29,64,10,2,24,4,2
SN,AS,nidana,836,40,49,78,3,7,75,33,31,63,10,1,23,4,2
SN,AS,nidana,837,37,47,75,3,7,70,30,31,61,11,1,24,4,1
SN,AS,nidana,838,37,46,71,3,6,70,30,31,60,12,1,24,4,1
SN,AS,nidana,839,36,45,63,3,6,67,29,30,54,13,1,24,4,1
SN,AS,nidana,840,36,45,62,3,6,69,27,30,54,14,0,23,4,1
SN,AS,nidana,841,36,44,63,3,5,69,26,29,55,15,0,22,4,1
SN,AS,nidana,842,37,47,65,3,5,68,26,29,53,16,0,22,4,1
SN,AS,nidana,843,38,49,65,3,6,67,26,29,53,16,0,21,4,1
SN,AS,nidana,844,39,50,65,3,5,67,27,28,53,17,0,21,4,1
SN,AS,nidana,845,40,52,66,3,5,66,28,28,52,18,0,21,4,1
SN,AS,nidana,846,40,52,66,3,5,65,27,27,53,19,0,21,4,1
SN,AS,nidana,847,40,51,65,3,5,65,27,27,54,19,0,20,4,1
SN,AS,nidana,848,39,51,65,3,6,64,28,28,55,19,0,20,4,1
SN,AS,nidana,849,39,52,65,3,6,63,28,29,55,18,0,19,5,1
SN,AS,nidana,850,41,51,65,3,6,63,28,29,53,19,0,19,5,1
SN,AS,nidana,851,42,50,66,3,6,64,28,29,53,19,0,19,5,1
SN,AS,nidana,852,42,48,65,3,5,67,28,29,53,20,0,19,5,1
SN,AS,nidana,853,43,49,65,3,5,69,27,29,49,21,0,19,5,1
SN,AS,nidana,854,43,49,65,3,5,67,28,28,51,20,0,19,5,2
SN,AS,nidana,855,45,50,65,3,5,67,27,26,50,20,0,19,5,2
SN,AS,nidana,856,46,50,64,3,4,68,28,26,50,21,0,19,5,2
SN,AS,nidana,857,47,51,64,3,4,67,28,26,50,22,0,19,5,2
SN,AS,nidana,858,47,50,64,3,4,67,26,23,50,23,0,17,5,2
SN,AS,nidana,859,47,50,65,3,4,65,24,22,48,24,0,14,5,2
SN,AS,nidana,860,47,50,66,3,4,65,25,22,48,25,0,14,5,2
SN,AS,nidana,861,48,47,67,3,4,66,25,22,48,25,0,14,5,2
SN,AS,nidana,862,48,48,63,3,4,66,25,20,43,26,0,12,5,2
SN,AS,nidana,863,49,48,63,2,4,68,25,19,41,27,0,12,5,2
SN,AS,nidana,864,49,50,65,2,3,66,24,19,41,28,0,12,5,2
SN,AS,nidana,865,49,48,64,2,3,67,23,20,41,29,0,9,5,2
SN,AS,nidana,866,47,47,61,2,3,64,24,20,41,30,0,9,5,1
SN,AS,nidana,867,49,47,58,2,3,63,24,19,38,31,0,8,5,1
SN,AS,nidana,868,50,47,57,2,3,61,23,19,36,32,0,8,5,1
SN,AS,nidana,869,47,43,54,2,3,58,20,18,34,33,0,6,5,1
SN,AS,nidana,870,48,44,55,2,3,58,20,17,35,33,0,6,5,1
SN,AS,nidana,871,48,44,56,2,3,59,20,17,35,34,0,5,5,1
SN,AS,nidana,872,49,45,55,2,3,61,20,18,35,35,0,5,5,1
SN,AS,nidana,873,47,43,54,1,3,64,18,18,33,35,0,5,5,2
SN,AS,nidana,874,45,44,54,1,3,63,18,19,30,34,0,5,5,2
SN,AS,nidana,875,47,43,52,1,3,65,16,19,29,34,0,5,4,3
SN,AS,nidana,876,48,44,51,1,3,61,15,20,28,35,0,5,3,3
SN,AS,nidana,877,48,43,53,1,3,63,15,18,27,34,0,5,3,4
SN,AS,nidana,878,50,44,50,1,3,63,15,18,27,35,0,5,3,4
SN,AS,nidana,879,51,43,48,1,3,62,15,18,26,36,0,4,2,4
SN,AS,nidana,880,52,42,48,1,3,63,15,19,25,37,0,4,2,4
SN,AS,nidana,881,54,40,46,1,3,61,15,17,23,38,0,3,2,4
SN,AS,nidana,882,55,38,47,1,3,61,11,16,24,38,0,3,2,4
SN,AS,nidana,883,55,38,46,0,3,62,11,17,25,39,0,3,2,4
SN,AS,nidana,884,55,38,45,0,3,60,11,16,23,40,0,3,1,4
SN,AS,nidana,885,56,38,46,0,2,62,9,16,22,41,0,2,1,4
SN,AS,nidana,886,55,37,47,0,2,61,10,14,23,42,0,2,1,4
SN,AS,nidana,887,56,37,48,0,2,62,10,15,23,41,0,1,2,4
SN,AS,nidana,888,56,38,49,0,2,62,10,14,22,41,0,1,2,4
SN,AS,nidana,889,57,36,48,0,2,63,10,15,22,41,0,1,2,4
SN,AS,nidana,890,57,35,48,0,2,61,11,16,23,41,0,1,2,4
SN,AS,nidana,891,58,35,47,0,2,60,12,17,22,41,0,1,2,4
SN,AS,nidana,892,58,34,45,0,2,62,11,17,22,41,0,1,2,4
SN,AS,nidana,893,58,33,44,0,1,62,11,16,23,42,0,1,2,4
SN,AS,nidana,894,57,31,43,0,1,64,10,17,23,42,0,1,2,4
SN,AS,nidana,895,57,29,41,0,1,66,9,18,23,42,0,1,2,4
SN,AS,nidana,896,58,30,42,0,1,67,9,18,23,42,0,0,2,4
SN,AS,nidana,897,59,30,44,0,1,68,9,18,22,42,0,0,2,4
SN,AS,nidana,898,60,32,44,0,0,67,8,18,21,43,0,0,2,4
SN,AS,nidana,899,62,31,44,0,0,67,8,18,21,44,0,0,1,4
SN,AS,nidana,900,61,32,43,0,0,67,9,17,22,44,0,0,1,4
SN,AS,nidana,901,62,32,42,0,0,65,10,18,22,44,0,0,1,4
SN,AS,nidana,902,62,32,42,0,0,63,10,19,23,44,0,0,1,4
SN,AS,nidana,903,62,32,43,0,0,61,10,19,24,44,0,0,1,4
SN,AS,nidana,904,62,32,44,0,0,62,9,20,22,45,0,0,1,3
SN,AS,nidana,905,61,32,43,0,0,61,9,22,23,45,0,0,1,3
SN,AS,nidana,906,61,33,42,0,0,62,8,23,22,45,0,0,1,3
SN,AS,nidana,907,62,33,44,0,0,61,9,23,21,45,0,0,1,3
SN,AS,nidana,908,63,34,45,0,0,61,10,22,20,45,0,0,1,3
SN,AS,nidana,909,64,33,45,0,0,60,10,23,20,45,0,0,1,3
SN,AS,nidana,910,65,32,44,0,0,60,10,23,21,45,0,0,1,3
SN,AS,nidana,911,64,34,44,0,0,60,10,23,20,45,0,0,1,3
SN,AS,nidana,912,64,33,44,0,0,60,10,24,20,45,0,0,1,3
SN,AS,nidana,913,70,46,51,0,0,71,20,28,30,44,0,1,1,3
SN,AS,nidana,914,73,44,52,0,0,74,20,28,31,43,0,1,1,3
SN,AS,nidana,915,73,48,60,0,0,78,23,29,35,43,0,1,1,3
SN,AS,nidana,916,72,47,61,1,0,79,23,29,35,42,0,1,1,3
SN,AS,nidana,917,75,49,64,1,0,80,24,31,38,41,0,1,1,4
SN,AS,nidana,918,78,58,73,1,0,90,30,34,46,40,0,8,1,5
SN,AS,nidana,919,80,62,75,2,0,97,33,37,47,39,0,10,1,5
SN,AS,nidana,920,80,64,77,2,0,101,34,40,52,38,0,11,1,6
SN,AS,nidana,921,79,65,76,2,1,100,34,40,51,37,0,11,1,6
SN,AS,nidana,922,78,64,76,2,1,98,35,39,51,37,0,11,1,6
SN,AS,nidana,923,77,64,76,2,1,96,36,39,52,37,0,12,1,5
SN,AS,nidana,924,78,63,78,2,1,95,37,39,57,37,1,12,1,5
SN,AS,nidana,925,78,67,78,2,1,94,38,43,60,37,1,13,1,5
SN,AS,nidana,926,77,68,82,3,1,96,38,44,60,36,1,15,1,5
SN,AS,nidana,927,77,69,86,4,1,99,39,45,64,36,1,16,1,4
SN,AS,nidana,928,77,68,87,4,1,99,40,45,65,35,1,17,1,4
SN,AS,nidana,929,76,67,87,4,1,99,40,45,65,35,1,17,1,4
SN,AS,nidana,930,75,66,86,4,2,99,40,44,67,34,1,18,1,4
SN,AS,nidana,931,74,67,86,4,2,97,40,44,68,33,1,18,1,4
SN,AS,nidana,932,75,69,85,4,2,95,40,45,69,32,1,18,1,4
SN,AS,nidana,933,74,69,85,5,2,94,39,44,68,31,1,19,1,4
SN,AS,nidana,934,74,69,86,5,2,92,39,44,69,31,1,19,1,4
SN,AS,nidana,935,74,69,86,5,2,91,39,45,69,31,1,19,1,4
SN,AS,nidana,936,74,70,86,5,2,92,38,45,68,31,1,19,1,4
SN,AS,nidana,937,75,71,85,5,2,90,39,45,68,32,1,19,0,4
SN,AS,nidana,938,75,72,84,5,2,88,40,46,68,32,1,19,0,4
SN,AS,nidana,939,74,72,85,5,2,88,41,45,68,32,1,19,0,4
SN,AS,nidana,940,74,72,87,5,2,88,40,44,68,32,1,19,0,4
SN,AS,nidana,941,73,72,87,5,2,91,39,43,68,32,1,19,0,4
SN,AS,nidana,942,73,72,88,5,2,90,39,43,68,32,1,19,0,4
SN,AS,nidana,943,74,72,88,5,2,91,39,43,66,32,1,19,0,4
SN,AS,nidana,944,73,72,88,5,3,89,39,43,66,31,1,19,0,4
SN,AS,nidana,945,72,72,88,5,3,86,39,42,68,31,1,19,0,4
SN,AS,nidana,946,72,71,87,5,4,87,39,42,68,30,1,20,0,4
SN,AS,nidana,947,71,72,87,5,4,86,39,43,67,29,1,20,1,4
SN,AS,nidana,948,72,71,87,5,4,87,39,42,67,28,1,20,1,5
SN,AS,nidana,949,71,72,85,5,4,88,39,42,68,28,1,20,1,5
SN,AS,nidana,950,71,71,86,5,4,89,38,42,68,28,1,20,1,5
SN,AS,nidana,951,70,72,86,5,4,91,37,41,68,28,1,20,1,5
SN,AS,nidana,952,70,73,85,5,4,90,38,40,69,28,1,20,1,5
SN,AS,nidana,953,70,72,85,5,4,91,38,39,70,28,1,20,1,5
SN,AS,nidana,954,71,71,85,5,4,92,38,38,70,28,1,20,1,5
SN,AS,nidana,955,71,71,87,5,4,93,38,36,69,28,1,20,1,5
SN,AS,nidana,956,71,72,87,5,4,91,38,35,71,28,1,20,1,5
SN,AS,nidana,957,70,72,85,5,4,92,37,35,72,28,1,20,1,5
SN,AS,nidana,958,69,72,85,5,4,92,36,35,72,27,1,20,1,6
SN,AS,nidana,959,68,73,85,5,4,92,36,35,72,27,1,20,1,6
SN,AS,nidana,960,67,74,86,5,4,93,35,35,71,27,1,20,1,6
SN,AS,nidana,961,67,74,85,5,4,93,35,35,72,26,1,20,1,7
SN,AS,nidana,962,68,75,83,5,4,93,35,35,72,25,1,20,1,8
SN,AS,nidana,963,63,64,74,5,4,80,25,31,63,26,1,19,1,8
SN,AS,nidana,964,60,65,72,5,4,77,26,32,62,27,1,19,1,8
SN,AS,nidana,965,60,62,64,5,4,73,24,30,56,27,1,20,1,8
SN,AS,nidana,966,62,63,64,4,4,71,24,30,55,28,1,20,1,8
SN,AS,nidana,967,58,61,63,4,4,69,23,28,52,28,1,20,1,8
SN,AS,nidana,968,56,51,55,4,4,58,17,25,44,29,1,13,1,7
SN,AS,nidana,969,53,46,55,3,4,51,14,21,44,29,1,11,1,7
SN,AS,nidana,970,53,45,54,3,4,46,13,18,38,30,1,10,1,6
SN,AS,nidana,971,54,44,56,3,3,46,13,18,39,30,1,10,1,7
SN,AS,nidana,972,55,44,57,3,3,46,13,18,41,30,1,10,1,7
SN,AS,nidana,973,57,45,58,3,3,45,12,18,40,31,1,9,1,7
SN,AS,nidana,974,57,45,56,3,3,45,12,17,35,32,0,9,1,7
SN,AS,nidana,975,59,41,56,3,3,43,12,13,32,33,0,8,1,6
SN,AS,nidana,976,59,41,53,2,3,41,12,12,31,33,0,6,1,7
SN,AS,nidana,977,59,41,47,1,3,37,11,12,28,34,0,5,1,7
SN,AS,nidana,978,58,42,47,1,3,38,10,12,26,35,0,4,1,7
SN,AS,nidana,979,59,44,45,1,3,39,10,12,26,35,0,4,1,7
SN,AS,nidana,980,60,44,46,1,2,40,10,13,24,36,0,3,1,7
SN,AS,nidana,981,60,44,45,1,2,41,10,14,24,37,0,3,1,7
SN,AS,nidana,982,59,43,45,1,2,41,12,13,23,38,0,3,1,7
SN,AS,nidana,983,60,43,47,0,2,42,12,13,24,39,0,2,1,7
SN,AS,nidana,984,60,42,45,0,2,43,12,15,24,39,0,2,1,7
SN,AS,nidana,985,61,42,44,0,2,42,13,14,25,39,0,2,1,7
SN,AS,nidana,986,61,42,44,0,2,42,13,14,25,39,0,2,1,7
SN,AS,nidana,987,60,41,45,0,2,43,13,14,25,39,0,2,1,7
SN,AS,nidana,988,60,39,45,0,2,45,12,14,26,39,0,2,1,7
SN,AS,nidana,989,60,40,44,0,2,43,12,14,28,39,0,2,1,7
SN,AS,nidana,990,60,40,43,0,2,42,13,14,29,39,0,2,1,7
SN,AS,nidana,991,60,40,44,0,2,40,13,14,30,39,0,2,1,7
SN,AS,nidana,992,61,38,44,0,2,39,14,14,31,39,0,2,1,7
SN,AS,nidana,993,60,37,46,0,2,39,14,14,31,39,0,2,1,7
SN,AS,nidana,994,61,38,47,0,1,40,14,13,31,40,0,2,1,7
SN,AS,nidana,995,62,38,47,0,1,41,15,13,31,40,0,2,1,7
SN,AS,nidana,996,63,38,49,0,0,39,16,13,30,41,0,1,1,7
SN,AS,nidana,997,64,37,49,0,0,40,16,13,30,42,0,1,0,7
SN,AS,nidana,998,63,37,48,0,0,41,16,13,31,43,0,1,0,6
SN,AS,nidana,999,63,36,49,0,0,41,16,13,31,43,0,1,0,6
SN,AS,nidana,1000,64,36,48,0,0,40,16,14,31,43,0,1,0,6
SN,AS,nidana,1001,64,36,48,0,0,39,16,15,31,43,0,1,0,6
SN,AS,nidana,1002,64,35,50,0,0,40,16,15,29,43,0,1,0,6
SN,AS,nidana,1003,64,35,52,0,0,40,16,15,27,43,0,1,0,6
SN,AS,nidana,1004,63,36,51,0,0,40,16,16,27,43,0,1,0,6
SN,AS,nidana,1005,63,36,49,0,0,40,17,17,27,43,0,1,0,6
SN,AS,nidana,1006,63,35,49,0,0,41,17,18,26,43,0,1,0,6
SN,AS,nidana,1007,64,36,49,0,0,42,19,19,25,42,0,1,1,6
SN,AS,nidana,1008,64,36,47,0,0,41,20,19,27,43,0,1,1,5
SN,AS,nidana,1009,64,37,46,0,0,41,20,19,27,43,0,1,1,5
SN,AS,nidana,1010,64,36,46,0,0,42,20,19,27,43,0,1,1,5
SN,AS,nidana,1011,64,34,47,0,0,42,21,20,26,44,0,1,1,4
SN,AS,nidana,1012,63,34,48,0,0,41,21,20,27,45,0,1,1,3
SN,AS,nidana,1013,63,32,48,0,0,42,22,20,27,45,0,1,1,3
SN,AS,nidana,1014,64,31,48,0,0,43,21,20,27,45,0,1,1,3
SN,AS,nidana,1015,64,31,49,0,0,44,20,20,27,45,0,0,1,3
SN,AS,nidana,1016,63,32,48,0,0,45,19,21,27,45,0,0,1,3
SN,AS,nidana,1017,63,33,46,0,0,44,19,21,29,46,0,0,1,2
SN,AS,nidana,1018,62,35,43,0,0,46,19,21,29,46,0,0,1,2
SN,AS,nidana,1019,64,37,41,0,0,44,20,21,28,47,0,0,1,2
SN,AS,nidana,1020,64,36,42,0,0,44,20,21,28,47,0,0,1,2
SN,AS,nidana,1021,64,37,40,0,0,43,21,22,28,48,0,0,1,1
SN,AS,nidana,1022,63,37,40,0,0,44,21,22,27,47,0,1,1,1
SN,AS,nidana,1023,62,36,40,0,0,45,21,23,27,46,0,1,1,2
SN,AS,nidana,1024,63,36,40,0,0,44,20,23,28,46,0,1,1,2
SN,AS,nidana,1025,61,36,42,0,0,45,19,23,28,46,0,1,1,2
SN,AS,nidana,1026,61,35,42,0,0,47,19,22,28,46,0,1,1,2
SN,AS,nidana,1027,61,35,42,0,0,47,20,21,28,46,0,1,1,2
SN,AS,nidana,1028,61,33,42,0,0,47,20,22,29,46,0,1,1,2
SN,AS,nidana,1029,62,31,44,0,0,46,20,22,29,46,0,1,1,2
SN,AS,nidana,1030,63,31,44,0,0,46,20,21,29,45,0,1,1,3
SN,AS,nidana,1031,63,30,44,0,0,46,20,22,29,45,0,1,1,3
SN,AS,nidana,1032,63,29,44,0,0,46,19,22,30,45,0,2,1,3
SN,AS,nidana,1033,64,29,44,0,0,45,19,23,29,45,0,2,1,3
SN,AS,nidana,1034,64,31,45,0,0,45,19,21,28,45,0,2,1,3
SN,AS,nidana,1035,63,32,45,0,0,45,19,21,28,45,0,2,1,3
SN,AS,nidana,1036,62,32,46,0,0,45,19,21,28,45,0,2,1,3
SN,AS,nidana,1037,62,32,46,0,0,44,18,22,29,45,0,2,1,3
SN,AS,nidana,1038,61,32,46,0,0,42,18,21,30,45,0,2,1,3
SN,AS,nidana,1039,61,31,47,0,1,42,17,21,28,44,0,2,1,3
SN,AS,nidana,1040,60,31,47,0,1,45,16,23,27,43,0,2,1,3
SN,AS,nidana,1041,59,31,48,0,1,44,16,24,26,42,0,2,2,3
SN,AS,nidana,1042,59,33,47,0,1,45,15,24,25,42,0,2,2,3
SN,AS,nidana,1043,59,33,45,0,1,45,16,24,26,42,0,2,2,3
SN,AS,nidana,1044,60,32,44,0,1,45,16,25,26,42,0,2,2,3
SN,AS,nidana,1045,60,34,45,0,1,45,15,25,24,42,0,2,2,3
SN,AS,nidana,1046,60,36,43,0,1,45,14,25,25,42,0,2,2,3
SN,AS,nidana,1047,60,36,42,0,1,45,15,24,26,42,0,2,2,3
SN,AS,nidana,1048,60,36,43,0,1,44,15,24,26,42,0,2,2,3
SN,AS,nidana,1049,61,36,44,0,1,44,15,23,25,42,0,2,2,3
SN,AS,nidana,1050,61,36,45,0,1,45,15,22,24,42,0,2,2,3
SN,AS,nidana,1051,62,36,46,0,1,44,15,21,24,41,0,2,2,4
SN,AS,nidana,1052,62,37,44,0,1,43,15,21,26,41,0,2,2,4
SN,AS,nidana,1053,62,37,41,0,1,44,15,22,27,41,0,2,2,4
SN,AS,nidana,1054,62,36,43,0,1,44,15,21,27,41,0,2,2,4
SN,AS,nidana,1055,63,36,44,0,1,44,14,20,27,41,0,2,2,4
SN,AS,nidana,1056,63,36,44,0,1,43,15,19,28,40,0,2,2,5
SN,AS,nidana,1057,62,34,44,0,1,43,13,19,28,41,0,2,1,5
SN,AS,nidana,1058,62,34,46,0,1,43,12,19,27,41,0,2,1,5
SN,AS,nidana,1059,63,32,47,0,1,42,13,18,28,41,0,2,1,5
SN,AS,nidana,1060,63,32,47,0,1,42,13,18,28,41,0,2,1,5
SN,AS,nidana,1061,63,33,46,0,1,42,13,18,28,41,0,2,1,5
SN,AS,nidana,1062,63,34,45,0,1,44,13,17,27,41,0,2,1,5
SN,AS,nidana,1063,62,36,46,0,1,44,12,17,26,41,0,2,1,5
SN,AS,nidana,1064,61,37,45,0,1,44,12,17,27,41,0,2,1,5
SN,AS,nidana,1065,61,36,44,0,1,43,13,17,29,41,0,2,1,5
SN,AS,nidana,1066,62,34,47,0,1,42,13,16,29,41,0,2,1,5
SN,AS,nidana,1067,62,33,49,0,1,43,13,16,27,40,0,2,1,6
SN,AS,nidana,1068,62,32,50,0,1,43,13,16,27,40,0,2,1,6
SN,AS,nidana,1069,61,30,53,0,1,43,12,16,28,40,0,2,1,6
SN,AS,nidana,1070,61,29,50,0,1,45,12,17,29,40,0,2,1,6
SN,AS,nidana,1071,61,29,51,0,1,46,11,16,29,40,0,2,1,6
SN,AS,nidana,1072,62,29,52,0,1,47,10,16,28,41,0,1,1,6
SN,AS,nidana,1073,63,31,51,0,1,46,10,15,28,42,0,1,1,5
SN,AS,nidana,1074,62,31,51,0,1,48,10,15,27,42,0,1,1,5
SN,AS,nidana,1075,61,31,50,0,1,48,10,15,29,41,0,1,1,6
SN,AS,nidana,1076,62,30,50,0,1,48,10,15,29,42,0,1,1,5
SN,AS,nidana,1077,62,29,51,0,1,48,9,16,29,42,0,1,1,5
SN,AS,nidana,1078,62,29,52,0,1,48,9,15,29,42,0,1,1,5
SN,AS,nidana,1079,60,30,51,0,1,49,9,15,30,42,0,1,1,5
SN,AS,nidana,1080,59,31,52,0,1,47,9,16,30,43,0,1,1,4
SN,AS,nidana,1081,60,33,52,0,1,47,9,14,29,43,0,1,1,4
SN,AS,nidana,1082,60,33,53,0,1,49,8,15,27,43,0,0,1,4
SN,AS,nidana,1083,59,33,52,0,1,51,8,15,27,43,0,0,1,4
SN,AS,nidana,1084,59,33,52,0,1,51,8,15,27,43,0,0,1,4
SN,AS,nidana,1085,59,32,53,0,1,51,7,16,27,43,0,0,1,4
SN,AS,nidana,1086,59,33,52,0,1,50,7,16,28,42,0,0,1,5
SN,AS,nidana,1087,59,33,51,0,1,52,7,15,28,42,0,0,1,5
SN,AS,nidana,1088,62,33,51,0,1,53,8,15,26,42,0,0,1,5
SN,AS,nidana,1089,62,34,50,0,0,55,8,15,27,43,0,0,1,5
SN,AS,nidana,1090,63,34,51,0,0,53,9,13,26,44,0,0,1,5
SN,AS,nidana,1091,64,33,50,0,0,54,9,14,26,45,0,0,0,5
SN,AS,nidana,1092,63,31,52,0,0,54,9,15,26,45,0,0,0,5
SN,AS,nidana,1093,63,32,53,0,0,53,9,15,25,45,0,0,0,5
SN,AS,nidana,1094,62,32,52,0,0,53,10,14,27,45,0,0,0,5
SN,AS,nidana,1095,63,31,53,0,0,52,10,14,27,45,0,0,0,5
SN,AS,nidana,1096,63,29,54,0,0,52,10,15,27,45,0,0,0,5
SN,AS,nidana,1097,63,30,53,0,0,54,9,15,26,45,0,0,0,5
SN,AS,nidana,1098,63,29,52,0,0,56,9,16,25,45,0,0,0,5
SN,AS,nidana,1099,61,29,51,0,0,57,11,16,25,44,0,0,0,5
SN,AS,nidana,1100,61,31,50,0,0,56,11,16,25,44,0,0,0,5
SN,AS,nidana,1101,60,31,49,0,0,57,11,16,26,45,0,0,0,4
SN,AS,nidana,1102,60,30,51,0,0,58,10,16,25,45,0,0,0,4
SN,AS,nidana,1103,60,30,52,0,0,57,10,16,25,45,0,0,0,4
SN,AS,nidana,1104,60,31,51,0,0,57,10,16,25,45,0,0,0,4
SN,AS,nidana,1105,59,30,52,0,0,56,11,17,25,45,0,0,0,4
SN,AS,nidana,1106,59,29,54,0,0,58,10,17,23,46,0,0,0,3
SN,AS,nidana,1107,59,31,53,0,0,57,10,16,24,46,0,0,0,3
SN,AS,nidana,1108,59,31,52,0,0,57,11,16,24,46,0,0,0,3
SN,AS,nidana,1109,58,32,51,0,0,60,10,16,23,46,0,0,0,3
SN,AS,nidana,1110,58,33,50,0,0,59,10,16,24,46,0,0,0,3
SN,AS,nidana,1111,58,32,51,0,0,61,9,15,24,46,0,0,0,3
SN,AS,nidana,1112,58,30,52,0,0,60,10,15,25,46,0,0,0,3
SN,AS,nidana,1113,58,29,52,0,0,59,10,15,27,46,0,0,0,3
SN,AS,nidana,1114,59,30,52,0,0,59,10,14,26,46,0,0,0,3
SN,AS,nidana,1115,60,31,54,0,0,58,9,14,24,46,0,0,0,3
SN,AS,nidana,1116,59,31,52,0,0,59,9,15,25,46,0,0,0,3
SN,AS,nidana,1117,60,32,49,0,0,58,10,15,26,47,0,0,0,2
SN,AS,nidana,1118,59,32,50,0,0,56,10,16,27,46,0,0,1,2
SN,AS,nidana,1119,59,32,48,0,0,57,10,16,28,46,0,0,1,2
SN,AS,nidana,1120,60,32,48,0,0,55,11,17,27,46,0,0,1,2
SN,AS,nidana,1121,60,32,47,0,0,55,11,18,27,45,0,0,1,3
SN,AS,nidana,1122,60,34,45,0,0,53,11,18,28,45,0,1,1,3
SN,AS,nidana,1123,59,33,45,0,0,53,11,19,29,45,0,1,1,3
SN,AS,nidana,1124,61,32,46,0,0,51,11,19,29,45,0,1,1,3
SN,AS,nidana,1125,62,32,46,0,0,52,11,19,27,46,0,1,1,2
SN,AS,nidana,1126,61,32,47,0,0,52,11,19,27,46,0,1,1,2
SN,AS,nidana,1127,61,32,47,0,0,52,12,18,27,46,0,1,1,2
SN,AS,nidana,1128,62,32,46,0,0,52,12,18,27,46,0,1,1,2
SN,AS,nidana,1129,64,32,45,0,0,51,13,18,26,46,0,1,1,2
SN,AS,nidana,1130,64,31,45,0,0,52,13,17,27,46,0,1,1,2
SN,AS,nidana,1131,63,29,45,0,0,53,13,18,28,46,0,1,1,2
SN,AS,nidana,1132,63,31,44,0,0,52,13,17,29,46,0,1,1,2
SN,AS,nidana,1133,63,33,43,0,0,51,13,16,30,46,0,1,1,2
SN,AS,nidana,1134,63,32,43,0,0,51,13,17,30,46,0,1,1,2
SN,AS,nidana,1135,63,32,44,0,0,51,14,16,29,46,0,1,1,2
SN,AS,nidana,1136,63,31,44,0,0,52,14,17,28,47,0,1,1,1
SN,AS,nidana,1137,63,33,44,0,0,50,14,17,28,47,0,1,1,1
SN,AS,nidana,1138,61,34,45,0,0,49,14,17,29,47,0,1,1,1
SN,AS,nidana,1139,62,33,45,0,0,50,14,17,28,47,0,1,1,1
SN,AS,nidana,1140,63,34,44,0,0,50,13,17,28,47,0,1,1,1
SN,AS,nidana,1141,63,34,46,0,0,50,13,15,28,47,0,1,1,1
SN,AS,nidana,1142,64,34,46,0,0,50,13,14,28,47,0,1,1,1
SN,AS,nidana,1143,64,32,46,0,0,51,14,14,28,47,0,1,1,1
SN,AS,nidana,1144,64,33,47,0,0,52,13,14,26,47,0,1,1,1
SN,AS,nidana,1145,63,32,46,0,0,53,13,15,27,47,0,1,1,1
SN,AS,nidana,1146,62,34,45,0,0,55,13,14,26,47,0,1,1,1
SN,AS,nidana,1147,62,33,46,0,0,54,13,14,27,47,0,1,1,1
SN,AS,nidana,1148,63,34,46,0,0,52,13,14,27,47,0,1,1,1
SN,AS,nidana,1149,64,34,46,0,0,51,11,14,29,47,0,1,1,2
SN,AS,nidana,1150,63,33,48,0,0,51,11,14,29,47,0,1,1,2
SN,AS,nidana,1151,63,32,49,0,0,51,11,14,29,47,0,1,1,2
SN,AS,nidana,1152,64,34,47,0,0,50,11,14,29,47,0,1,1,2
SN,AS,nidana,1153,64,34,47,0,0,51,11,13,29,47,0,1,1,2
SN,AS,nidana,1154,64,34,49,0,0,49,11,13,29,47,0,1,1,2
SN,AS,nidana,1155,64,34,47,0,0,52,10,13,29,47,0,1,1,2
SN,AS,nidana,1156,64,34,48,0,0,50,10,13,30,47,0,1,1,2
SN,AS,nidana,1157,64,32,51,0,0,49,11,13,29,47,0,1,1,2
SN,AS,nidana,1158,65,32,52,0,0,49,10,13,28,47,0,1,1,2
SN,AS,nidana,1159,65,31,53,0,0,48,10,14,28,47,0,1,1,2
SN,AS,nidana,1160,65,32,53,0,0,48,10,14,27,47,0,1,1,2
SN,AS,nidana,1161,65,35,52,0,0,46,10,14,27,47,0,1,1,2
SN,AS,nidana,1162,66,36,52,0,0,46,9,14,26,46,0,1,1,3
SN,AS,nidana,1163,66,35,52,0,0,48,9,14,25,46,0,1,1,3
SN,AS,nidana,1164,66,33,53,0,0,47,9,16,25,46,0,1,1,3
SN,AS,nidana,1165,65,33,53,0,0,47,9,16,26,46,0,1,1,3
SN,AS,nidana,1166,64,34,52,0,0,49,9,15,26,46,0,1,1,3
SN,AS,nidana,1167,63,34,54,0,0,50,8,15,25,46,0,1,1,3
SN,AS,nidana,1168,65,33,53,0,0,51,8,15,24,47,0,1,0,3
SN,AS,nidana,1169,66,33,54,0,0,51,8,15,22,47,0,1,0,3
SN,AS,nidana,1170,65,34,56,0,0,52,7,13,22,47,0,1,0,3
SN,AS,nidana,1171,65,34,57,0,0,51,8,12,22,48,0,1,0,2
SN,AS,nidana,1172,65,32,57,0,0,53,9,12,22,48,0,0,0,2
SN,AS,nidana,1173,65,32,56,0,0,55,9,12,21,48,0,0,0,2
SN,AS,nidana,1174,63,32,55,0,1,55,9,12,21,47,0,0,0,2
SN,AS,nidana,1175,61,32,55,0,2,53,9,12,21,46,0,1,0,2
SN,AS,nidana,1176,60,32,53,0,3,54,9,12,23,45,0,2,0,2
SN,AS,nidana,1177,59,33,54,0,3,53,8,13,22,44,0,2,1,2
SN,AS,nidana,1178,58,34,53,0,3,53,9,14,21,44,0,2,1,2
SN,AS,nidana,1179,56,33,55,0,3,53,9,14,22,44,0,2,1,2
SN,AS,nidana,1180,56,33,55,0,3,53,9,14,22,44,0,2,1,2
SN,AS,nidana,1181,57,33,56,0,3,52,9,13,22,44,0,2,1,2
SN,AS,nidana,1182,57,31,59,0,3,51,9,13,22,44,0,2,1,2
SN,AS,nidana,1183,57,30,60,0,3,51,9,13,22,44,0,2,1,2
SN,AS,nidana,1184,57,29,60,0,3,53,9,12,22,44,0,2,1,2
SN,AS,nidana,1185,58,29,58,0,3,55,8,12,22,44,0,2,1,2
SN,AS,nidana,1186,58,29,58,0,3,56,8,11,22,44,0,2,1,2
SN,AS,nidana,1187,59,27,58,0,3,57,9,10,22,44,0,2,1,2
SN,AS,nidana,1188,60,26,60,0,3,57,8,10,21,44,0,2,1,2
SN,AS,nidana,1189,59,28,61,0,3,55,8,10,21,44,0,2,1,2
SN,AS,nidana,1190,58,29,61,0,3,54,8,10,22,44,0,2,1,2
SN,AS,nidana,1191,58,30,58,0,3,56,8,10,22,44,0,2,1,2
SN,AS,nidana,1192,56,31,59,0,3,56,8,10,22,44,0,2,1,2
SN,AS,nidana,1193,56,32,58,0,3,55,8,11,22,44,0,2,1,2
SN,AS,nidana,1194,56,32,59,0,3,54,8,11,22,44,0,2,1,2
SN,AS,nidana,1195,56,33,60,0,3,54,8,10,21,44,0,2,1,2
SN,AS,nidana,1196,56,33,61,0,3,53,8,10,21,44,0,2,1,2
SN,AS,nidana,1197,56,33,62,0,3,52,9,10,20,43,0,2,1,3
SN,AS,nidana,1198,55,33,62,0,3,52,9,10,21,43,0,2,1,3
SN,AS,nidana,1199,55,33,62,0,3,54,9,10,19,44,0,2,1,2
SN,AS,nidana,1200,55,32,60,0,3,55,9,11,20,44,0,2,1,2
SN,AS,nidana,1201,55,33,58,0,3,56,9,12,19,44,0,2,1,2
SN,AS,nidana,1202,55,31,60,0,3,57,9,12,18,44,0,2,1,2
SN,AS,nidana,1203,55,32,59,0,3,57,9,13,17,43,0,2,1,3
SN,AS,nidana,1204,55,32,57,0,3,57,9,14,18,43,0,2,1,3
SN,AS,nidana,1205,55,33,58,0,3,56,9,13,18,42,0,2,1,4
SN,AS,nidana,1206,56,33,55,0,3,58,9,14,17,42,0,2,1,4
SN,AS,nidana,1207,56,34,52,0,3,59,8,16,17,42,0,2,1,4
SN,AS,nidana,1208,55,33,50,0,3,60,9,16,18,42,0,3,1,4
SN,AS,nidana,1209,56,33,50,0,3,59,9,15,19,42,0,3,1,4
SN,AS,nidana,1210,56,32,50,0,3,59,9,15,20,41,0,3,1,5
SN,AS,nidana,1211,57,29,52,0,3,59,9,15,20,41,0,3,1,5
SN,AS,nidana,1212,56,29,51,0,3,59,9,16,21,42,0,3,1,4
SN,AS,nidana,1213,56,29,51,0,3,58,9,18,20,42,0,3,1,4
SN,AS,nidana,1214,57,29,51,0,3,59,9,16,20,42,0,3,1,4
SN,AS,nidana,1215,57,28,52,0,3,59,9,16,20,41,0,3,1,5
SN,AS,nidana,1216,58,28,53,0,3,56,9,17,20,41,0,3,1,5
SN,AS,nidana,1217,58,29,51,0,3,56,9,18,20,41,0,3,1,5
SN,AS,nidana,1218,57,29,53,0,3,56,9,17,20,41,0,3,1,5
SN,AS,nidana,1219,56,30,53,0,3,56,9,17,20,41,0,3,1,5
SN,AS,nidana,1220,56,30,52,0,3,57,9,17,20,41,0,3,1,5
SN,AS,nidana,1221,56,30,52,0,3,57,8,18,20,41,0,3,1,5
SN,AS,nidana,1222,56,30,53,0,3,56,9,18,19,41,0,3,1,5
SN,AS,nidana,1223,57,30,53,0,3,55,10,17,19,41,0,3,1,5
SN,AS,nidana,1224,57,32,53,0,2,56,10,17,19,42,0,3,1,5
SN,AS,nidana,1225,58,32,55,0,1,57,10,17,19,43,0,2,1,5
SN,AS,nidana,1226,59,32,56,0,0,55,10,17,19,43,0,1,1,6
SN,AS,nidana,1227,61,32,56,0,0,55,10,16,19,44,0,1,0,6
SN,AS,nidana,1228,62,32,57,0,0,55,9,15,19,44,0,1,0,6
SN,AS,nidana,1229,63,32,55,0,0,56,8,17,18,43,0,1,0,7
SN,AS,nidana,1230,63,33,55,0,0,56,8,17,17,43,0,1,0,7
SN,AS,nidana,1231,62,34,54,0,0,57,8,18,16,43,0,1,0,7
SN,AS,nidana,1232,61,34,53,0,0,59,8,18,16,42,0,1,1,7
SN,AS,nidana,1233,61,35,52,0,0,59,8,18,16,42,0,1,1,7
SN,AS,nidana,1234,61,37,51,0,0,56,8,18,18,42,0,1,1,7
SN,AS,nidana,1235,60,37,53,0,0,54,8,18,19,42,0,1,1,7
SN,AS,nidana,1236,60,36,54,0,0,53,8,18,20,42,0,1,1,7
SN,AS,nidana,1237,59,36,55,0,0,52,8,18,21,42,0,1,1,7
SN,AS,nidana,1238,58,38,52,0,0,52,8,18,23,42,0,1,1,7
SN,AS,nidana,1239,59,36,53,0,0,52,8,18,23,42,0,1,1,7
SN,AS,nidana,1240,59,34,53,0,0,55,8,18,22,42,0,1,1,7
SN,AS,nidana,1241,60,33,53,0,0,53,8,19,23,42,0,1,1,7
SN,AS,nidana,1242,61,33,51,0,0,53,8,19,24,42,0,1,1,7
SN,AS,nidana,1243,62,32,51,0,0,54,7,18,25,42,0,1,1,7
SN,AS,nidana,1244,62,32,51,0,0,54,7,18,25,42,0,1,1,7
SN,AS,nidana,1245,62,33,50,0,0,53,7,18,26,41,0,1,1,8
SN,AS,nidana,1246,62,31,50,0,0,54,7,18,27,41,0,1,1,8
SN,AS,nidana,1247,63,32,48,0,0,54,6,19,27,42,0,1,1,7
SN,AS,nidana,1248,63,32,49,0,0,54,6,18,27,41,0,1,1,8
SN,AS,nidana,1249,63,34,49,0,0,52,6,18,27,41,0,1,1,8
SN,AS,nidana,1250,63,37,49,0,0,50,6,18,26,41,0,1,1,8
SN,AS,nidana,1251,63,36,50,0,0,50,7,17,26,41,0,1,1,8
SN,AS,nidana,1252,62,36,49,0,0,50,8,17,27,40,0,1,1,9
SN,AS,nidana,1253,63,35,51,0,0,48,8,16,28,41,0,1,1,8
SN,AS,nidana,1254,63,34,50,0,0,50,9,15,28,41,0,1,1,8
SN,AS,nidana,1255,64,34,49,0,0,49,9,15,28,42,0,2,1,7
SN,AS,nidana,1256,64,35,50,0,0,48,9,14,28,42,0,2,1,7
SN,AS,nidana,1257,65,34,52,0,0,47,9,13,28,42,0,2,1,7
SN,AS,nidana,1258,65,34,54,0,0,47,8,13,28,42,0,1,1,7
SN,AS,nidana,1259,64,34,54,0,0,48,8,13,28,42,0,1,1,7
SN,AS,nidana,1260,64,34,54,0,0,48,8,14,27,43,0,1,1,6
SN,AS,nidana,1261,64,34,52,0,0,48,8,15,28,43,0,1,1,6
SN,AS,nidana,1262,64,33,53,0,0,48,9,14,28,43,0,1,1,6
SN,AS,nidana,1263,65,33,54,0,0,48,9,12,28,43,0,1,1,6
SN,AS,nidana,1264,63,33,55,0,0,48,9,13,28,43,0,1,1,6
SN,AS,nidana,1265,63,33,52,0,0,49,10,13,29,44,0,1,1,5
SN,AS,nidana,1266,63,33,52,0,0,50,10,12,29,44,0,1,1,5
SN,AS,nidana,1267,64,31,52,0,0,49,11,13,29,44,0,1,1,5
SN,AS,nidana,1268,64,31,50,0,0,48,11,14,31,44,0,1,1,5
SN,AS,nidana,1269,64,30,49,0,0,49,11,14,32,44,0,1,1,5
SN,AS,nidana,1270,64,29,48,0,0,49,11,15,33,44,0,1,1,5
SN,AS,nidana,1271,64,29,49,0,0,49,11,14,33,44,0,1,1,5
SN,AS,nidana,1272,64,29,50,0,0,49,9,14,34,44,0,1,1,5
SN,AS,nidana,1273,63,29,50,0,0,49,8,15,35,44,0,1,1,5
SN,AS,nidana,1274,64,27,49,0,0,49,9,16,35,44,0,1,1,5
SN,AS,nidana,1275,65,29,46,0,0,48,9,16,35,44,0,2,1,5
SN,AS,nidana,1276,65,29,47,0,0,48,10,16,33,45,0,2,1,4
SN,AS,nidana,1277,64,28,46,0,0,49,10,17,34,45,0,2,1,4
SN,AS,nidana,1278,63,28,47,0,0,48,10,17,35,45,0,2,1,4
SN,AS,nidana,1279,62,28,48,0,0,50,10,15,35,46,0,2,1,3
SN,AS,nidana,1280,63,28,47,0,0,50,10,15,35,46,0,2,1,3
SN,AS,nidana,1281,63,28,48,0,0,50,10,14,35,46,0,2,1,3
SN,AS,nidana,1282,64,28,48,0,0,49,10,14,35,47,0,2,0,3
SN,AS,nidana,1283,64,27,49,0,0,49,10,14,35,47,0,2,0,3
SN,AS,nidana,1284,65,25,49,0,0,50,10,16,33,47,0,2,0,3
SN,AS,nidana,1285,66,27,47,0,0,49,11,16,32,47,0,2,0,3
SN,AS,nidana,1286,67,27,47,0,0,49,11,16,31,46,0,2,0,4
SN,AS,nidana,1287,67,28,48,0,0,49,10,16,30,46,0,2,0,4
SN,AS,nidana,1288,67,26,49,0,0,49,11,16,29,46,0,3,0,4
SN,AS,nidana,1289,65,26,48,0,1,48,11,16,29,45,0,4,0,4
SN,AS,nidana,1290,64,26,47,0,2,45,11,18,29,44,0,4,0,4
SN,AS,nidana,1291,62,26,47,0,3,46,11,18,29,43,0,4,0,4
SN,AS,nidana,1292,61,26,48,0,3,45,11,19,28,42,0,4,1,4
SN,AS,nidana,1293,60,26,48,0,3,46,11,19,28,42,0,4,1,4
SN,AS,nidana,1294,62,27,46,0,3,45,11,19,28,42,0,4,1,4
SN,AS,nidana,1295,63,25,45,0,3,47,11,19,28,43,0,4,1,3
SN,AS,nidana,1296,63,25,45,0,3,48,11,19,27,43,0,4,1,3
SN,AS,nidana,1297,63,24,46,0,3,47,12,19,27,43,0,4,1,3
SN,AS,nidana,1298,63,24,46,0,3,48,12,19,26,44,0,4,1,2
SN,AS,nidana,1299,63,22,47,0,3,48,12,19,27,43,0,4,1,3
SN,AS,nidana,1300,63,19,48,0,3,51,12,18,27,43,0,4,1,3
SN,AS,nidana,1301,63,20,48,0,3,49,12,18,28,43,0,4,1,3
SN,AS,nidana,1302,63,21,47,0,3,49,12,19,27,44,0,4,1,2
SN,AS,nidana,1303,62,21,46,0,3,50,13,19,27,44,0,4,1,2
SN,AS,nidana,1304,63,22,47,0,3,49,12,19,26,44,0,4,1,2
SN,AS,nidana,1305,61,21,49,0,3,50,12,19,26,44,0,4,1,2
SN,AS,nidana,1306,61,21,49,0,3,49,12,20,26,44,0,4,1,2
SN,AS,nidana,1307,61,21,48,0,3,50,12,20,26,44,0,4,1,2
SN,AS,nidana,1308,62,23,46,0,3,49,12,20,26,44,0,4,1,2
SN,AS,nidana,1309,62,24,46,0,3,49,12,20,25,44,0,4,1,2
SN,AS,nidana,1310,63,23,45,0,3,49,14,19,25,44,0,4,1,2
SN,AS,nidana,1311,62,23,46,0,3,51,14,18,24,44,0,4,1,2
SN,AS,nidana,1312,63,23,46,0,3,50,14,18,24,44,0,4,1,2
SN,AS,nidana,1313,62,23,46,0,3,51,14,18,24,44,0,4,1,2
SN,AS,nidana,1314,63,23,45,0,3,52,14,17,24,44,0,4,1,2
SN,AS,nidana,1315,63,23,46,0,3,53,13,18,22,44,0,4,1,2
SN,AS,nidana,1316,63,23,46,0,3,53,14,18,21,44,0,4,1,2
SN,AS,nidana,1317,62,24,47,0,3,55,13,16,21,44,0,4,1,2
SN,AS,nidana,1318,62,24,47,0,3,58,13,15,19,44,0,4,1,2
SN,AS,nidana,1319,62,25,47,0,3,57,13,16,18,44,0,4,1,2
SN,AS,nidana,1320,64,27,47,0,3,55,13,15,17,44,0,4,1,2
SN,AS,nidana,1321,64,27,47,0,3,55,14,15,16,44,0,4,1,2
SN,AS,nidana,1322,64,28,48,0,3,54,14,15,15,44,0,4,1,2
SN,AS,nidana,1323,65,28,48,0,3,54,14,15,14,44,0,4,1,2
SN,AS,nidana,1324,65,28,49,0,3,54,13,14,15,44,0,4,1,2
SN,AS,nidana,1325,65,27,49,0,3,55,13,15,15,44,0,3,1,2
SN,AS,nidana,1326,66,28,47,0,3,55,13,15,15,44,0,3,1,2
SN,AS,nidana,1327,66,29,47,0,3,55,13,15,14,44,0,3,1,2
SN,AS,nidana,1328,67,28,45,0,3,57,13,16,13,44,0,3,1,2
SN,AS,nidana,1329,68,28,45,0,3,55,13,17,13,44,0,3,1,2
SN,AS,nidana,1330,68,27,45,0,3,55,14,17,13,43,0,3,1,3
SN,AS,nidana,1331,68,27,45,0,3,53,14,18,14,43,0,3,1,3
SN,AS,nidana,1332,68,27,44,0,3,53,14,19,14,43,0,3,1,3
SN,AS,nidana,1333,69,26,44,0,3,52,14,21,13,43,0,3,1,3
SN,AS,nidana,1334,68,27,46,0,3,52,14,19,13,43,0,3,1,3
SN,AS,nidana,1335,67,26,46,0,3,53,13,20,14,43,0,3,1,3
SN,AS,nidana,1336,66,27,45,0,3,53,13,21,14,44,0,3,1,2
SN,AS,nidana,1337,68,27,43,0,3,53,13,21,14,44,0,3,1,2
SN,AS,nidana,1338,69,27,44,0,3,53,13,21,13,44,0,2,1,2
SN,AS,nidana,1339,70,27,46,0,2,54,13,21,13,45,0,1,1,2
SN,AS,nidana,1340,72,28,46,0,1,55,13,20,13,46,0,1,1,2
SN,AS,nidana,1341,73,28,48,0,0,53,13,19,14,47,0,1,1,2
SN,AS,nidana,1342,74,27,47,0,0,56,13,18,14,48,0,1,0,2
SN,AS,nidana,1343,74,28,48,0,0,55,12,18,14,48,0,1,0,2
SN,AS,nidana,1344,72,26,49,0,0,55,14,18,15,48,0,1,0,2
SN,AS,nidana,1345,71,26,49,0,0,56,14,19,14,48,0,1,0,2
SN,AS,nidana,1346,71,27,50,0,0,54,14,19,14,48,0,1,0,2
SN,AS,nidana,1347,70,27,50,0,0,56,13,18,15,47,0,1,0,3
SN,AS,nidana,1348,71,27,51,0,0,54,13,18,15,47,0,1,0,3
SN,AS,nidana,1349,71,27,49,0,0,54,13,20,15,48,0,1,0,2
SN,AS,nidana,1350,72,27,48,0,0,51,14,21,16,48,0,1,0,2
SN,AS,nidana,1351,72,27,48,0,0,52,13,21,16,48,0,1,0,2
SN,AS,nidana,1352,72,28,49,0,0,52,12,20,16,48,0,1,0,2
SN,AS,nidana,1353,72,28,50,0,0,52,11,20,16,48,0,1,0,2
SN,AS,nidana,1354,72,27,49,0,0,51,12,21,17,48,0,1,0,2
SN,AS,nidana,1355,74,29,47,0,0,49,12,21,17,48,0,1,0,2
SN,AS,nidana,1356,73,28,46,0,0,49,13,22,18,48,0,1,0,2
SN,AS,nidana,1357,72,29,46,0,0,49,13,21,19,48,0,1,0,2
SN,AS,nidana,1358,71,28,48,0,0,49,14,21,18,48,0,1,0,2
SN,AS,nidana,1359,72,27,48,0,0,49,14,21,18,48,0,1,0,2
SN,AS,nidana,1360,71,28,50,0,0,48,12,21,19,48,0,1,0,2
SN,AS,nidana,1361,71,28,50,0,0,48,12,21,19,48,0,1,0,2
SN,AS,nidana,1362,70,28,50,0,0,51,11,21,18,48,0,1,0,2
SN,AS,nidana,1363,70,28,49,0,0,51,11,21,19,47,0,1,1,2
SN,AS,nidana,1364,70,29,50,0,0,49,11,21,19,47,0,1,1,2
SN,AS,nidana,1365,70,30,50,0,0,47,12,20,20,47,0,1,1,2
SN,AS,nidana,1366,70,30,50,0,0,48,11,20,20,47,0,1,1,2
SN,AS,nidana,1367,70,30,50,0,0,47,11,20,21,46,0,1,1,3
SN,AS,nidana,1368,70,30,51,0,0,44,11,21,22,46,0,1,1,3
SN,AS,nidana,1369,70,31,50,0,0,45,11,20,22,46,0,1,1,3
SN,AS,nidana,1370,68,31,51,0,0,46,11,20,22,46,0,1,1,3
SN,AS,nidana,1371,68,31,50,0,0,47,10,20,23,46,0,1,1,3
SN,AS,nidana,1372,69,30,48,0,0,48,10,21,23,46,0,1,1,3
SN,AS,nidana,1373,68,31,49,0,0,48,10,20,23,46,0,1,1,3
SN,AS,nidana,1374,67,31,50,0,0,49,10,20,22,46,0,1,1,3
SN,AS,nidana,1375,66,31,52,0,0,49,10,19,22,46,0,1,1,3
SN,AS,nidana,1376,67,30,52,0,0,49,10,19,22,46,0,1,1,3
SN,AS,nidana,1377,67,29,52,0,0,49,10,18,24,46,0,1,1,3
SN,AS,nidana,1378,66,29,53,0,0,48,11,17,25,46,0,1,1,3
SN,AS,nidana,1379,65,29,53,0,0,49,11,16,26,46,0,1,1,3
SN,AS,nidana,1380,64,29,53,0,0,50,10,16,27,46,0,1,1,3
SN,AS,nidana,1381,64,28,53,0,0,51,11,16,26,46,0,1,1,3
SN,AS,nidana,1382,65,28,52,0,0,52,11,15,26,46,0,1,1,3
SN,AS,nidana,1383,64,28,51,0,0,54,12,14,26,46,0,1,1,3
SN,AS,nidana,1384,64,27,51,0,0,55,12,14,26,46,0,1,1,3
SN,AS,nidana,1385,64,28,51,0,0,54,12,14,26,46,0,1,1,3
SN,AS,nidana,1386,64,28,51,0,0,53,13,14,26,46,0,1,1,3
SN,AS,nidana,1387,63,28,52,0,0,54,13,14,25,46,0,1,1,3
SN,AS,nidana,1388,62,28,51,0,0,56,12,14,26,46,0,1,1,3
SN,AS,nidana,1389,62,28,48,0,0,55,14,15,27,46,0,1,1,3
SN,AS,nidana,1390,61,29,49,0,0,55,14,14,27,46,0,1,1,3
SN,AS,nidana,1391,61,29,48,0,0,55,16,15,25,46,0,1,1,3
SN,AS,nidana,1392,62,29,49,0,0,52,16,15,26,46,0,1,1,3
SN,AS,nidana,1393,62,28,49,0,0,52,16,16,26,46,0,1,1,3
SN,AS,nidana,1394,62,29,48,0,0,54,14,17,25,46,0,1,1,3
SN,AS,nidana,1395,62,30,48,0,0,53,14,17,25,46,0,1,1,3
SN,AS,nidana,1396,62,30,47,0,0,53,15,17,25,46,0,1,1,3
SN,AS,nidana,1397,62,30,47,0,0,53,15,17,25,47,0,1,1,2
SN,AS,nidana,1398,61,29,47,0,0,54,15,17,26,47,0,1,1,2
SN,AS,nidana,1399,61,30,48,0,0,55,15,15,25,47,0,1,1,2
SN,AS,nidana,1400,59,31,49,0,0,57,14,15,24,46,0,1,1,2
SN,AS,nidana,1401,60,31,50,0,0,56,14,15,23,46,0,1,1,2
SN,AS,nidana,1402,59,29,50,0,0,56,15,17,23,45,0,1,2,2
SN,AS,nidana,1403,60,30,48,0,0,55,15,17,24,45,0,1,2,2
SN,AS,nidana,1404,58,30,48,0,1,55,14,18,23,44,0,1,2,2
SN,AS,nidana,1405,56,28,48,0,1,55,14,19,24,44,0,0,2,2
SN,AS,nidana,1406,55,28,49,0,1,57,13,17,24,43,0,1,2,2
SN,AS,nidana,1407,54,28,50,0,1,56,13,18,23,42,0,1,3,2
SN,AS,nidana,1408,54,27,50,0,1,57,12,18,24,42,0,1,3,2
SN,AS,nidana,1409,54,27,49,0,1,56,12,20,24,42,0,1,3,2
SN,AS,nidana,1410,55,27,47,0,1,56,13,21,23,42,0,1,3,2
SN,AS,nidana,1411,55,27,47,0,1,53,15,22,23,42,0,1,3,2
SN,AS,nidana,1412,55,27,48,0,1,52,15,22,23,42,0,1,3,2
SN,AS,nidana,1413,55,27,49,0,1,51,15,22,23,43,0,1,2,2
SN,AS,nidana,1414,54,26,49,0,1,52,16,22,23,43,0,1,2,2
SN,AS,nidana,1415,54,25,50,0,1,53,15,22,23,42,0,1,2,3
SN,AS,nidana,1416,54,25,50,0,1,52,15,22,24,42,0,1,2,3
SN,AS,nidana,1417,56,25,49,0,1,52,15,22,23,43,0,1,2,2
SN,AS,nidana,1418,56,25,50,0,1,52,15,21,23,42,0,1,2,3
SN,AS,nidana,1419,57,24,51,0,1,50,15,22,23,42,0,1,2,3
SN,AS,nidana,1420,57,22,51,0,1,50,16,22,24,41,0,1,2,4
SN,AS,nidana,1421,57,21,52,0,1,50,17,22,23,40,0,1,2,5
SN,AS,nidana,1422,56,22,51,0,1,51,17,22,23,39,0,1,2,6
SN,AS,nidana,1423,56,20,50,0,1,53,17,23,23,39,0,1,2,6
SN,AS,nidana,1424,55,22,49,0,1,53,17,23,23,39,0,1,2,6
SN,AS,nidana,1425,55,22,48,0,1,54,17,23,23,39,0,1,2,6
SN,AS,nidana,1426,53,23,48,0,1,55,16,24,23,39,0,1,2,6
SN,AS,nidana,1427,52,23,48,0,1,55,16,26,21,38,1,1,2,6
SN,AS,nidana,1428,52,24,48,0,1,55,15,27,20,38,1,1,2,6
SN,AS,nidana,1429,53,25,47,0,1,55,15,27,19,38,1,1,2,6
SN,AS,nidana,1430,53,26,48,0,1,53,16,27,18,39,1,1,2,5
SN,AS,nidana,1431,53,27,48,0,1,53,15,26,19,39,1,1,2,5
SN,AS,nidana,1432,52,27,48,0,1,53,15,27,19,39,1,1,2,5
SN,AS,nidana,1433,53,27,48,0,1,52,15,26,20,39,1,1,2,5
SN,AS,nidana,1434,53,27,47,0,1,52,16,26,20,39,1,1,2,5
SN,AS,nidana,1435,53,26,50,0,1,52,16,25,19,39,1,1,2,5
SN,AS,nidana,1436,53,26,49,0,1,55,15,24,19,39,1,1,2,5
SN,AS,nidana,1437,52,26,48,0,1,57,15,24,19,39,1,1,2,5
SN,AS,nidana,1438,52,26,47,0,1,56,16,24,20,39,1,1,2,5
SN,AS,nidana,1439,52,26,49,0,1,57,14,23,20,39,1,1,2,5
SN,AS,nidana,1440,52,25,50,0,1,57,14,23,20,39,1,1,2,5
SN,AS,nidana,1441,54,25,50,0,1,58,12,22,20,38,1,1,2,6
SN,AS,nidana,1442,53,26,51,0,1,58,12,22,19,38,1,1,2,6
SN,AS,nidana,1443,53,26,52,0,1,57,12,21,20,38,1,1,2,6
SN,AS,nidana,1444,53,25,53,0,1,58,12,20,20,38,1,1,2,6
SN,AS,nidana,1445,53,25,55,0,1,57,12,19,20,38,1,1,2,6
SN,AS,nidana,1446,53,25,55,0,1,56,11,20,21,38,1,1,2,6
SN,AS,nidana,1447,53,25,55,0,1,56,11,21,20,38,1,1,2,6
SN,AS,nidana,1448,53,25,53,0,1,56,11,22,21,38,1,1,2,6
SN,AS,nidana,1449,53,25,52,0,1,54,12,24,21,38,1,1,2,6
SN,AS,nidana,1450,54,25,51,0,1,54,12,24,21,39,1,1,2,6
SN,AS,nidana,1451,53,25,49,0,1,55,13,25,21,39,1,1,2,6
SN,AS,nidana,1452,55,25,49,0,1,55,13,23,21,40,1,1,1,6
SN,AS,nidana,1453,54,24,50,0,1,56,13,24,20,40,1,1,1,6
SN,AS,nidana,1454,55,25,52,0,0,56,13,22,21,41,1,1,1,6
SN,AS,nidana,1455,56,26,54,0,0,57,13,21,20,41,1,1,1,6
SN,AS,nidana,1456,57,26,54,0,0,55,13,22,21,42,1,0,1,6
SN,AS,nidana,1457,59,25,52,0,0,55,14,22,22,43,1,0,0,6
SN,AS,nidana,1458,58,26,53,0,0,55,14,22,21,42,1,0,0,6
SN,AS,nidana,1459,57,26,55,0,0,55,14,20,22,42,1,0,0,6
SN,AS,nidana,1460,56,25,58,0,0,55,13,19,23,42,1,0,0,6
SN,AS,nidana,1461,56,25,57,0,0,57,11,20,23,42,1,0,0,6
SN,AS,nidana,1462,56,26,57,0,0,56,11,20,23,42,1,0,0,6
SN,AS,nidana,1463,56,27,56,0,0,57,11,20,22,42,1,0,0,6
SN,AS,nidana,1464,56,27,56,0,0,57,10,20,23,42,1,0,0,6
SN,AS,nidana,1465,57,27,56,0,0,56,10,21,22,42,1,0,0,6
SN,AS,nidana,1466,57,26,57,0,0,57,10,21,21,42,1,0,0,6
SN,AS,nidana,1467,55,26,57,0,0,57,10,22,22,42,1,0,0,6
SN,AS,nidana,1468,55,26,55,0,0,60,10,22,21,43,1,0,0,5
SN,AS,nidana,1469,54,25,54,0,0,61,11,22,21,43,1,1,0,5
SN,AS,nidana,1470,54,25,55,0,0,60,11,23,20,44,1,1,0,4
SN,AS,nidana,1471,55,25,56,0,0,59,10,23,20,45,1,1,0,3
SN,AS,nidana,1472,55,26,57,0,0,58,10,22,20,46,1,1,0,2
SN,AS,nidana,1473,56,27,57,0,0,56,10,21,21,45,1,1,0,3
SN,AS,nidana,1474,57,28,56,0,0,54,10,22,21,45,1,1,0,3
SN,AS,nidana,1475,57,28,57,0,0,52,11,22,21,45,1,1,0,3
SN,AS,nidana,1476,57,27,58,0,0,52,11,21,22,45,1,1,0,3
SN,AS,nidana,1477,58,28,58,0,0,52,11,20,22,46,0,1,0,3
SN,AS,nidana,1478,58,27,59,0,0,52,11,19,23,45,0,1,0,4
SN,AS,nidana,1479,57,28,61,0,0,50,11,19,23,45,0,1,0,4
SN,AS,nidana,1480,58,28,59,0,0,50,11,19,24,45,0,1,0,4
SN,AS,nidana,1481,58,29,60,0,0,49,11,19,23,45,0,1,0,4
SN,AS,nidana,1482,58,32,61,0,0,47,11,18,22,45,0,1,0,4
SN,AS,nidana,1483,57,32,62,0,0,49,10,18,21,45,0,1,0,4
SN,AS,nidana,1484,57,33,62,0,0,49,9,18,21,45,0,1,0,4
SN,AS,nidana,1485,58,33,60,0,0,50,9,18,21,44,0,1,0,5
SN,AS,nidana,1486,58,32,60,0,0,49,9,19,22,44,0,1,0,5
SN,AS,nidana,1487,58,31,61,0,0,47,9,20,23,44,0,1,0,5
SN,AS,nidana,1488,59,31,63,0,0,47,8,20,21,44,0,1,0,5
SN,AS,nidana,1489,59,32,62,0,0,46,8,20,22,43,0,1,0,6
SN,AS,nidana,1490,59,31,61,0,0,47,8,20,23,43,0,1,0,6
SN,AS,nidana,1491,57,31,60,0,0,47,9,20,24,44,0,2,0,5
SN,AS,nidana,1492,57,31,58,0,0,49,9,20,24,44,0,2,0,5
SN,AS,nidana,1493,58,32,57,0,0,50,9,20,22,44,0,2,0,5
SN,AS,nidana,1494,59,33,56,0,0,48,9,20,22,44,0,3,0,5
SN,AS,nidana,1495,59,32,55,0,0,49,10,20,22,44,0,3,0,5
SN,AS,nidana,1496,61,31,55,0,0,50,10,19,21,43,0,3,0,6
SN,AS,nidana,1497,60,31,56,0,0,50,11,18,21,42,0,3,1,6
SN,AS,nidana,1498,60,31,58,0,0,50,11,18,19,42,0,3,1,6
SN,AS,nidana,1499,60,30,58,0,0,50,11,17,21,42,0,3,1,6
SN,AS,nidana,1500,60,29,59,0,0,50,11,17,21,42,0,3,1,6
SN,AS,nidana,1501,61,29,60,0,0,49,10,17,21,42,0,3,1,6
SN,AS,nidana,1502,60,29,60,0,0,49,9,18,22,42,0,3,1,6
SN,AS,nidana,1503,60,29,59,0,0,48,10,18,23,42,0,3,1,6
SN,AS,nidana,1504,60,29,57,0,0,48,11,18,24,42,0,3,1,6
SN,AS,nidana,1505,60,30,57,0,0,47,11,18,24,42,0,3,1,6
SN,AS,nidana,1506,60,32,56,0,0,47,12,17,23,42,0,3,1,6
SN,AS,nidana,1507,59,32,57,0,0,49,11,16,23,41,0,3,2,6
SN,AS,nidana,1508,60,31,54,0,0,51,11,17,23,42,0,3,2,6
SN,AS,nidana,1509,60,32,53,0,0,51,11,17,23,42,0,3,2,6
SN,AS,nidana,1510,62,32,50,0,0,51,12,17,23,42,0,3,2,6
SN,AS,nidana,1511,62,33,51,0,0,51,12,15,23,42,0,3,2,6
SN,AS,nidana,1512,63,32,50,0,0,52,12,15,23,42,0,3,2,6
SN,AS,nidana,1513,63,33,49,0,0,51,12,15,24,42,0,3,2,6
SN,AS,nidana,1514,64,33,48,0,0,52,12,15,23,42,0,3,2,6
SN,AS,nidana,1515,63,33,48,0,0,52,13,15,23,43,0,3,2,5
SN,AS,nidana,1516,64,34,46,0,0,51,14,15,23,43,0,3,2,5
SN,AS,nidana,1517,65,34,46,0,0,50,15,14,23,43,0,3,2,5
SN,AS,nidana,1518,65,35,46,0,0,47,16,14,24,43,0,3,2,5
SN,AS,nidana,1519,66,35,49,0,0,46,15,13,24,42,0,2,2,6
SN,AS,nidana,1520,66,35,49,0,0,48,14,12,24,42,0,2,2,6
SN,AS,nidana,1521,65,36,47,0,0,49,14,12,25,42,0,2,2,6
SN,AS,nidana,1522,65,34,49,0,0,48,15,12,25,42,0,2,2,6
SN,AS,nidana,1523,65,33,50,0,0,48,15,12,25,43,0,2,2,5
SN,AS,nidana,1524,64,30,50,0,0,48,15,12,26,43,0,2,2,5
SN,AS,nidana,1525,63,31,48,0,1,48,14,12,27,42,0,2,2,5
