Text_Type,Book,Chapter,Window,L,G,LL,LG,GL,GG,LLL,LLG,LGL,LGG,GLL,GLG,GGL,GGG
SN,AS,kalpa,1,2,10,1,17,3,2,44,59,42,69,36,90,82,83
SN,AS,kalpa,2,2,11,1,17,3,2,43,60,42,68,36,90,84,81
SN,AS,kalpa,3,2,11,1,16,4,2,44,59,43,68,36,91,86,82
SN,AS,kalpa,4,2,10,1,16,5,2,41,58,42,67,37,91,88,80
SN,AS,kalpa,5,2,9,1,17,5,2,41,58,42,67,36,92,91,80
SN,AS,kalpa,6,3,9,1,16,5,2,41,56,39,62,34,89,88,79
SN,AS,kalpa,7,3,9,1,15,6,2,37,52,36,61,33,88,85,75
SN,AS,kalpa,8,3,9,1,16,6,2,32,51,37,59,34,85,81,74
SN,AS,kalpa,9,3,9,1,16,6,2,30,50,34,54,33,82,76,69
SN,AS,kalpa,10,3,9,1,15,6,2,29,50,35,54,36,82,74,70
SN,AS,kalpa,11,2,9,1,15,6,3,30,51,36,58,38,85,75,71
SN,AS,kalpa,12,2,9,1,14,6,3,31,49,35,53,39,86,75,70
SN,AS,kalpa,13,3,9,1,13,6,3,32,51,35,55,43,91,75,70
SN,AS,kalpa,14,3,9,1,14,5,3,32,54,34,55,46,91,75,67
SN,AS,kalpa,15,3,8,1,15,5,3,31,54,36,55,49,89,72,68
SN,AS,kalpa,16,3,9,1,15,5,3,32,55,35,55,49,88,73,69
SN,AS,kalpa,17,2,9,1,15,5,3,33,59,37,53,53,88,73,68
SN,AS,kalpa,18,2,9,1,15,5,3,34,57,32,53,53,85,68,65
SN,AS,kalpa,19,2,10,1,14,5,3,31,56,32,53,44,82,62,59
SN,AS,kalpa,20,2,10,1,14,5,3,30,53,32,50,45,79,57,57
SN,AS,kalpa,21,2,11,1,13,5,3,28,52,33,49,45,78,57,54
SN,AS,kalpa,22,2,12,1,12,5,3,28,51,34,49,45,76,56,55
SN,AS,kalpa,23,2,13,1,11,5,3,28,51,35,51,45,73,55,56
SN,AS,kalpa,24,2,12,1,12,5,3,27,51,34,50,44,72,52,54
SN,AS,kalpa,25,2,12,1,12,5,3,23,47,32,44,39,67,47,53
SN,AS,kalpa,26,2,12,0,13,5,3,22,43,30,43,38,68,45,52
SN,AS,kalpa,27,2,12,0,14,5,3,22,42,30,42,37,67,44,52
SN,AS,kalpa,28,2,12,0,13,6,3,20,40,32,42,37,67,43,51
SN,AS,kalpa,29,2,12,0,13,7,3,19,41,32,42,38,68,43,51
SN,AS,kalpa,30,2,13,0,13,7,3,21,42,32,44,38,71,43,52
SN,AS,kalpa,31,3,13,0,12,7,3,24,43,31,46,38,73,40,53
SN,AS,kalpa,32,3,12,0,12,8,3,25,47,32,50,39,76,40,56
SN,AS,kalpa,33,3,11,0,13,8,3,26,49,32,50,39,76,41,57
SN,AS,kalpa,34,3,12,0,12,8,3,26,49,33,49,39,76,43,58
SN,AS,kalpa,35,4,12,0,12,8,3,26,50,33,49,39,78,42,60
SN,AS,kalpa,36,4,12,0,12,9,3,25,50,34,51,40,77,42,63
SN,AS,kalpa,37,4,12,0,12,10,3,25,50,34,49,41,78,41,62
SN,AS,kalpa,38,5,11,0,12,10,3,28,57,39,53,47,84,40,58
SN,AS,kalpa,39,5,11,0,12,11,3,29,57,39,53,47,82,39,56
SN,AS,kalpa,40,5,12,0,12,11,2,28,58,41,53,46,82,39,56
SN,AS,kalpa,41,5,13,0,11,11,2,28,56,42,52,45,81,38,58
SN,AS,kalpa,42,5,13,0,11,11,2,28,56,43,52,45,81,38,59
SN,AS,kalpa,43,5,14,0,11,11,1,28,55,44,51,45,80,38,58
SN,AS,kalpa,44,5,15,0,10,11,1,28,54,45,51,46,77,38,58
SN,AS,kalpa,45,5,16,0,10,11,1,27,54,47,49,47,76,37,60
SN,AS,kalpa,46,5,16,0,10,11,1,26,54,46,47,46,74,36,61
SN,AS,kalpa,47,5,17,0,9,11,1,26,54,46,48,46,75,36,60
SN,AS,kalpa,48,5,18,0,9,11,1,26,55,47,49,45,73,37,59
SN,AS,kalpa,49,6,18,0,9,10,1,25,53,46,47,44,74,33,57
SN,AS,kalpa,50,6,18,0,9,10,1,25,54,47,48,44,73,33,56
SN,AS,kalpa,51,6,19,0,9,10,1,24,53,49,49,45,72,33,55
SN,AS,kalpa,52,6,19,0,9,10,1,24,52,50,49,45,74,32,56
SN,AS,kalpa,53,6,20,0,9,9,1,23,52,50,49,46,72,30,56
SN,AS,kalpa,54,6,21,0,9,8,1,22,54,52,49,45,71,28,55
SN,AS,kalpa,55,6,22,0,8,8,1,22,54,54,49,45,70,26,52
SN,AS,kalpa,56,5,23,0,8,8,1,21,56,55,50,44,70,26,51
SN,AS,kalpa,57,5,24,0,8,7,1,20,56,55,49,45,70,25,50
SN,AS,kalpa,58,5,25,0,7,7,1,20,57,55,49,44,71,26,50
SN,AS,kalpa,59,5,26,0,6,7,1,19,57,56,49,43,70,26,50
SN,AS,kalpa,60,5,27,0,6,7,1,19,55,56,46,40,71,27,50
SN,AS,kalpa,61,5,28,0,6,7,0,17,54,56,42,39,69,26,50
SN,AS,kalpa,62,5,29,0,6,7,0,16,55,57,41,37,67,25,48
SN,AS,kalpa,63,4,30,0,6,7,0,15,52,58,39,34,63,22,47
SN,AS,kalpa,64,4,31,0,5,7,0,15,48,59,38,32,62,23,47
SN,AS,kalpa,65,4,32,0,4,7,0,14,46,57,39,31,61,23,46
SN,AS,kalpa,66,4,32,0,4,7,0,13,44,58,40,30,63,21,44
SN,AS,kalpa,67,5,32,0,4,7,0,12,38,57,38,26,61,22,45
SN,AS,kalpa,68,5,33,0,4,6,0,11,39,58,39,26,62,22,46
SN,AS,kalpa,69,5,33,0,4,6,0,11,38,57,39,26,62,21,49
SN,AS,kalpa,70,5,34,0,4,6,0,11,38,58,39,23,63,21,49
SN,AS,kalpa,71,5,34,0,4,6,0,11,38,59,38,23,65,22,49
SN,AS,kalpa,72,5,34,0,4,6,0,11,39,59,38,23,66,24,48
SN,AS,kalpa,73,5,34,0,4,6,0,11,39,59,37,23,67,24,49
SN,AS,kalpa,74,5,35,0,3,6,0,11,39,60,38,23,66,23,50
SN,AS,kalpa,75,5,36,0,3,6,0,11,39,61,40,24,65,23,48
SN,AS,kalpa,76,5,37,0,2,6,0,11,39,62,40,24,66,23,50
SN,AS,kalpa,77,5,38,0,1,6,0,11,39,63,40,24,68,24,50
SN,AS,kalpa,78,5,39,0,1,5,0,11,39,63,40,24,68,25,51
SN,AS,kalpa,79,5,40,0,1,4,0,11,38,64,39,23,68,25,53
SN,AS,kalpa,80,5,40,0,1,4,0,9,37,65,38,22,65,25,52
SN,AS,kalpa,81,4,41,0,1,4,0,6,37,67,35,22,65,25,51
SN,AS,kalpa,82,4,42,0,1,3,0,5,33,67,31,22,62,26,48
SN,AS,kalpa,83,4,43,0,0,3,0,4,31,68,30,22,62,25,50
SN,AS,kalpa,84,4,43,0,0,3,0,4,31,68,30,22,63,23,51
SN,AS,kalpa,85,3,44,0,0,3,0,4,32,69,29,21,61,23,50
SN,AS,kalpa,86,3,45,0,0,2,0,4,32,71,27,20,61,23,47
SN,AS,kalpa,87,4,45,0,0,1,0,4,30,72,28,19,58,24,45
SN,AS,kalpa,88,3,46,0,0,1,0,1,22,66,23,13,52,24,45
SN,AS,kalpa,89,3,47,0,0,0,0,0,22,67,23,13,54,25,46
SN,AS,kalpa,90,3,47,0,0,0,0,0,21,66,24,14,53,25,47
SN,AS,kalpa,91,3,47,0,0,0,0,0,21,65,24,15,54,25,46
SN,AS,kalpa,92,3,47,0,0,0,0,0,20,66,24,15,55,24,46
SN,AS,kalpa,93,3,47,0,0,0,0,0,19,66,24,16,55,23,47
SN,AS,kalpa,94,3,47,0,0,0,0,0,20,66,25,15,53,23,48
SN,AS,kalpa,95,3,47,0,0,0,0,0,20,65,26,14,54,23,48
SN,AS,kalpa,96,3,47,0,0,0,0,0,20,65,25,14,55,22,49
SN,AS,kalpa,97,3,47,0,0,0,0,0,21,65,23,14,54,23,50
SN,AS,kalpa,98,3,47,0,0,0,0,0,20,65,22,14,55,23,51
SN,AS,kalpa,99,3,47,0,0,0,0,0,20,65,22,15,54,23,51
SN,AS,kalpa,100,3,47,0,0,0,0,0,19,64,21,15,56,24,51
SN,AS,kalpa,101,3,47,0,0,0,0,0,19,62,21,14,57,25,52
SN,AS,kalpa,102,3,47,0,0,0,0,0,20,62,21,14,55,26,52
SN,AS,kalpa,103,3,47,0,0,0,0,0,21,63,21,14,54,26,51
SN,AS,kalpa,104,3,47,0,0,0,0,0,20,63,21,14,54,27,51
SN,AS,kalpa,105,3,47,0,0,0,0,0,20,62,21,14,56,26,51
SN,AS,kalpa,106,3,47,0,0,0,0,0,18,62,21,15,57,26,51
SN,AS,kalpa,107,3,47,0,0,0,0,0,18,62,19,14,57,27,53
SN,AS,kalpa,108,3,47,0,0,0,0,0,17,62,20,14,56,27,54
SN,AS,kalpa,109,3,47,0,0,0,0,0,18,61,20,14,56,27,54
SN,AS,kalpa,110,3,47,0,0,0,0,0,20,61,20,15,56,26,52
SN,AS,kalpa,111,3,47,0,0,0,0,0,20,61,20,14,55,27,53
SN,AS,kalpa,112,3,47,0,0,0,0,0,21,60,20,15,53,27,54
SN,AS,kalpa,113,3,47,0,0,0,0,0,21,60,19,14,53,28,55
SN,AS,kalpa,114,4,46,0,0,0,0,0,22,61,19,14,52,26,56
SN,AS,kalpa,115,4,46,0,0,0,0,0,22,61,19,12,53,25,58
SN,AS,kalpa,116,4,46,0,0,0,0,0,22,61,18,12,50,27,60
SN,AS,kalpa,117,3,47,0,0,0,0,0,23,61,19,12,50,26,59
SN,AS,kalpa,118,3,47,0,0,0,0,0,23,61,19,12,49,27,59
SN,AS,kalpa,119,3,47,0,0,0,0,0,23,62,19,12,49,27,58
SN,AS,kalpa,120,3,47,0,0,0,0,0,24,61,18,13,48,27,59
SN,AS,kalpa,121,3,47,0,0,0,0,0,25,60,19,13,47,26,60
SN,AS,kalpa,122,3,47,0,0,0,0,0,24,60,19,13,48,26,60
SN,AS,kalpa,123,3,47,0,0,0,0,0,25,60,19,13,49,26,58
SN,AS,kalpa,124,3,47,0,0,0,0,0,25,61,18,13,49,26,58
SN,AS,kalpa,125,3,47,0,0,0,0,0,27,60,16,12,50,26,59
SN,AS,kalpa,126,3,47,0,0,0,0,0,28,60,18,12,49,26,57
SN,AS,kalpa,127,3,47,0,0,0,0,0,29,60,19,12,48,25,57
SN,AS,kalpa,128,3,47,0,0,0,0,0,30,59,19,13,49,24,56
SN,AS,kalpa,129,3,47,0,0,0,0,0,30,59,19,13,49,25,55
SN,AS,kalpa,130,3,47,0,0,0,0,0,30,60,18,14,49,25,54
SN,AS,kalpa,131,3,47,0,0,0,0,0,29,59,19,14,48,26,55
SN,AS,kalpa,132,4,46,0,0,0,0,0,30,59,20,13,48,26,54
SN,AS,kalpa,133,5,45,0,0,0,0,0,30,59,21,15,47,26,52
SN,AS,kalpa,134,6,44,0,0,0,0,0,30,59,22,15,46,26,52
SN,AS,kalpa,135,6,44,0,0,0,0,0,28,60,21,15,47,27,52
SN,AS,kalpa,136,6,44,0,0,0,0,0,28,58,23,15,48,28,50
SN,AS,kalpa,137,5,45,0,0,0,0,0,28,58,23,15,47,28,51
SN,AS,kalpa,138,5,45,0,0,0,0,0,27,58,23,16,47,27,52
SN,AS,kalpa,139,5,45,0,0,0,0,0,27,58,23,16,47,27,52
SN,AS,kalpa,140,5,45,0,0,0,0,0,27,59,23,16,47,27,51
SN,AS,kalpa,141,5,45,0,0,0,0,0,28,59,24,16,45,27,51
SN,AS,kalpa,142,5,45,0,0,0,0,0,28,58,24,16,44,28,52
SN,AS,kalpa,143,5,45,0,0,0,0,0,28,58,24,16,44,28,52
SN,AS,kalpa,144,5,45,0,0,0,0,0,27,58,23,17,45,28,52
SN,AS,kalpa,145,5,45,0,0,0,0,0,28,58,22,17,44,29,52
SN,AS,kalpa,146,5,45,0,0,0,0,0,27,59,23,17,45,29,50
SN,AS,kalpa,147,6,44,0,0,0,0,0,26,59,23,17,46,28,51
SN,AS,kalpa,148,6,44,0,0,0,0,0,27,59,23,17,45,27,52
SN,AS,kalpa,149,5,45,0,0,0,0,0,26,59,24,17,45,27,52
SN,AS,kalpa,150,5,45,0,0,0,0,0,26,59,24,16,45,26,54
SN,AS,kalpa,151,5,45,0,0,0,0,0,26,60,23,16,46,25,54
SN,AS,kalpa,152,5,45,0,0,0,0,0,25,61,23,17,46,25,53
SN,AS,kalpa,153,5,45,0,0,0,0,0,24,60,24,17,46,24,55
SN,AS,kalpa,154,5,45,0,0,0,0,0,23,59,25,17,48,23,55
SN,AS,kalpa,155,5,45,0,0,0,0,0,23,60,24,18,46,23,56
SN,AS,kalpa,156,5,45,0,0,0,0,0,24,60,23,18,46,23,56
SN,AS,kalpa,157,5,45,0,0,0,0,0,24,60,23,18,47,22,56
SN,AS,kalpa,158,6,44,0,0,0,0,0,24,61,22,18,48,21,56
SN,AS,kalpa,159,6,44,0,0,0,0,0,22,62,22,18,50,21,55
SN,AS,kalpa,160,6,44,0,0,0,0,0,20,62,23,17,50,22,56
SN,AS,kalpa,161,6,44,0,0,0,0,0,20,62,23,17,51,23,54
SN,AS,kalpa,162,6,44,0,0,0,0,0,18,63,24,17,52,23,53
SN,AS,kalpa,163,6,44,0,0,0,0,0,19,63,25,17,50,24,52
SN,AS,kalpa,164,5,45,0,0,0,0,0,19,62,26,16,51,25,51
SN,AS,kalpa,165,6,44,0,0,0,0,0,19,63,25,16,51,26,50
SN,AS,kalpa,166,6,44,0,0,0,0,0,19,63,27,16,51,25,49
SN,AS,kalpa,167,6,44,0,0,0,0,0,18,63,26,17,51,27,48
SN,AS,kalpa,168,6,44,0,0,0,0,0,17,63,27,17,53,26,47
SN,AS,kalpa,169,6,44,0,0,0,0,0,17,62,27,18,53,28,45
SN,AS,kalpa,170,6,44,0,0,0,0,0,16,62,28,17,54,28,45
SN,AS,kalpa,171,6,44,0,0,0,0,0,15,62,28,17,55,28,45
SN,AS,kalpa,172,6,44,0,0,0,0,0,15,62,28,18,53,27,47
SN,AS,kalpa,173,6,44,0,0,0,0,0,14,62,27,18,53,27,49
SN,AS,kalpa,174,6,44,0,0,0,0,0,13,61,27,18,53,28,50
SN,AS,kalpa,175,6,44,0,0,0,0,0,12,61,27,18,52,29,51
SN,AS,kalpa,176,6,44,0,0,0,0,0,12,62,26,18,51,29,52
SN,AS,kalpa,177,6,44,0,0,0,0,0,12,63,25,18,50,30,52
SN,AS,kalpa,178,6,44,0,0,0,0,0,11,63,25,17,48,31,55
SN,AS,kalpa,179,6,44,0,0,0,0,0,10,63,26,17,47,32,55
SN,AS,kalpa,180,6,44,0,0,0,0,0,11,62,28,16,46,31,56
SN,AS,kalpa,181,6,44,0,0,0,0,0,12,62,27,17,46,30,56
SN,AS,kalpa,182,5,45,0,0,0,0,0,11,62,26,17,48,29,57
SN,AS,kalpa,183,5,45,0,0,0,0,0,11,62,25,15,49,29,59
SN,AS,kalpa,184,4,46,0,0,0,0,0,11,62,25,15,51,29,57
SN,AS,kalpa,185,4,46,0,0,0,0,0,12,61,27,15,50,28,57
SN,AS,kalpa,186,5,45,0,0,0,0,0,13,62,25,15,49,27,59
SN,AS,kalpa,187,6,44,0,0,0,0,0,13,64,24,15,50,27,57
SN,AS,kalpa,188,6,44,0,0,0,0,0,14,64,24,14,49,28,57
SN,AS,kalpa,189,6,44,0,0,0,0,0,15,64,24,14,47,28,58
SN,AS,kalpa,190,6,44,0,0,0,0,0,16,63,23,13,48,28,59
SN,AS,kalpa,191,6,44,0,0,0,0,0,15,65,22,12,48,30,58
SN,AS,kalpa,192,6,44,0,0,0,0,0,15,67,22,12,48,29,57
SN,AS,kalpa,193,6,44,0,0,0,0,0,16,67,24,11,48,29,55
SN,AS,kalpa,194,6,44,0,0,0,0,0,16,67,25,11,48,30,53
SN,AS,kalpa,195,6,44,0,0,0,0,0,15,67,25,11,49,31,52
SN,AS,kalpa,196,6,44,0,0,0,0,0,16,66,25,11,47,31,54
SN,AS,kalpa,197,6,44,0,0,0,0,0,16,67,25,11,47,33,51
SN,AS,kalpa,198,6,44,0,0,0,0,0,15,67,26,11,46,35,50
SN,AS,kalpa,199,6,44,0,0,0,0,0,15,67,25,10,45,36,52
SN,AS,kalpa,200,6,44,0,0,0,0,0,15,67,25,10,45,37,51
SN,AS,kalpa,201,6,44,0,0,0,0,0,15,66,25,10,44,38,52
SN,AS,kalpa,202,6,44,0,0,0,0,0,15,65,26,10,44,37,53
SN,AS,kalpa,203,6,44,0,0,0,0,0,16,65,25,9,45,39,51
SN,AS,kalpa,204,6,44,0,0,0,0,0,16,65,24,10,45,38,52
SN,AS,kalpa,205,6,44,0,0,0,0,0,16,66,25,9,44,39,51
SN,AS,kalpa,206,6,44,0,0,0,0,0,16,66,25,8,43,40,52
SN,AS,kalpa,207,6,44,0,0,0,0,0,16,66,26,8,43,40,51
SN,AS,kalpa,208,5,45,0,0,0,0,0,16,65,26,9,43,43,50
SN,AS,kalpa,209,6,44,0,0,0,0,0,16,64,26,10,43,44,51
SN,AS,kalpa,210,6,44,0,0,0,0,0,16,64,25,10,42,43,51
SN,AS,kalpa,211,6,44,0,0,0,0,1,16,63,25,10,40,41,52
SN,AS,kalpa,212,6,44,0,0,0,0,2,16,62,25,9,39,41,56
SN,AS,kalpa,213,6,43,0,1,0,0,2,16,61,24,9,41,40,56
SN,AS,kalpa,214,6,42,0,1,0,0,3,19,62,24,11,41,42,58
SN,AS,kalpa,215,5,42,0,1,0,0,3,19,60,24,11,41,43,58
SN,AS,kalpa,216,5,42,0,1,0,0,3,19,59,23,12,43,43,59
SN,AS,kalpa,217,5,42,0,1,0,0,4,19,59,23,12,43,43,59
SN,AS,kalpa,218,5,41,0,1,0,0,5,21,60,22,14,42,46,60
SN,AS,kalpa,219,5,40,0,1,1,0,5,21,59,22,13,42,45,61
SN,AS,kalpa,220,5,39,0,1,1,0,7,23,59,22,14,44,45,59
SN,AS,kalpa,221,5,38,0,1,1,1,7,23,60,24,16,44,47,59
SN,AS,kalpa,222,5,37,0,1,1,1,7,23,60,26,16,45,49,57
SN,AS,kalpa,223,5,36,0,2,1,1,7,23,59,27,18,43,50,56
SN,AS,kalpa,224,5,35,0,2,1,1,9,23,59,28,19,44,52,59
SN,AS,kalpa,225,5,35,0,2,1,1,9,22,58,29,20,44,52,57
SN,AS,kalpa,226,5,34,0,3,1,1,9,21,57,28,20,45,53,57
SN,AS,kalpa,227,6,33,0,3,1,1,9,20,55,28,20,46,55,56
SN,AS,kalpa,228,6,33,0,3,1,1,10,22,54,29,20,47,55,55
SN,AS,kalpa,229,7,32,0,3,1,1,12,24,54,33,22,49,55,57
SN,AS,kalpa,230,7,31,0,4,1,1,13,24,56,36,22,54,57,58
SN,AS,kalpa,231,7,30,1,4,1,1,13,24,58,38,22,57,58,60
SN,AS,kalpa,232,7,29,1,4,1,1,13,24,57,38,22,55,59,59
SN,AS,kalpa,233,6,29,1,4,1,1,13,25,56,38,22,58,60,57
SN,AS,kalpa,234,6,28,1,4,1,1,13,25,57,41,23,57,61,61
SN,AS,kalpa,235,6,27,1,4,1,1,14,25,56,45,25,60,64,60
SN,AS,kalpa,236,5,27,1,5,1,1,15,26,55,45,26,62,64,60
SN,AS,kalpa,237,4,27,2,5,1,1,19,28,52,46,27,66,65,63
SN,AS,kalpa,238,4,26,2,5,1,1,21,28,52,46,28,68,65,62
SN,AS,kalpa,239,4,25,2,5,1,1,23,28,51,47,28,69,65,61
SN,AS,kalpa,240,4,25,2,5,1,1,23,28,50,46,28,69,66,60
SN,AS,kalpa,241,4,25,2,5,1,1,23,31,48,46,29,71,67,61
SN,AS,kalpa,242,4,24,2,5,1,2,24,31,45,46,30,71,69,60
SN,AS,kalpa,243,4,23,2,5,1,2,24,32,45,45,30,70,69,62
SN,AS,kalpa,244,4,23,2,5,1,2,24,32,44,45,29,69,70,63
SN,AS,kalpa,245,4,23,2,5,1,2,25,34,45,47,29,72,70,65
SN,AS,kalpa,246,4,22,3,5,1,2,26,34,46,50,30,74,70,64
SN,AS,kalpa,247,4,22,3,5,1,2,26,35,45,50,31,73,69,65
SN,AS,kalpa,248,4,21,4,5,1,2,26,35,45,49,32,75,71,64
SN,AS,kalpa,249,4,21,4,5,1,2,26,36,46,51,33,75,72,61
SN,AS,kalpa,250,4,20,4,6,1,2,27,38,46,51,33,73,71,62
SN,AS,kalpa,251,4,20,4,6,1,2,27,38,45,51,33,73,73,61
SN,AS,kalpa,252,4,19,4,6,1,2,27,39,44,50,34,75,73,60
SN,AS,kalpa,253,4,19,4,6,1,2,27,38,45,50,34,75,71,60
SN,AS,kalpa,254,5,18,4,6,1,2,29,38,44,51,33,76,73,61
SN,AS,kalpa,255,5,17,4,7,1,2,30,38,42,50,33,77,72,61
SN,AS,kalpa,256,6,16,4,7,1,2,31,39,42,52,33,80,73,61
SN,AS,kalpa,257,6,15,4,8,1,2,31,39,42,52,33,82,74,60
SN,AS,kalpa,258,6,14,4,8,1,2,32,40,42,53,33,83,72,64
SN,AS,kalpa,259,5,15,4,8,1,2,32,41,41,53,34,81,70,63
SN,AS,kalpa,260,5,15,4,8,1,2,33,42,40,54,34,82,73,65
SN,AS,kalpa,261,5,15,4,8,1,2,32,43,41,54,35,83,74,64
SN,AS,kalpa,262,5,14,4,8,1,2,31,44,41,53,35,84,74,60
SN,AS,kalpa,263,5,15,4,7,1,2,31,43,41,55,36,85,75,60
SN,AS,kalpa,264,5,15,5,7,1,2,32,40,41,56,36,86,74,61
SN,AS,kalpa,265,5,15,6,7,1,2,32,40,42,56,36,86,72,61
SN,AS,kalpa,266,5,14,6,7,1,3,32,40,43,59,37,85,72,63
SN,AS,kalpa,267,5,13,6,8,1,3,32,40,42,63,36,86,70,64
SN,AS,kalpa,268,5,13,6,8,1,4,31,38,40,62,35,85,68,63
SN,AS,kalpa,269,5,13,6,8,0,4,31,40,43,64,37,85,73,64
SN,AS,kalpa,270,5,14,6,8,0,4,29,40,42,66,40,83,76,65
SN,AS,kalpa,271,5,14,6,8,0,3,29,40,40,66,38,83,74,66
SN,AS,kalpa,272,5,15,6,8,0,3,29,41,40,65,37,82,73,70
SN,AS,kalpa,273,5,16,6,7,0,3,29,42,40,64,35,84,72,69
SN,AS,kalpa,274,5,16,6,8,0,3,30,42,39,64,35,83,69,66
SN,AS,kalpa,275,5,15,6,9,0,3,30,42,41,63,34,86,69,71
SN,AS,kalpa,276,5,15,6,8,0,3,32,42,40,64,35,88,68,72
SN,AS,kalpa,277,4,16,6,8,0,3,32,44,41,64,36,89,67,73
SN,AS,kalpa,278,4,15,6,8,0,3,31,42,41,63,36,89,67,72
SN,AS,kalpa,279,3,16,6,8,0,3,29,41,41,58,36,87,67,71
SN,AS,kalpa,280,3,17,6,7,0,3,28,41,39,53,37,82,65,70
SN,AS,kalpa,281,3,17,5,8,0,3,29,40,36,55,36,80,65,68
SN,AS,kalpa,282,3,17,5,8,0,4,29,43,39,56,37,83,66,68
SN,AS,kalpa,283,3,18,5,8,0,4,29,42,41,57,38,81,65,67
SN,AS,kalpa,284,3,18,5,8,0,5,29,42,41,54,37,80,64,63
SN,AS,kalpa,285,3,18,5,8,1,5,28,41,41,48,35,78,63,63
SN,AS,kalpa,286,3,18,5,7,1,5,27,40,40,51,34,77,65,62
SN,AS,kalpa,287,3,18,4,8,1,5,23,38,40,51,33,73,63,60
SN,AS,kalpa,288,3,18,4,9,1,5,21,39,40,51,32,73,62,62
SN,AS,kalpa,289,3,18,4,9,1,6,19,39,40,50,32,72,62,64
SN,AS,kalpa,290,3,18,4,9,1,6,19,38,41,51,32,71,61,65
SN,AS,kalpa,291,3,17,4,9,1,6,19,35,40,51,31,71,59,66
SN,AS,kalpa,292,3,18,4,9,1,5,18,35,41,51,30,70,57,69
SN,AS,kalpa,293,3,18,4,9,1,5,18,33,40,52,32,72,58,69
SN,AS,kalpa,294,3,17,4,9,2,5,19,35,40,52,32,72,59,69
SN,AS,kalpa,295,3,16,4,9,2,5,18,34,39,50,32,69,58,66
SN,AS,kalpa,296,3,16,3,9,2,5,17,35,38,47,32,69,59,68
SN,AS,kalpa,297,2,16,3,9,3,5,18,35,39,49,32,71,59,71
SN,AS,kalpa,298,2,16,2,9,4,5,18,36,38,51,32,70,56,71
SN,AS,kalpa,299,2,15,2,10,4,5,18,37,36,50,32,71,55,71
SN,AS,kalpa,300,2,15,2,9,4,5,18,36,37,50,34,73,55,70
SN,AS,kalpa,301,2,14,2,9,5,5,19,36,37,50,34,72,52,69
SN,AS,kalpa,302,2,15,2,9,5,5,19,37,39,50,32,70,51,70
SN,AS,kalpa,303,2,15,2,9,5,5,19,37,38,51,32,70,51,72
SN,AS,kalpa,304,1,16,2,9,5,5,17,39,39,51,32,68,49,70
SN,AS,kalpa,305,1,17,2,8,5,5,16,39,40,51,32,69,49,71
SN,AS,kalpa,306,0,18,2,8,5,5,15,38,40,49,32,66,47,72
SN,AS,kalpa,307,0,19,2,7,5,5,15,40,40,49,32,62,46,73
SN,AS,kalpa,308,0,20,2,7,5,5,14,39,40,49,31,60,46,70
SN,AS,kalpa,309,1,19,2,7,5,5,14,38,41,49,29,61,47,72
SN,AS,kalpa,310,1,19,2,7,5,5,13,37,42,49,29,62,44,70
SN,AS,kalpa,311,1,19,2,7,5,5,13,36,42,49,28,62,43,73
SN,AS,kalpa,312,1,20,2,7,5,5,13,35,42,50,28,61,44,75
SN,AS,kalpa,313,1,20,2,7,5,5,13,35,44,48,28,59,42,76
SN,AS,kalpa,314,1,21,1,7,5,5,11,34,43,47,27,58,40,74
SN,AS,kalpa,315,1,22,0,7,5,5,11,35,43,47,27,57,40,76
SN,AS,kalpa,316,1,23,0,7,5,4,11,35,43,43,25,57,39,75
SN,AS,kalpa,317,1,24,0,6,5,4,10,35,44,39,26,57,39,75
SN,AS,kalpa,318,1,25,0,6,5,3,10,36,45,39,26,57,38,77
SN,AS,kalpa,319,1,26,0,6,5,3,10,34,43,38,24,58,32,76
SN,AS,kalpa,320,1,26,0,6,5,3,10,32,44,36,20,59,29,76
SN,AS,kalpa,321,1,27,0,6,5,3,10,32,45,33,21,59,29,75
SN,AS,kalpa,322,1,27,0,6,5,3,10,32,45,33,21,60,28,71
SN,AS,kalpa,323,1,27,0,6,5,3,10,31,46,34,21,59,29,72
SN,AS,kalpa,324,1,28,0,5,5,3,7,31,49,34,20,58,30,70
SN,AS,kalpa,325,1,29,0,4,5,3,7,32,48,35,20,56,29,66
SN,AS,kalpa,326,1,30,0,4,5,3,5,33,50,34,19,54,30,64
SN,AS,kalpa,327,2,29,0,4,5,3,5,31,50,34,19,54,30,64
SN,AS,kalpa,328,2,30,0,4,5,3,5,31,52,34,20,55,30,64
SN,AS,kalpa,329,2,30,0,4,5,3,6,30,51,34,18,55,28,63
SN,AS,kalpa,330,2,30,0,4,5,3,7,29,50,34,17,55,28,63
SN,AS,kalpa,331,2,30,0,3,5,4,6,29,50,31,17,54,27,63
SN,AS,kalpa,332,2,30,0,4,5,3,6,27,47,30,16,52,26,63
SN,AS,kalpa,333,3,29,0,4,5,3,6,27,47,29,16,52,28,63
SN,AS,kalpa,334,3,30,0,4,5,2,6,27,46,28,17,53,30,64
SN,AS,kalpa,335,3,31,0,4,4,2,6,27,47,28,19,54,30,64
SN,AS,kalpa,336,4,31,0,4,4,2,6,26,48,25,20,55,30,64
SN,AS,kalpa,337,5,31,0,3,4,2,6,26,49,24,21,56,32,64
SN,AS,kalpa,338,6,31,0,2,4,2,6,24,49,24,22,56,34,62
SN,AS,kalpa,339,6,32,0,2,4,1,6,23,51,24,23,58,34,60
SN,AS,kalpa,340,6,32,0,2,4,1,6,23,51,23,24,60,36,60
SN,AS,kalpa,341,6,33,0,2,4,1,6,23,53,23,25,60,36,59
SN,AS,kalpa,342,6,33,0,2,4,1,6,23,53,23,26,62,38,57
SN,AS,kalpa,343,7,33,0,2,4,1,6,23,55,21,25,62,39,55
SN,AS,kalpa,344,7,34,0,2,3,1,5,21,56,20,26,65,38,54
SN,AS,kalpa,345,7,35,0,2,3,1,5,20,56,20,27,66,40,54
SN,AS,kalpa,346,8,35,0,2,3,1,5,18,56,19,27,66,42,51
SN,AS,kalpa,347,8,36,0,2,2,1,4,17,56,17,27,66,43,47
SN,AS,kalpa,348,8,37,0,2,1,1,4,16,58,15,27,68,43,47
SN,AS,kalpa,349,8,38,0,1,1,1,4,14,59,14,27,70,44,47
SN,AS,kalpa,350,8,39,0,1,1,1,3,13,59,14,26,70,45,47
SN,AS,kalpa,351,8,40,0,1,0,1,2,13,60,14,27,73,47,47
SN,AS,kalpa,352,8,40,0,1,0,1,2,11,59,14,28,75,49,47
SN,AS,kalpa,353,8,40,0,1,0,1,2,11,60,13,29,76,50,46
SN,AS,kalpa,354,8,40,0,1,0,1,3,9,60,12,30,78,51,46
SN,AS,kalpa,355,8,40,0,1,0,1,3,9,59,12,31,78,54,45
SN,AS,kalpa,356,8,40,0,1,0,1,3,8,59,12,33,80,56,42
SN,AS,kalpa,357,9,39,0,1,0,1,3,6,59,11,35,82,58,41
SN,AS,kalpa,358,9,39,0,1,0,1,3,6,60,10,36,83,58,41
SN,AS,kalpa,359,8,40,0,1,0,1,3,6,60,10,37,84,59,40
SN,AS,kalpa,360,8,40,0,1,0,1,3,6,61,9,38,84,61,39
SN,AS,kalpa,361,8,40,0,1,0,1,3,6,61,9,39,85,63,37
SN,AS,kalpa,362,8,40,0,1,0,1,3,6,61,8,41,87,64,35
SN,AS,kalpa,363,8,40,0,1,0,1,3,6,60,8,41,89,66,34
SN,AS,kalpa,364,9,39,0,1,0,1,3,6,60,7,41,90,68,34
SN,AS,kalpa,365,9,39,0,1,0,1,3,5,60,7,42,93,70,31
SN,AS,kalpa,366,9,39,0,1,0,1,3,5,60,7,43,94,73,28
SN,AS,kalpa,367,9,39,0,1,0,1,3,5,60,7,43,94,75,28
SN,AS,kalpa,368,10,38,0,1,0,1,3,4,60,7,43,96,77,27
SN,AS,kalpa,369,11,37,0,1,0,1,3,4,60,6,44,97,79,26
SN,AS,kalpa,370,11,37,0,1,0,1,3,4,61,5,45,98,80,25
SN,AS,kalpa,371,11,37,0,1,0,1,3,4,62,5,45,98,81,25
SN,AS,kalpa,372,11,36,0,1,0,1,3,4,63,5,45,98,82,25
SN,AS,kalpa,373,11,36,0,1,0,1,3,4,64,4,46,99,82,25
SN,AS,kalpa,374,11,36,0,1,0,1,3,4,63,3,47,102,82,25
SN,AS,kalpa,375,11,36,0,1,0,1,3,3,63,2,48,103,84,25
SN,AS,kalpa,376,12,35,0,1,0,1,3,2,62,2,50,104,85,25
SN,AS,kalpa,377,11,36,0,1,0,1,3,2,62,2,50,104,86,24
SN,AS,kalpa,378,11,36,0,1,0,1,3,3,61,2,49,102,87,24
SN,AS,kalpa,379,11,36,0,1,0,1,2,3,62,3,50,103,88,23
SN,AS,kalpa,380,11,36,0,1,0,1,1,4,63,3,50,103,90,23
SN,AS,kalpa,381,11,37,0,1,0,0,1,4,64,4,50,103,90,23
SN,AS,kalpa,382,12,37,0,0,0,0,1,3,65,4,50,103,90,24
SN,AS,kalpa,383,11,38,0,0,0,0,1,3,65,5,51,101,88,24
SN,AS,kalpa,384,11,38,0,0,0,0,1,3,65,5,50,101,86,25
SN,AS,kalpa,385,11,38,0,0,0,0,1,4,65,5,48,100,85,26
SN,AS,kalpa,386,10,39,0,0,0,0,1,4,66,6,48,99,83,25
SN,AS,kalpa,387,9,40,0,0,0,0,1,4,66,8,48,98,81,24
SN,AS,kalpa,388,9,40,0,0,0,0,1,4,66,9,47,96,80,25
SN,AS,kalpa,389,9,40,0,0,0,0,1,4,66,9,46,96,79,25
SN,AS,kalpa,390,9,40,0,0,0,0,1,5,66,10,46,95,77,24
SN,AS,kalpa,391,9,40,0,0,0,0,1,5,65,12,45,95,76,23
SN,AS,kalpa,392,9,40,0,0,0,0,1,5,66,14,44,93,75,22
SN,AS,kalpa,393,8,41,0,0,0,0,1,6,65,15,43,92,74,22
SN,AS,kalpa,394,8,41,0,0,0,0,1,7,65,15,42,89,73,24
SN,AS,kalpa,395,8,41,0,0,0,0,1,8,65,16,41,87,70,26
SN,AS,kalpa,396,8,41,0,0,0,0,1,8,66,16,40,86,68,27
SN,AS,kalpa,397,8,41,0,0,0,0,1,8,65,17,40,86,66,27
SN,AS,kalpa,398,8,41,0,0,0,0,1,9,64,17,39,84,65,29
SN,AS,kalpa,399,8,41,0,0,0,0,1,9,65,17,38,82,65,29
SN,AS,kalpa,400,8,41,0,0,0,0,1,10,65,17,37,81,64,29
SN,AS,kalpa,401,8,41,0,0,0,0,1,10,65,17,36,80,64,29
SN,AS,kalpa,402,8,41,0,0,0,0,1,10,65,17,36,79,62,30
SN,AS,kalpa,403,8,41,0,0,0,0,1,10,64,17,36,78,61,30
SN,AS,kalpa,404,8,41,0,0,0,0,0,11,64,18,35,76,60,31
SN,AS,kalpa,405,8,41,0,0,0,0,0,12,64,18,34,74,59,32
SN,AS,kalpa,406,8,41,0,0,0,0,0,12,65,18,32,73,57,34
SN,AS,kalpa,407,7,42,0,0,0,0,1,12,64,19,31,71,57,34
SN,AS,kalpa,408,8,41,0,0,0,0,1,13,64,19,30,70,56,34
SN,AS,kalpa,409,8,41,0,0,0,0,1,13,66,19,30,69,54,33
SN,AS,kalpa,410,8,41,0,0,0,0,1,14,65,19,29,67,52,36
SN,AS,kalpa,411,8,41,0,0,0,0,1,15,65,20,28,65,51,36
SN,AS,kalpa,412,8,41,0,0,0,0,1,15,65,20,26,66,50,36
SN,AS,kalpa,413,8,41,0,0,0,0,1,16,66,20,25,63,49,37
SN,AS,kalpa,414,7,42,0,0,0,0,1,17,67,20,24,61,48,37
SN,AS,kalpa,415,7,42,0,0,0,0,1,18,67,20,23,58,47,39
SN,AS,kalpa,416,7,42,0,0,0,0,1,18,67,20,22,56,45,42
SN,AS,kalpa,417,7,42,0,0,0,0,1,18,68,20,21,56,43,42
SN,AS,kalpa,418,6,43,0,0,0,0,1,20,68,20,20,55,42,41
SN,AS,kalpa,419,5,44,0,0,0,0,1,20,69,21,20,52,40,42
SN,AS,kalpa,420,5,44,0,0,0,0,1,21,68,23,20,49,39,42
SN,AS,kalpa,421,5,44,0,0,0,0,1,22,67,24,19,48,38,42
SN,AS,kalpa,422,5,45,0,0,0,0,1,22,65,26,19,48,36,42
SN,AS,kalpa,423,5,45,0,0,0,0,1,22,64,27,18,47,36,42
SN,AS,kalpa,424,5,45,0,0,0,0,1,23,63,27,17,44,35,45
SN,AS,kalpa,425,5,45,0,0,0,0,1,23,63,28,17,43,33,45
SN,AS,kalpa,426,4,46,0,0,0,0,1,24,63,28,15,42,31,47
SN,AS,kalpa,427,4,46,0,0,0,0,1,25,64,29,14,40,28,48
SN,AS,kalpa,428,4,46,0,0,0,0,1,25,64,30,15,40,26,48
SN,AS,kalpa,429,4,46,0,0,0,0,1,25,64,30,14,39,26,50
SN,AS,kalpa,430,4,46,0,0,0,0,1,26,64,30,14,39,24,51
SN,AS,kalpa,431,4,46,0,0,0,0,1,26,65,28,14,39,26,50
SN,AS,kalpa,432,3,47,0,0,0,0,1,26,65,29,15,38,25,50
SN,AS,kalpa,433,3,47,0,0,0,0,1,26,64,28,13,40,25,52
SN,AS,kalpa,434,3,46,0,0,0,1,1,27,66,28,13,39,26,50
SN,AS,kalpa,435,4,45,0,0,0,1,2,27,65,28,13,38,26,51
SN,AS,kalpa,436,5,44,0,0,0,1,2,27,63,28,12,38,26,54
SN,AS,kalpa,437,5,43,0,0,0,1,2,28,62,26,11,37,28,56
SN,AS,kalpa,438,4,43,0,0,0,1,2,28,62,25,12,38,29,55
SN,AS,kalpa,439,4,43,0,0,0,1,2,28,60,27,12,37,31,54
SN,AS,kalpa,440,4,42,0,0,0,2,3,29,60,26,11,37,31,55
SN,AS,kalpa,441,5,41,0,0,0,2,3,29,60,25,11,36,33,55
SN,AS,kalpa,442,5,41,0,0,0,2,4,29,58,23,11,36,32,56
SN,AS,kalpa,443,5,41,0,0,0,2,4,29,57,23,11,35,31,56
SN,AS,kalpa,444,5,41,0,0,0,2,4,28,56,25,11,36,30,55
SN,AS,kalpa,445,5,40,0,1,0,2,4,28,55,24,11,38,31,53
SN,AS,kalpa,446,4,41,0,1,0,2,4,28,54,25,11,40,30,52
SN,AS,kalpa,447,4,41,0,1,0,2,4,28,56,24,11,38,31,52
SN,AS,kalpa,448,4,41,0,1,0,2,4,28,57,24,11,38,31,51
SN,AS,kalpa,449,4,41,0,1,0,2,4,28,56,24,12,37,30,53
SN,AS,kalpa,450,4,41,0,1,0,2,4,27,56,25,12,37,31,52
SN,AS,kalpa,451,4,41,0,1,0,2,4,28,57,25,12,36,29,53
SN,AS,kalpa,452,4,41,0,1,0,2,4,29,58,25,12,36,29,51
SN,AS,kalpa,453,4,41,0,1,0,2,4,30,59,25,12,36,29,50
SN,AS,kalpa,454,4,40,0,1,0,2,4,30,58,24,13,37,29,50
SN,AS,kalpa,455,4,40,0,1,0,2,4,29,59,24,14,39,27,49
SN,AS,kalpa,456,4,40,0,1,0,2,4,29,58,25,14,39,29,47
SN,AS,kalpa,457,4,40,0,1,0,2,3,30,59,25,13,40,28,47
SN,AS,kalpa,458,3,41,0,1,0,2,3,30,58,25,13,39,29,48
SN,AS,kalpa,459,3,41,0,1,0,2,3,32,56,25,12,39,30,48
SN,AS,kalpa,460,4,40,0,1,0,2,3,31,56,25,12,41,31,46
SN,AS,kalpa,461,4,40,0,1,0,2,3,30,58,25,13,41,30,45
SN,AS,kalpa,462,4,40,0,1,0,2,3,30,60,26,13,38,30,45
SN,AS,kalpa,463,4,40,0,1,0,2,3,29,59,26,13,40,30,45
SN,AS,kalpa,464,5,39,0,1,0,2,3,29,58,26,14,41,29,45
SN,AS,kalpa,465,6,38,0,1,0,2,3,28,59,26,14,43,28,44
SN,AS,kalpa,466,6,38,0,1,0,2,3,29,59,26,14,44,28,42
SN,AS,kalpa,467,6,38,0,1,0,2,3,29,58,26,15,43,28,43
SN,AS,kalpa,468,6,38,0,1,0,2,3,27,58,27,15,43,27,45
SN,AS,kalpa,469,6,38,0,1,0,2,3,27,58,27,14,45,27,44
SN,AS,kalpa,470,6,38,0,1,0,2,3,26,59,26,13,47,27,44
SN,AS,kalpa,471,6,38,0,1,0,2,3,25,59,26,13,47,27,45
SN,AS,kalpa,472,6,38,0,1,0,2,3,24,62,23,14,46,28,45
SN,AS,kalpa,473,6,38,0,1,0,2,3,24,62,22,15,46,28,45
SN,AS,kalpa,474,6,38,0,1,0,2,3,23,63,22,16,46,29,43
SN,AS,kalpa,475,6,38,0,1,0,2,3,23,63,22,15,46,29,44
SN,AS,kalpa,476,6,38,0,1,0,2,3,24,63,22,15,46,29,43
SN,AS,kalpa,477,6,38,0,1,0,2,3,24,62,21,15,48,30,42
SN,AS,kalpa,478,6,38,0,1,0,2,3,23,62,21,14,50,31,41
SN,AS,kalpa,479,6,38,0,1,0,2,3,23,62,21,14,51,30,41
SN,AS,kalpa,480,6,38,0,1,0,2,3,21,64,22,14,51,31,39
SN,AS,kalpa,481,6,38,0,1,0,2,3,21,63,22,14,51,30,41
SN,AS,kalpa,482,6,38,0,1,0,2,3,21,63,21,13,53,30,41
SN,AS,kalpa,483,6,38,0,1,0,2,3,21,64,22,13,52,31,39
SN,AS,kalpa,484,6,39,0,1,0,1,3,20,62,24,14,51,31,39
SN,AS,kalpa,485,5,40,0,1,0,1,2,19,63,24,15,52,31,38
SN,AS,kalpa,486,4,41,0,1,0,1,2,19,64,24,16,51,33,35
SN,AS,kalpa,487,4,42,0,1,0,1,2,18,65,24,16,53,32,34
SN,AS,kalpa,488,4,43,0,1,0,1,2,19,65,25,16,53,30,33
SN,AS,kalpa,489,4,43,0,1,0,1,2,19,67,23,16,53,28,35
SN,AS,kalpa,490,4,44,0,1,0,0,1,17,67,24,17,52,28,36
SN,AS,kalpa,491,4,44,0,1,0,0,1,18,67,23,17,52,27,37
SN,AS,kalpa,492,4,44,0,1,0,0,0,18,70,23,18,53,27,36
SN,AS,kalpa,493,4,44,0,1,0,0,0,17,72,23,19,53,28,36
SN,AS,kalpa,494,4,44,0,1,0,0,0,18,73,21,20,53,29,35
SN,AS,kalpa,495,5,44,0,0,0,0,0,17,75,21,20,52,30,35
SN,AS,kalpa,496,5,44,0,0,0,0,0,17,75,21,21,50,31,35
SN,AS,kalpa,497,5,44,0,0,0,0,0,18,73,22,20,51,31,35
SN,AS,kalpa,498,5,44,0,0,0,0,0,18,73,23,20,51,31,34
SN,AS,kalpa,499,5,44,0,0,0,0,0,18,74,24,19,51,32,32
SN,AS,kalpa,500,5,44,0,0,0,0,0,19,73,23,20,50,31,34
SN,AS,kalpa,501,5,44,0,0,0,0,0,18,72,24,20,51,31,34
SN,AS,kalpa,502,5,44,0,0,0,0,0,17,71,26,19,51,31,35
SN,AS,kalpa,503,5,44,0,0,0,0,0,16,70,26,18,52,32,36
SN,AS,kalpa,504,5,45,0,0,0,0,0,16,71,27,17,50,32,37
SN,AS,kalpa,505,5,45,0,0,0,0,0,16,70,28,16,49,32,39
SN,AS,kalpa,506,5,45,0,0,0,0,0,16,70,27,16,50,32,39
SN,AS,kalpa,507,5,45,0,0,0,0,0,15,70,27,16,52,31,39
SN,AS,kalpa,508,5,45,0,0,0,0,0,14,70,28,16,53,30,39
SN,AS,kalpa,509,5,45,0,0,0,0,0,12,70,29,16,54,29,40
SN,AS,kalpa,510,4,46,0,0,0,0,0,13,70,30,16,52,28,41
SN,AS,kalpa,511,4,46,0,0,0,0,0,13,69,29,15,55,28,41
SN,AS,kalpa,512,4,46,0,0,0,0,0,13,67,28,15,57,28,42
SN,AS,kalpa,513,4,46,0,0,0,0,0,13,68,28,15,56,28,42
SN,AS,kalpa,514,3,47,0,0,0,0,0,12,69,29,14,55,30,41
SN,AS,kalpa,515,2,48,0,0,0,0,0,12,70,29,14,53,31,41
SN,AS,kalpa,516,2,48,0,0,0,0,0,11,70,29,14,54,31,41
SN,AS,kalpa,517,2,48,0,0,0,0,0,11,71,30,14,53,32,39
SN,AS,kalpa,518,2,48,0,0,0,0,0,12,71,29,15,53,33,37
SN,AS,kalpa,519,2,47,0,0,0,0,0,12,69,28,16,54,34,37
SN,AS,kalpa,520,2,47,0,0,0,0,0,12,69,28,16,53,34,38
SN,AS,kalpa,521,2,47,0,0,0,0,0,12,69,27,16,53,35,38
SN,AS,kalpa,522,2,47,0,0,0,0,0,13,68,28,16,53,34,38
SN,AS,kalpa,523,2,47,0,0,0,0,0,15,68,29,15,53,33,37
SN,AS,kalpa,524,2,47,0,0,0,0,0,15,67,30,14,53,34,37
SN,AS,kalpa,525,2,47,0,0,0,0,0,15,67,29,15,54,34,36
SN,AS,kalpa,526,2,46,0,1,0,0,0,14,66,30,16,54,34,36
SN,AS,kalpa,527,2,46,0,1,0,0,0,13,66,31,16,53,34,37
SN,AS,kalpa,528,2,46,0,1,0,0,0,14,67,30,16,51,33,39
SN,AS,kalpa,529,2,46,0,1,0,0,0,14,69,29,17,50,33,38
SN,AS,kalpa,530,3,45,0,1,0,0,0,15,67,29,17,51,33,38
SN,AS,kalpa,531,3,45,0,1,0,0,0,15,68,29,18,52,32,36
SN,AS,kalpa,532,3,45,0,1,0,0,0,16,68,30,18,49,32,37
SN,AS,kalpa,533,3,45,0,1,0,0,0,16,67,29,18,50,32,38
SN,AS,kalpa,534,4,44,0,1,0,0,0,16,67,29,17,51,31,39
SN,AS,kalpa,535,4,44,0,1,0,0,0,17,67,29,16,50,30,41
SN,AS,kalpa,536,4,44,0,1,0,0,0,18,67,29,15,51,28,42
SN,AS,kalpa,537,4,44,0,1,0,0,0,18,67,30,16,51,27,41
SN,AS,kalpa,538,4,44,0,1,0,0,0,17,68,31,16,50,27,41
SN,AS,kalpa,539,4,44,0,1,0,0,0,18,67,31,17,50,28,39
SN,AS,kalpa,540,5,43,0,1,0,0,0,18,68,31,16,51,28,38
SN,AS,kalpa,541,4,44,0,1,0,0,0,17,68,33,16,51,27,38
SN,AS,kalpa,542,4,44,0,1,0,0,0,19,67,33,15,50,27,39
SN,AS,kalpa,543,4,44,0,1,0,0,0,19,66,34,14,51,26,40
SN,AS,kalpa,544,4,44,0,1,0,0,0,19,66,35,13,50,25,42
SN,AS,kalpa,545,3,45,0,1,0,0,0,19,65,35,13,51,25,42
SN,AS,kalpa,546,3,45,0,1,0,0,0,20,66,34,12,50,24,44
SN,AS,kalpa,547,3,45,0,1,0,0,0,20,66,35,12,49,23,45
SN,AS,kalpa,548,3,45,0,1,0,0,0,19,65,36,12,49,23,46
SN,AS,kalpa,549,3,45,0,1,0,0,0,19,65,35,12,50,21,48
SN,AS,kalpa,550,3,45,0,1,0,0,0,18,65,36,11,52,22,46
SN,AS,kalpa,551,3,45,0,1,0,0,1,18,64,37,12,50,22,46
SN,AS,kalpa,552,3,45,0,1,0,0,1,19,64,35,12,51,22,46
SN,AS,kalpa,553,3,45,0,1,0,0,1,19,64,35,13,51,21,46
SN,AS,kalpa,554,3,45,0,1,0,0,1,19,64,34,13,52,23,44
SN,AS,kalpa,555,3,45,0,1,0,0,1,20,65,33,13,51,23,44
SN,AS,kalpa,556,3,45,0,1,0,0,1,20,65,34,13,51,22,44
SN,AS,kalpa,557,3,45,0,1,0,0,1,21,65,34,13,48,23,45
SN,AS,kalpa,558,3,44,0,1,0,0,1,21,64,35,14,47,24,44
SN,AS,kalpa,559,3,44,0,1,0,0,1,21,64,34,14,47,25,44
SN,AS,kalpa,560,3,44,0,1,0,0,1,20,64,34,14,48,25,44
SN,AS,kalpa,561,3,44,0,1,0,0,1,20,63,34,15,47,26,44
SN,AS,kalpa,562,3,44,0,1,0,0,1,20,63,34,15,48,25,44
SN,AS,kalpa,563,3,44,0,1,0,0,1,20,62,35,15,47,27,43
SN,AS,kalpa,564,3,44,0,1,0,0,1,21,61,36,15,47,25,44
SN,AS,kalpa,565,3,44,0,1,0,0,1,21,59,36,15,48,26,44
SN,AS,kalpa,566,3,44,0,1,0,0,2,23,59,36,16,47,25,44
SN,AS,kalpa,567,4,43,0,1,0,0,3,25,58,35,16,48,24,45
SN,AS,kalpa,568,4,42,0,1,0,0,3,26,59,35,16,48,24,45
SN,AS,kalpa,569,4,42,0,1,0,0,3,28,61,35,17,45,24,45
SN,AS,kalpa,570,4,41,0,1,0,0,3,30,61,34,19,44,25,44
SN,AS,kalpa,571,4,40,0,1,0,0,3,32,62,34,20,44,25,42
SN,AS,kalpa,572,4,39,0,1,0,0,3,33,62,33,21,44,26,42
SN,AS,kalpa,573,4,38,0,1,0,0,3,33,63,32,23,43,27,42
SN,AS,kalpa,574,4,38,0,1,0,0,6,33,64,32,23,45,25,41
SN,AS,kalpa,575,5,37,0,1,0,0,9,33,65,33,22,45,25,40
SN,AS,kalpa,576,5,38,0,0,0,0,10,34,66,32,22,45,25,40
SN,AS,kalpa,577,5,38,0,0,0,0,11,36,66,31,23,45,24,40
SN,AS,kalpa,578,5,38,0,0,0,0,12,35,66,31,25,47,25,39
SN,AS,kalpa,579,5,38,0,0,0,0,13,35,65,31,26,50,26,38
SN,AS,kalpa,580,5,38,0,0,0,0,13,34,65,30,27,51,27,39
SN,AS,kalpa,581,6,37,0,0,0,0,13,34,64,30,27,51,29,40
SN,AS,kalpa,582,6,37,0,0,0,0,13,33,64,29,28,53,31,39
SN,AS,kalpa,583,6,37,0,0,0,0,13,33,64,29,29,53,32,39
SN,AS,kalpa,584,6,37,0,0,0,0,13,33,64,27,31,54,34,38
SN,AS,kalpa,585,6,37,0,0,0,0,13,32,64,27,32,57,36,35
SN,AS,kalpa,586,6,36,0,0,0,0,13,31,63,27,32,58,37,35
SN,AS,kalpa,587,7,35,0,0,0,0,13,31,63,26,31,57,38,37
SN,AS,kalpa,588,7,35,0,0,0,0,13,32,62,25,31,57,38,38
SN,AS,kalpa,589,7,35,0,0,0,0,13,32,62,25,31,56,39,38
SN,AS,kalpa,590,6,36,0,0,0,0,13,32,61,25,31,56,40,38
SN,AS,kalpa,591,6,36,0,0,0,0,13,33,61,23,31,55,41,39
SN,AS,kalpa,592,7,35,0,0,0,0,13,31,61,23,31,55,42,40
SN,AS,kalpa,593,7,35,0,0,0,0,13,31,61,22,32,54,44,39
SN,AS,kalpa,594,8,34,0,0,0,0,13,31,61,21,32,54,44,40
SN,AS,kalpa,595,8,34,0,0,0,0,13,31,63,21,32,53,42,41
SN,AS,kalpa,596,8,34,0,0,0,0,13,30,62,21,33,54,42,41
SN,AS,kalpa,597,8,34,0,0,0,0,13,30,62,19,34,55,43,40
SN,AS,kalpa,598,9,33,0,0,0,0,13,30,61,17,34,56,45,42
SN,AS,kalpa,599,9,33,0,0,0,0,13,30,59,17,34,57,47,43
SN,AS,kalpa,600,9,33,0,0,0,0,13,31,58,17,34,55,46,43
SN,AS,kalpa,601,9,32,0,0,0,0,12,32,58,15,33,55,46,43
SN,AS,kalpa,602,9,32,0,0,0,0,12,31,57,16,33,53,46,45
SN,AS,kalpa,603,9,31,0,1,0,0,12,32,56,16,32,53,47,44
SN,AS,kalpa,604,9,31,0,1,0,0,12,31,57,16,33,53,45,45
SN,AS,kalpa,605,9,31,0,1,0,0,12,30,56,16,33,55,45,45
SN,AS,kalpa,606,9,31,0,1,0,0,12,31,56,16,33,54,44,46
SN,AS,kalpa,607,9,31,0,1,0,0,12,30,56,16,34,55,43,46
SN,AS,kalpa,608,9,32,0,1,0,0,12,30,57,16,34,55,42,46
SN,AS,kalpa,609,9,32,0,1,0,0,12,30,57,17,34,54,41,47
SN,AS,kalpa,610,9,32,0,1,0,0,12,30,58,16,36,54,41,45
SN,AS,kalpa,611,9,32,0,1,0,0,12,31,58,16,35,53,41,46
SN,AS,kalpa,612,9,32,0,1,0,0,12,31,58,17,36,51,41,46
SN,AS,kalpa,613,10,31,0,1,0,0,12,31,58,17,36,51,40,47
SN,AS,kalpa,614,10,31,0,1,0,0,12,30,58,16,36,52,41,47
SN,AS,kalpa,615,10,31,0,1,0,0,12,31,58,16,36,52,39,48
SN,AS,kalpa,616,10,31,0,1,0,0,11,29,59,16,36,53,39,47
SN,AS,kalpa,617,9,32,0,1,0,0,10,27,59,17,35,53,39,48
SN,AS,kalpa,618,9,33,0,1,0,0,10,25,58,19,35,53,38,48
SN,AS,kalpa,619,10,33,0,1,0,0,10,24,57,19,33,54,38,49
SN,AS,kalpa,620,10,34,0,1,0,0,10,23,56,20,31,56,37,49
SN,AS,kalpa,621,10,35,0,1,0,0,10,21,55,22,31,55,36,50
SN,AS,kalpa,622,10,36,0,1,0,0,10,19,54,23,29,58,35,50
SN,AS,kalpa,623,10,37,0,1,0,0,10,17,53,25,27,59,34,51
SN,AS,kalpa,624,10,37,0,1,0,0,7,18,52,26,27,57,35,51
SN,AS,kalpa,625,9,38,0,1,0,0,4,18,51,25,28,56,36,52
SN,AS,kalpa,626,9,38,0,1,0,0,3,17,51,25,27,55,38,52
SN,AS,kalpa,627,9,38,0,1,0,0,2,15,51,25,27,55,38,53
SN,AS,kalpa,628,9,38,0,1,0,0,1,16,50,25,26,54,37,53
SN,AS,kalpa,629,9,38,0,1,0,0,0,16,49,25,24,51,37,56
SN,AS,kalpa,630,8,39,0,1,0,0,0,16,49,25,23,51,35,57
SN,AS,kalpa,631,7,40,0,1,0,0,0,17,49,25,22,50,33,58
SN,AS,kalpa,632,7,40,0,1,0,0,0,18,50,26,21,49,31,57
SN,AS,kalpa,633,8,39,0,1,0,0,0,19,50,26,20,47,31,57
SN,AS,kalpa,634,7,40,0,1,0,0,0,19,50,27,18,47,29,58
SN,AS,kalpa,635,7,40,0,1,0,0,0,20,51,27,17,44,27,60
SN,AS,kalpa,636,7,41,0,1,0,0,0,22,52,27,17,42,26,60
SN,AS,kalpa,637,6,42,0,1,0,0,0,23,52,27,17,43,25,59
SN,AS,kalpa,638,6,42,0,1,0,0,0,22,53,26,16,44,26,59
SN,AS,kalpa,639,6,42,0,1,0,0,0,22,53,26,15,44,24,62
SN,AS,kalpa,640,6,42,0,1,0,0,0,22,53,25,15,44,23,64
SN,AS,kalpa,641,6,42,0,1,0,0,0,21,55,25,16,44,22,63
SN,AS,kalpa,642,5,43,0,1,0,0,0,21,54,26,17,44,22,62
SN,AS,kalpa,643,5,42,0,1,0,0,0,21,53,26,16,47,21,62
SN,AS,kalpa,644,4,43,0,1,0,0,0,20,53,26,16,48,21,62
SN,AS,kalpa,645,4,43,0,1,0,0,0,20,51,27,16,48,22,62
SN,AS,kalpa,646,4,43,0,1,0,0,0,20,51,28,16,48,22,61
SN,AS,kalpa,647,4,43,0,1,0,0,0,19,52,28,16,48,21,62
SN,AS,kalpa,648,3,44,0,1,0,0,0,20,53,29,16,47,19,60
SN,AS,kalpa,649,3,44,0,1,0,0,0,20,54,30,16,47,18,57
SN,AS,kalpa,650,3,44,0,1,0,0,0,19,55,30,16,49,18,58
SN,AS,kalpa,651,3,45,0,1,0,0,0,19,56,31,16,49,19,58
SN,AS,kalpa,652,3,45,0,1,0,0,0,19,57,31,16,50,20,56
SN,AS,kalpa,653,3,46,0,0,0,0,0,18,59,31,16,49,19,58
SN,AS,kalpa,654,3,46,0,0,0,0,0,18,58,31,15,49,20,59
SN,AS,kalpa,655,3,46,0,0,0,0,0,19,58,31,15,47,20,60
SN,AS,kalpa,656,3,46,0,0,0,0,0,18,58,30,15,48,21,60
SN,AS,kalpa,657,3,46,0,0,0,0,0,18,58,30,14,49,21,60
SN,AS,kalpa,658,3,46,0,0,0,0,1,18,59,29,13,49,21,60
SN,AS,kalpa,659,3,46,0,0,0,0,1,18,59,28,13,50,22,59
SN,AS,kalpa,660,3,46,0,0,0,0,1,19,59,28,11,50,22,60
SN,AS,kalpa,661,4,45,0,0,0,0,1,19,59,29,11,49,22,60
SN,AS,kalpa,662,4,45,0,0,0,0,1,20,59,29,10,49,23,59
SN,AS,kalpa,663,3,45,0,1,0,0,1,20,58,28,10,53,21,59
SN,AS,kalpa,664,3,45,0,1,0,0,1,20,58,27,10,53,20,61
SN,AS,kalpa,665,3,45,0,1,0,0,1,19,58,27,10,53,22,60
SN,AS,kalpa,666,3,45,0,1,0,0,1,21,57,27,10,51,22,61
SN,AS,kalpa,667,3,45,0,1,0,0,1,21,57,27,10,51,22,61
SN,AS,kalpa,668,3,45,0,1,0,0,1,21,57,25,10,50,23,63
SN,AS,kalpa,669,2,46,0,1,0,0,1,21,58,25,10,49,24,62
SN,AS,kalpa,670,2,46,0,1,0,0,1,20,58,24,10,49,26,62
SN,AS,kalpa,671,2,46,0,1,0,0,1,20,58,23,9,50,26,63
SN,AS,kalpa,672,2,46,0,1,0,0,1,20,58,22,10,49,26,64
SN,AS,kalpa,673,2,46,0,1,0,0,1,20,58,20,10,50,27,64
SN,AS,kalpa,674,2,46,0,1,0,0,1,20,59,18,10,51,26,65
SN,AS,kalpa,675,2,46,0,1,0,0,1,20,60,18,10,51,26,64
SN,AS,kalpa,676,2,46,0,1,0,0,1,19,60,18,10,53,25,64
SN,AS,kalpa,677,2,46,0,1,0,0,1,19,60,18,9,53,26,64
SN,AS,kalpa,678,2,46,0,1,0,0,1,18,60,18,8,53,28,64
SN,AS,kalpa,679,2,46,0,1,0,0,1,19,61,18,8,53,27,63
SN,AS,kalpa,680,2,46,0,1,0,0,1,19,61,19,9,52,27,62
SN,AS,kalpa,681,2,46,0,1,0,0,1,18,61,20,10,52,27,61
SN,AS,kalpa,682,2,46,0,1,0,0,1,17,62,20,10,51,28,61
SN,AS,kalpa,683,1,47,0,1,0,0,1,17,62,21,10,51,26,62
SN,AS,kalpa,684,1,47,0,1,0,0,1,18,62,21,10,49,27,62
SN,AS,kalpa,685,1,46,0,1,1,0,1,18,61,21,11,50,28,60
SN,AS,kalpa,686,1,46,0,1,1,0,1,16,61,21,11,51,29,60
SN,AS,kalpa,687,1,46,0,1,1,0,1,16,61,21,12,49,29,61
SN,AS,kalpa,688,1,46,0,1,1,0,1,17,60,22,13,49,28,60
SN,AS,kalpa,689,1,46,0,1,1,0,1,16,60,22,13,51,28,59
SN,AS,kalpa,690,1,46,0,1,1,0,1,16,61,23,14,50,29,56
SN,AS,kalpa,691,1,46,0,1,1,0,1,16,59,23,13,52,29,57
SN,AS,kalpa,692,1,46,0,1,1,0,1,16,59,22,13,52,29,58
SN,AS,kalpa,693,1,47,0,1,1,0,1,17,60,21,13,50,28,60
SN,AS,kalpa,694,1,47,0,1,1,0,1,18,60,21,13,50,29,58
SN,AS,kalpa,695,1,47,0,1,1,0,1,19,61,20,13,50,28,58
SN,AS,kalpa,696,1,47,0,1,1,0,1,20,61,19,14,49,29,57
SN,AS,kalpa,697,1,47,0,1,1,0,1,20,60,20,13,49,29,58
SN,AS,kalpa,698,1,47,0,1,1,0,1,20,60,20,13,50,29,57
SN,AS,kalpa,699,1,47,0,1,1,0,1,20,60,20,13,49,28,59
SN,AS,kalpa,700,1,47,0,1,1,0,1,21,61,19,13,49,28,58
SN,AS,kalpa,701,1,47,0,1,1,0,1,20,61,20,13,50,27,58
SN,AS,kalpa,702,1,47,0,1,1,0,1,20,61,19,14,51,26,58
SN,AS,kalpa,703,1,47,0,1,1,0,1,21,60,19,14,51,27,57
SN,AS,kalpa,704,1,47,0,1,1,0,1,22,61,20,14,50,26,56
SN,AS,kalpa,705,1,47,0,1,1,0,1,21,62,20,15,50,26,55
SN,AS,kalpa,706,1,47,0,1,1,0,1,22,62,20,16,49,25,55
SN,AS,kalpa,707,1,47,0,1,1,0,1,22,62,20,17,48,25,55
SN,AS,kalpa,708,1,47,0,1,1,0,0,22,62,19,17,49,27,54
SN,AS,kalpa,709,1,47,0,1,1,0,0,23,62,19,17,48,26,55
SN,AS,kalpa,710,1,47,0,1,1,0,0,23,61,19,17,49,27,54
SN,AS,kalpa,711,0,48,0,1,1,0,0,22,61,18,17,50,27,55
SN,AS,kalpa,712,0,48,0,1,1,0,0,21,61,17,17,50,27,57
SN,AS,kalpa,713,1,48,0,0,1,0,0,21,63,17,18,47,27,57
SN,AS,kalpa,714,1,48,0,0,1,0,0,21,64,19,18,46,28,54
SN,AS,kalpa,715,1,48,0,0,1,0,0,21,65,20,19,45,26,54
SN,AS,kalpa,716,1,48,0,0,1,0,0,19,65,20,18,47,27,54
SN,AS,kalpa,717,1,48,0,0,1,0,0,19,65,19,18,47,28,54
SN,AS,kalpa,718,1,48,0,0,1,0,0,20,65,19,17,48,27,54
SN,AS,kalpa,719,1,48,0,0,1,0,0,20,64,20,17,48,26,55
SN,AS,kalpa,720,1,48,0,0,1,0,0,21,64,21,17,46,24,57
SN,AS,kalpa,721,1,48,0,0,1,0,0,21,64,20,17,47,25,56
SN,AS,kalpa,722,1,48,0,0,1,0,0,22,64,21,16,45,26,56
SN,AS,kalpa,723,1,48,0,0,1,0,0,24,65,21,17,43,25,55
SN,AS,kalpa,724,1,48,0,0,1,0,0,24,64,22,17,42,26,55
SN,AS,kalpa,725,1,48,0,0,1,0,0,24,63,22,16,42,25,58
SN,AS,kalpa,726,2,47,0,0,1,0,0,24,63,22,16,41,24,60
SN,AS,kalpa,727,2,47,0,0,1,0,0,25,63,22,16,41,23,60
SN,AS,kalpa,728,2,47,0,0,1,0,0,25,63,23,17,41,22,59
SN,AS,kalpa,729,2,47,0,0,1,0,0,24,62,23,17,42,23,59
SN,AS,kalpa,730,2,47,0,0,1,0,0,25,62,22,17,42,23,59
SN,AS,kalpa,731,2,47,0,0,1,0,0,25,62,21,16,44,24,58
SN,AS,kalpa,732,2,47,0,0,1,0,0,25,60,20,17,45,23,60
SN,AS,kalpa,733,2,47,0,0,1,0,0,24,60,21,18,45,23,59
SN,AS,kalpa,734,2,47,0,0,1,0,0,23,60,20,19,46,22,60
SN,AS,kalpa,735,2,48,0,0,0,0,0,22,60,20,19,47,22,60
SN,AS,kalpa,736,2,48,0,0,0,0,0,23,61,19,19,47,21,60
SN,AS,kalpa,737,2,48,0,0,0,0,0,23,61,19,19,47,21,60
SN,AS,kalpa,738,2,48,0,0,0,0,0,22,61,18,18,47,22,62
SN,AS,kalpa,739,2,48,0,0,0,0,0,22,61,19,18,46,24,60
SN,AS,kalpa,740,2,48,0,0,0,0,0,23,60,19,18,46,24,60
SN,AS,kalpa,741,2,48,0,0,0,0,0,24,60,19,19,44,26,58
SN,AS,kalpa,742,2,48,0,0,0,0,0,25,60,19,18,44,26,58
SN,AS,kalpa,743,2,48,0,0,0,0,0,24,60,20,19,44,26,57
SN,AS,kalpa,744,2,48,0,0,0,0,0,23,60,20,19,45,25,58
SN,AS,kalpa,745,2,48,0,0,0,0,0,23,59,22,20,44,25,57
SN,AS,kalpa,746,2,48,0,0,0,0,0,22,59,22,18,46,25,58
SN,AS,kalpa,747,2,47,0,1,0,0,0,23,59,21,18,45,26,57
SN,AS,kalpa,748,2,47,0,1,0,0,0,24,59,20,18,43,26,59
SN,AS,kalpa,749,2,47,0,1,0,0,0,26,59,19,19,43,26,57
SN,AS,kalpa,750,2,47,0,1,0,0,0,26,58,19,20,42,26,58
SN,AS,kalpa,751,2,47,0,1,0,0,0,27,58,17,20,41,26,60
SN,AS,kalpa,752,2,47,0,1,0,0,0,28,59,17,19,40,26,60
SN,AS,kalpa,753,2,47,0,1,0,0,0,27,59,18,19,40,25,61
SN,AS,kalpa,754,2,47,0,1,0,0,0,27,58,17,19,41,25,62
SN,AS,kalpa,755,2,46,0,1,0,0,0,27,56,18,18,43,26,61
SN,AS,kalpa,756,2,46,0,1,0,0,0,27,57,18,17,43,26,61
SN,AS,kalpa,757,2,46,0,1,0,0,0,28,58,17,16,42,26,62
SN,AS,kalpa,758,2,46,0,1,0,0,0,28,57,17,17,42,24,64
SN,AS,kalpa,759,2,46,0,1,0,0,0,27,57,19,17,43,24,62
SN,AS,kalpa,760,2,46,0,1,0,0,0,26,57,19,18,43,23,63
SN,AS,kalpa,761,2,46,0,1,0,0,0,26,57,20,19,43,22,62
SN,AS,kalpa,762,2,46,0,1,0,0,0,27,57,20,20,42,21,62
SN,AS,kalpa,763,1,47,0,1,0,0,0,27,57,20,20,42,22,61
SN,AS,kalpa,764,1,47,0,1,0,0,0,27,56,19,20,42,22,63
SN,AS,kalpa,765,1,47,0,1,0,0,0,27,56,18,19,43,22,64
SN,AS,kalpa,766,1,46,0,1,0,0,0,28,55,18,19,41,21,64
SN,AS,kalpa,767,1,46,0,1,0,0,0,29,54,19,19,40,20,62
SN,AS,kalpa,768,1,45,0,1,0,1,0,28,53,20,19,39,20,63
SN,AS,kalpa,769,1,44,0,2,0,1,0,28,52,19,19,41,20,62
SN,AS,kalpa,770,1,44,0,2,0,1,0,27,52,18,20,43,20,61
SN,AS,kalpa,771,1,44,0,2,0,1,0,27,52,19,20,43,19,61
SN,AS,kalpa,772,1,44,0,2,0,1,0,26,52,18,20,44,18,63
SN,AS,kalpa,773,1,44,0,2,0,1,0,25,52,18,19,45,18,64
SN,AS,kalpa,774,2,43,0,2,0,1,0,24,52,17,20,46,17,65
SN,AS,kalpa,775,2,43,0,2,0,1,0,25,52,18,20,45,19,62
SN,AS,kalpa,776,1,44,0,2,0,1,0,25,52,19,20,46,19,60
SN,AS,kalpa,777,1,44,0,2,0,1,0,25,52,19,20,45,20,60
SN,AS,kalpa,778,1,44,0,2,0,1,0,26,52,18,21,44,20,60
SN,AS,kalpa,779,1,44,0,2,0,1,0,26,52,19,21,44,20,59
SN,AS,kalpa,780,1,44,0,2,0,1,0,26,52,19,20,43,20,61
SN,AS,kalpa,781,1,44,0,2,0,1,0,26,52,19,21,42,20,61
SN,AS,kalpa,782,1,44,0,2,0,1,0,26,52,19,20,43,20,61
SN,AS,kalpa,783,1,44,0,2,0,1,0,26,52,17,19,44,22,61
SN,AS,kalpa,784,1,44,0,2,0,1,0,26,52,19,18,44,22,60
SN,AS,kalpa,785,1,44,0,2,0,1,0,26,54,19,18,42,21,61
SN,AS,kalpa,786,1,44,0,2,0,1,0,27,53,20,18,41,21,61
SN,AS,kalpa,787,1,44,0,2,0,1,0,26,53,21,17,44,21,59
SN,AS,kalpa,788,1,44,0,2,0,1,0,26,53,21,17,45,21,58
SN,AS,kalpa,789,1,44,0,2,0,1,0,27,53,21,17,44,19,60
SN,AS,kalpa,790,1,44,0,2,0,1,0,26,54,20,17,45,18,61
SN,AS,kalpa,791,1,44,0,2,0,1,0,26,54,20,17,45,16,63
SN,AS,kalpa,792,1,44,0,2,0,1,0,25,54,20,17,46,16,63
SN,AS,kalpa,793,1,44,0,2,0,1,0,25,54,19,17,46,16,64
SN,AS,kalpa,794,2,43,0,2,0,1,0,26,54,19,18,45,17,62
SN,AS,kalpa,795,2,43,0,2,0,1,0,25,54,18,17,46,17,64
SN,AS,kalpa,796,2,43,0,2,0,1,0,26,55,18,17,44,16,65
SN,AS,kalpa,797,3,43,0,1,0,1,0,25,55,18,17,46,15,66
SN,AS,kalpa,798,3,43,0,1,0,1,0,23,56,18,17,47,16,65
SN,AS,kalpa,799,3,43,0,1,0,1,0,21,56,18,16,46,18,67
SN,AS,kalpa,800,3,43,0,1,0,1,0,20,56,18,16,47,18,67
SN,AS,kalpa,801,3,43,0,1,0,1,0,19,56,19,16,49,18,65
SN,AS,kalpa,802,4,42,0,1,0,1,0,19,55,19,16,48,20,65
SN,AS,kalpa,803,5,41,0,1,0,1,0,19,55,19,16,49,20,64
SN,AS,kalpa,804,5,41,0,1,0,1,0,18,56,19,16,50,20,63
SN,AS,kalpa,805,5,42,0,1,0,1,0,18,57,18,17,49,19,64
SN,AS,kalpa,806,5,42,0,1,0,1,0,17,56,18,17,50,19,65
SN,AS,kalpa,807,5,41,0,2,0,1,0,18,54,18,17,51,20,63
SN,AS,kalpa,808,5,41,0,2,0,1,0,19,54,18,16,51,20,63
SN,AS,kalpa,809,5,41,0,2,0,1,0,20,54,17,17,50,20,63
SN,AS,kalpa,810,5,41,0,2,0,1,0,20,54,17,16,49,21,64
SN,AS,kalpa,811,5,41,0,2,0,1,0,21,54,16,15,50,22,63
SN,AS,kalpa,812,5,41,0,2,0,1,0,20,54,16,14,52,22,63
SN,AS,kalpa,813,5,41,0,2,0,1,0,20,53,16,13,53,22,64
SN,AS,kalpa,814,5,41,0,2,0,1,0,20,53,16,13,54,21,64
SN,AS,kalpa,815,5,41,0,2,0,1,0,20,52,16,13,55,21,64
SN,AS,kalpa,816,6,41,0,2,0,1,0,19,53,16,13,56,22,65
SN,AS,kalpa,817,7,40,0,2,0,1,0,18,54,15,14,57,23,66
SN,AS,kalpa,818,7,41,0,2,0,0,0,18,55,16,14,59,23,63
SN,AS,kalpa,819,7,42,0,1,0,0,0,19,56,17,14,58,22,63
SN,AS,kalpa,820,7,41,0,2,0,0,0,19,56,17,14,57,22,64
SN,AS,kalpa,821,7,41,0,2,0,0,0,20,57,17,14,55,22,64
SN,AS,kalpa,822,8,40,0,2,0,0,0,20,57,17,14,55,23,63
SN,AS,kalpa,823,8,40,0,2,0,0,0,19,57,18,14,54,24,63
SN,AS,kalpa,824,7,41,0,2,0,0,0,20,57,18,13,55,24,62
SN,AS,kalpa,825,7,41,0,2,0,0,0,19,57,17,13,57,22,64
SN,AS,kalpa,826,8,40,0,2,0,0,0,19,57,16,13,56,23,65
SN,AS,kalpa,827,8,40,0,2,0,0,0,19,57,16,14,57,23,63
SN,AS,kalpa,828,8,40,0,2,0,0,0,18,57,16,13,59,23,63
SN,AS,kalpa,829,8,40,0,2,0,0,0,18,58,15,14,60,22,62
SN,AS,kalpa,830,8,40,0,2,0,0,0,17,58,15,14,61,23,61
SN,AS,kalpa,831,8,40,0,2,0,0,0,18,58,15,13,59,23,63
SN,AS,kalpa,832,8,40,0,2,0,0,0,19,59,15,13,57,24,62
SN,AS,kalpa,833,8,40,0,2,0,0,0,20,59,15,13,58,23,61
SN,AS,kalpa,834,8,40,0,2,0,0,0,20,59,14,14,58,24,60
SN,AS,kalpa,835,8,40,0,2,0,0,0,20,57,14,13,60,24,61
SN,AS,kalpa,836,8,40,0,2,0,0,0,19,58,13,13,61,25,60
SN,AS,kalpa,837,8,40,0,2,0,0,0,20,58,12,13,58,26,62
SN,AS,kalpa,838,8,40,0,2,0,0,0,20,59,12,13,57,25,63
SN,AS,kalpa,839,9,39,0,2,0,0,0,19,59,12,14,59,25,61
SN,AS,kalpa,840,9,39,0,2,0,0,0,20,59,12,13,59,25,61
SN,AS,kalpa,841,9,39,0,2,0,0,0,20,59,14,12,59,25,60
SN,AS,kalpa,842,9,39,0,2,0,0,0,20,60,14,12,59,25,59
SN,AS,kalpa,843,9,39,0,2,0,0,0,21,60,14,13,58,26,57
SN,AS,kalpa,844,8,40,0,2,0,0,0,20,60,14,13,59,26,57
SN,AS,kalpa,845,8,40,0,2,0,0,0,20,60,13,13,59,27,57
SN,AS,kalpa,846,8,40,0,2,0,0,0,20,59,13,13,59,29,56
SN,AS,kalpa,847,7,41,0,2,0,0,0,20,59,14,14,57,31,54
SN,AS,kalpa,848,7,41,0,2,0,0,0,20,58,14,14,57,32,54
SN,AS,kalpa,849,7,41,0,2,0,0,0,20,58,15,15,58,30,53
SN,AS,kalpa,850,7,41,0,2,0,0,0,20,59,15,15,57,30,53
SN,AS,kalpa,851,7,41,0,2,0,0,0,20,59,14,15,56,30,55
SN,AS,kalpa,852,6,42,0,2,0,0,0,19,60,14,15,56,31,54
SN,AS,kalpa,853,5,43,0,2,0,0,0,19,60,14,15,55,31,55
SN,AS,kalpa,854,5,43,0,2,0,0,0,21,59,14,16,54,31,54
SN,AS,kalpa,855,5,43,0,2,0,0,0,22,59,14,15,53,31,55
SN,AS,kalpa,856,5,43,0,2,0,0,0,22,60,14,16,52,31,54
SN,AS,kalpa,857,5,44,0,1,0,0,0,20,61,14,16,53,32,54
SN,AS,kalpa,858,6,43,0,1,0,0,0,20,61,14,16,53,32,54
SN,AS,kalpa,859,6,43,0,1,0,0,0,19,62,13,15,53,33,55
SN,AS,kalpa,860,6,43,0,1,0,0,0,20,62,15,15,53,32,53
SN,AS,kalpa,861,6,43,0,1,0,0,0,19,62,16,15,52,31,55
SN,AS,kalpa,862,6,43,0,1,0,0,0,19,65,16,16,50,31,53
SN,AS,kalpa,863,6,43,0,1,0,0,0,19,66,17,17,48,30,53
SN,AS,kalpa,864,6,43,0,1,0,0,0,20,67,16,17,49,30,51
SN,AS,kalpa,865,6,43,0,1,0,0,0,20,67,16,17,49,30,51
SN,AS,kalpa,866,5,44,0,1,0,0,0,20,67,16,17,50,29,51
SN,AS,kalpa,867,5,44,0,1,0,0,0,20,66,19,16,49,30,50
SN,AS,kalpa,868,5,44,0,1,0,0,0,21,66,18,16,48,31,50
SN,AS,kalpa,869,5,43,0,1,0,0,0,19,69,17,16,49,33,50
SN,AS,kalpa,870,5,43,0,0,0,0,0,19,72,17,16,49,35,48
SN,AS,kalpa,871,5,42,0,0,0,0,0,18,74,16,16,51,37,47
SN,AS,kalpa,872,4,42,0,0,0,0,0,18,77,16,16,52,38,45
SN,AS,kalpa,873,4,41,0,0,0,0,0,18,79,15,16,54,39,44
SN,AS,kalpa,874,4,40,0,0,0,0,0,17,82,15,16,54,41,43
SN,AS,kalpa,875,4,39,0,0,0,0,0,17,85,15,16,54,43,41
SN,AS,kalpa,876,3,39,0,0,0,0,0,17,88,15,16,55,44,39
SN,AS,kalpa,877,3,39,0,0,0,0,0,16,89,15,16,54,43,41
SN,AS,kalpa,878,3,39,0,0,0,0,0,16,90,16,15,54,42,41
SN,AS,kalpa,879,3,39,0,0,0,0,0,17,88,17,14,52,42,41
SN,AS,kalpa,880,3,39,0,0,0,0,0,18,87,18,14,51,41,39
SN,AS,kalpa,881,3,38,0,0,0,0,0,17,86,19,15,51,40,39
SN,AS,kalpa,882,3,37,0,1,0,0,0,17,84,19,15,53,40,38
SN,AS,kalpa,883,3,36,0,1,0,1,5,20,93,19,17,60,46,42
SN,AS,kalpa,884,3,35,0,1,0,2,5,22,94,19,16,59,48,44
SN,AS,kalpa,885,3,35,0,1,0,2,5,22,94,21,19,58,48,45
SN,AS,kalpa,886,3,35,0,1,0,2,6,21,94,23,20,59,47,46
SN,AS,kalpa,887,3,34,0,1,0,2,7,21,95,25,21,59,48,46
SN,AS,kalpa,888,3,34,0,1,0,2,8,21,94,27,22,58,51,46
SN,AS,kalpa,889,2,35,0,1,0,2,8,23,95,27,22,57,54,46
SN,AS,kalpa,890,2,34,0,1,1,2,10,23,93,28,22,56,54,46
SN,AS,kalpa,891,3,33,0,1,1,2,10,22,92,27,24,56,54,46
SN,AS,kalpa,892,4,32,0,1,1,2,10,24,90,27,24,55,55,45
SN,AS,kalpa,893,4,31,0,1,2,2,10,23,90,27,23,55,55,45
SN,AS,kalpa,894,5,30,0,1,2,2,13,26,93,27,25,56,61,45
SN,AS,kalpa,895,5,29,0,1,2,2,14,26,93,27,25,57,60,46
SN,AS,kalpa,896,5,28,0,1,2,3,14,25,92,28,26,58,59,46
SN,AS,kalpa,897,5,27,0,1,2,3,14,26,91,27,25,58,58,47
SN,AS,kalpa,898,5,26,0,1,2,3,14,26,90,27,25,57,57,47
SN,AS,kalpa,899,5,26,0,1,2,3,14,26,90,26,25,56,57,46
SN,AS,kalpa,900,5,25,0,1,3,3,14,26,89,27,24,55,59,48
SN,AS,kalpa,901,5,24,0,1,4,3,16,26,88,28,24,55,60,46
SN,AS,kalpa,902,5,24,0,1,4,3,17,27,89,32,24,56,59,50
SN,AS,kalpa,903,5,24,0,1,4,3,20,28,89,38,28,61,64,50
SN,AS,kalpa,904,5,24,0,1,4,3,20,26,89,38,27,61,65,50
SN,AS,kalpa,905,5,23,0,1,5,3,20,26,89,39,27,61,66,47
SN,AS,kalpa,906,5,22,0,1,5,3,21,27,89,40,27,60,66,46
SN,AS,kalpa,907,5,21,0,1,5,3,22,27,88,40,27,58,64,46
SN,AS,kalpa,908,4,22,0,1,5,3,22,27,88,40,27,57,64,47
SN,AS,kalpa,909,4,22,0,1,5,3,22,28,89,40,27,57,63,46
SN,AS,kalpa,910,4,21,0,1,5,4,22,27,89,39,28,57,63,46
SN,AS,kalpa,911,5,20,0,1,5,4,22,27,88,38,28,56,63,48
SN,AS,kalpa,912,5,19,0,2,5,4,22,27,84,38,27,57,64,48
SN,AS,kalpa,913,5,18,0,2,5,5,22,27,82,39,27,60,67,47
SN,AS,kalpa,914,5,17,0,2,5,5,23,27,80,41,27,58,67,47
SN,AS,kalpa,915,5,16,0,2,5,5,23,27,80,41,28,57,68,46
SN,AS,kalpa,916,5,15,0,2,5,6,23,27,80,41,29,56,70,46
SN,AS,kalpa,917,4,15,0,2,5,7,23,27,80,38,29,56,68,47
SN,AS,kalpa,918,5,14,0,2,5,7,23,29,81,42,32,62,71,54
SN,AS,kalpa,919,5,15,0,2,5,7,24,30,83,44,35,62,69,56
SN,AS,kalpa,920,5,15,0,2,5,7,25,31,79,45,34,62,69,56
SN,AS,kalpa,921,5,16,0,2,5,7,26,33,75,46,36,62,71,58
SN,AS,kalpa,922,5,16,0,2,5,7,26,34,72,46,38,60,70,59
SN,AS,kalpa,923,5,17,0,2,5,7,27,34,68,46,38,58,69,61
SN,AS,kalpa,924,5,17,0,2,5,7,27,36,65,47,39,60,68,64
SN,AS,kalpa,925,5,18,0,2,5,7,27,36,62,47,39,59,66,64
SN,AS,kalpa,926,5,19,0,2,5,7,27,36,59,47,39,58,64,67
SN,AS,kalpa,927,5,19,0,2,5,7,27,36,58,47,38,60,65,66
SN,AS,kalpa,928,6,18,0,2,5,7,27,36,56,48,41,58,65,67
SN,AS,kalpa,929,6,17,0,2,5,7,27,35,58,48,42,59,66,67
SN,AS,kalpa,930,6,17,0,2,5,7,27,34,60,47,42,59,66,69
SN,AS,kalpa,931,6,18,0,2,5,7,27,34,61,47,41,61,67,67
SN,AS,kalpa,932,6,18,0,1,5,7,29,33,62,48,42,61,66,69
SN,AS,kalpa,933,6,18,1,1,5,6,25,30,52,49,41,54,60,65
SN,AS,kalpa,934,6,18,1,1,5,6,25,29,50,49,41,57,60,65
SN,AS,kalpa,935,7,17,1,1,5,6,25,29,49,47,38,57,61,62
SN,AS,kalpa,936,7,17,1,1,5,6,24,29,48,45,38,57,62,61
SN,AS,kalpa,937,7,18,1,1,5,6,23,28,47,43,38,58,60,61
SN,AS,kalpa,938,7,18,1,1,5,6,22,29,47,41,37,59,58,60
SN,AS,kalpa,939,7,18,1,1,5,6,22,27,46,40,36,59,57,61
SN,AS,kalpa,940,7,18,1,1,4,6,20,28,47,39,36,60,59,60
SN,AS,kalpa,941,6,19,1,1,4,6,20,30,48,38,34,60,59,61
SN,AS,kalpa,942,5,19,1,2,4,6,20,28,48,41,35,60,58,62
SN,AS,kalpa,943,5,19,1,2,3,7,21,30,48,43,39,63,61,63
SN,AS,kalpa,944,5,19,1,2,3,7,18,28,44,44,36,60,55,63
SN,AS,kalpa,945,5,19,1,2,3,7,18,28,43,44,36,58,55,60
SN,AS,kalpa,946,5,20,1,2,3,6,18,28,45,44,36,57,55,59
SN,AS,kalpa,947,6,20,1,2,3,6,18,27,47,44,36,59,55,58
SN,AS,kalpa,948,6,20,1,2,3,6,18,30,49,47,40,66,56,59
SN,AS,kalpa,949,6,19,1,2,3,6,18,31,48,48,39,67,56,60
SN,AS,kalpa,950,6,19,1,3,2,6,18,31,47,47,39,67,54,58
SN,AS,kalpa,951,6,19,1,4,1,6,16,31,47,46,39,66,53,58
SN,AS,kalpa,952,6,18,1,4,1,7,15,30,44,42,39,65,52,54
SN,AS,kalpa,953,6,17,1,4,1,7,12,29,43,35,35,60,47,52
SN,AS,kalpa,954,6,16,1,4,1,8,13,31,43,36,36,62,48,52
SN,AS,kalpa,955,6,16,1,4,0,8,14,32,42,35,36,62,47,53
SN,AS,kalpa,956,7,16,1,4,0,8,13,31,40,35,35,64,47,54
SN,AS,kalpa,957,7,16,1,4,1,8,12,31,40,36,36,65,48,55
SN,AS,kalpa,958,7,15,1,4,1,8,13,30,43,37,36,66,52,52
SN,AS,kalpa,959,7,14,1,4,1,8,13,29,42,37,36,66,53,52
SN,AS,kalpa,960,7,14,1,4,2,7,13,29,42,36,35,67,55,52
SN,AS,kalpa,961,6,14,1,4,2,7,13,29,44,36,35,67,57,48
SN,AS,kalpa,962,6,14,1,3,2,7,13,30,44,36,35,67,56,48
SN,AS,kalpa,963,6,14,1,3,2,6,13,31,45,34,34,65,53,48
SN,AS,kalpa,964,6,14,1,3,2,6,12,30,45,33,34,66,54,48
SN,AS,kalpa,965,6,14,1,4,2,6,13,30,44,34,34,66,54,47
SN,AS,kalpa,966,6,15,1,4,2,5,13,30,43,34,33,66,53,45
SN,AS,kalpa,967,6,15,2,4,2,4,13,30,45,35,34,66,54,44
SN,AS,kalpa,968,5,15,2,4,3,4,14,27,43,30,31,59,50,37
SN,AS,kalpa,969,5,15,2,4,3,4,13,26,38,29,28,59,51,35
SN,AS,kalpa,970,5,16,2,4,3,4,12,25,39,29,28,60,49,36
SN,AS,kalpa,971,5,16,2,4,3,4,11,24,40,28,26,59,46,35
SN,AS,kalpa,972,6,16,2,4,3,4,11,23,40,29,24,61,45,35
SN,AS,kalpa,973,6,16,2,4,3,4,10,23,42,29,24,63,44,34
SN,AS,kalpa,974,6,17,2,4,3,4,10,22,43,28,23,59,43,33
SN,AS,kalpa,975,6,17,2,4,3,4,10,23,43,29,23,59,43,34
SN,AS,kalpa,976,6,16,2,4,3,4,10,23,42,29,23,59,44,34
SN,AS,kalpa,977,6,16,2,4,3,4,10,23,42,30,23,58,43,35
SN,AS,kalpa,978,5,17,2,4,3,4,10,24,43,28,20,59,43,36
SN,AS,kalpa,979,5,18,2,4,3,4,10,24,42,27,19,60,42,38
SN,AS,kalpa,980,5,17,2,4,3,4,10,24,41,28,19,60,42,37
