Text_Type,Book,Chapter,Window,GGL,G,GG,LGG,GGG,GLG,GLL,LLG,L,LGL,LLL,LL,LG,GL
SN,CS,siddi,1,41,15,2,2,13,52,23,1,7,36,0,0,0,0
SN,CS,siddi,2,43,16,2,1,12,53,24,1,7,37,0,0,0,0
SN,CS,siddi,3,45,17,1,0,13,55,24,0,7,38,0,0,0,0
SN,CS,siddi,4,43,18,1,0,13,56,24,0,6,39,0,0,0,0
SN,CS,siddi,5,44,18,1,0,12,56,24,0,6,39,0,0,0,0
SN,CS,siddi,6,43,17,1,0,13,56,24,0,7,39,0,0,0,0
SN,CS,siddi,7,45,17,1,0,13,55,24,0,7,38,0,0,0,0
SN,CS,siddi,8,46,18,1,0,12,55,24,0,6,38,0,0,0,0
SN,CS,siddi,9,47,17,1,0,13,54,24,0,7,37,0,0,0,0
SN,CS,siddi,10,48,17,1,0,13,54,24,0,7,36,0,0,0,0
SN,CS,siddi,11,49,17,1,0,12,55,24,0,7,35,0,0,0,0
SN,CS,siddi,12,48,18,1,0,13,54,24,0,6,36,0,0,0,0
SN,CS,siddi,13,48,17,1,0,14,53,24,0,7,36,0,0,0,0
SN,CS,siddi,14,48,17,1,0,14,53,24,0,7,36,0,0,0,0
SN,CS,siddi,15,48,16,1,0,14,53,24,0,8,36,0,0,0,0
SN,CS,siddi,16,50,16,1,0,13,53,24,0,8,35,0,0,0,0
SN,CS,siddi,17,48,16,1,0,14,53,24,0,8,36,0,0,0,0
SN,CS,siddi,18,48,16,0,0,15,54,25,0,9,33,0,0,0,0
SN,CS,siddi,19,48,17,0,0,15,54,25,0,8,33,0,0,0,0
SN,CS,siddi,20,48,17,0,0,15,54,25,0,8,33,0,0,0,0
SN,CS,siddi,21,49,18,0,0,15,53,25,0,7,33,0,0,0,0
SN,CS,siddi,22,48,17,0,0,16,53,25,0,8,33,0,0,0,0
SN,CS,siddi,23,49,17,0,0,16,53,25,0,8,32,0,0,0,0
SN,CS,siddi,24,50,17,0,0,17,52,25,0,8,31,0,0,0,0
SN,CS,siddi,25,51,17,0,0,16,52,25,0,8,31,0,0,0,0
SN,CS,siddi,26,52,18,0,0,15,53,25,0,7,30,0,0,0,0
SN,CS,siddi,27,53,17,0,0,14,53,25,0,8,30,0,0,0,0
SN,CS,siddi,28,54,16,0,0,13,53,25,0,9,30,0,0,0,0
SN,CS,siddi,29,55,15,0,0,14,52,25,0,10,29,0,0,0,0
SN,CS,siddi,30,54,15,0,0,14,53,25,0,10,29,0,0,0,0
SN,CS,siddi,31,54,15,0,0,14,53,25,0,10,29,0,0,0,0
SN,CS,siddi,32,52,15,0,0,15,53,25,0,10,30,0,0,0,0
SN,CS,siddi,33,51,15,0,0,16,53,25,0,10,30,0,0,0,0
SN,CS,siddi,34,51,16,0,0,16,53,25,0,9,30,0,0,0,0
SN,CS,siddi,35,51,16,0,0,16,53,25,0,9,30,0,0,0,0
SN,CS,siddi,36,51,15,0,0,16,52,26,0,10,30,0,0,0,0
SN,CS,siddi,37,52,15,0,0,15,53,26,0,10,29,0,0,0,0
SN,CS,siddi,38,52,16,0,0,15,53,26,0,9,29,0,0,0,0
SN,CS,siddi,39,52,15,0,0,15,53,26,0,10,29,0,0,0,0
SN,CS,siddi,40,52,16,0,0,15,53,26,0,9,29,0,0,0,0
SN,CS,siddi,41,51,16,0,0,16,53,26,0,9,29,0,0,0,0
SN,CS,siddi,42,52,15,0,0,15,54,26,0,10,28,0,0,0,0
SN,CS,siddi,43,52,16,0,0,15,54,26,0,9,28,0,0,0,0
SN,CS,siddi,44,52,16,0,0,15,54,26,0,9,28,0,0,0,0
SN,CS,siddi,45,51,16,0,0,15,54,26,0,9,29,0,0,0,0
SN,CS,siddi,46,50,16,0,0,15,54,27,0,9,29,0,0,0,0
SN,CS,siddi,47,52,17,0,0,14,54,27,0,8,28,0,0,0,0
SN,CS,siddi,48,51,18,0,0,14,54,27,0,7,29,0,0,0,0
SN,CS,siddi,49,51,17,0,0,14,54,27,0,8,29,0,0,0,0
SN,CS,siddi,50,51,16,0,0,15,54,27,0,9,28,0,0,0,0
SN,CS,siddi,51,51,16,0,0,16,53,27,0,9,28,0,0,0,0
SN,CS,siddi,52,50,17,0,0,17,53,27,0,8,28,0,0,0,0
SN,CS,siddi,53,49,18,0,0,17,54,27,0,7,28,0,0,0,0
SN,CS,siddi,54,49,18,0,0,17,54,27,0,7,28,0,0,0,0
SN,CS,siddi,55,49,18,0,0,18,53,27,0,7,28,0,0,0,0
SN,CS,siddi,56,48,18,0,0,18,53,27,0,7,29,0,0,0,0
SN,CS,siddi,57,49,18,0,0,17,53,28,0,7,28,0,0,0,0
SN,CS,siddi,58,49,17,0,0,17,53,28,0,8,28,0,0,0,0
SN,CS,siddi,59,49,17,0,0,17,53,28,0,8,28,0,0,0,0
SN,CS,siddi,60,49,16,0,0,16,53,29,0,9,28,0,0,0,0
SN,CS,siddi,61,49,17,0,0,17,53,28,0,8,28,0,0,0,0
SN,CS,siddi,62,49,17,0,0,17,53,28,0,8,28,0,0,0,0
SN,CS,siddi,63,48,17,0,0,16,54,28,0,8,29,0,0,0,0
SN,CS,siddi,64,48,17,0,0,15,54,28,0,8,30,0,0,0,0
SN,CS,siddi,65,49,16,0,0,14,54,28,0,9,30,0,0,0,0
SN,CS,siddi,66,49,16,0,0,14,54,28,0,9,30,0,0,0,0
SN,CS,siddi,67,49,17,0,0,15,53,28,0,8,30,0,0,0,0
SN,CS,siddi,68,49,17,0,0,14,54,28,0,8,30,0,0,0,0
SN,CS,siddi,69,49,16,0,0,14,54,28,0,9,30,0,0,0,0
SN,CS,siddi,70,49,16,0,0,15,54,28,0,9,29,0,0,0,0
SN,CS,siddi,71,49,16,0,0,16,54,27,0,9,29,0,0,0,0
SN,CS,siddi,72,48,16,0,0,17,54,27,0,9,29,0,0,0,0
SN,CS,siddi,73,49,16,0,0,17,54,27,0,9,28,0,0,0,0
SN,CS,siddi,74,48,17,0,0,17,54,27,0,8,29,0,0,0,0
SN,CS,siddi,75,48,18,0,0,16,54,27,0,7,30,0,0,0,0
SN,CS,siddi,76,47,18,0,0,16,54,27,0,7,31,0,0,0,0
SN,CS,siddi,77,46,18,0,0,16,54,27,0,7,32,0,0,0,0
SN,CS,siddi,78,45,18,0,0,17,53,27,0,7,33,0,0,0,0
SN,CS,siddi,79,45,19,0,0,17,53,27,0,6,33,0,0,0,0
SN,CS,siddi,80,46,19,0,0,16,53,27,0,6,33,0,0,0,0
SN,CS,siddi,81,47,20,0,0,16,53,27,0,5,32,0,0,0,0
SN,CS,siddi,82,47,20,0,0,17,53,26,0,5,32,0,0,0,0
SN,CS,siddi,83,48,20,0,0,16,53,26,0,5,32,0,0,0,0
SN,CS,siddi,84,48,20,0,0,16,53,26,0,5,32,0,0,0,0
SN,CS,siddi,85,47,21,0,0,16,54,25,0,4,33,0,0,0,0
SN,CS,siddi,86,47,21,0,0,16,54,25,0,4,33,0,0,0,0
SN,CS,siddi,87,47,20,0,0,17,53,25,0,5,33,0,0,0,0
SN,CS,siddi,88,48,20,0,0,18,52,25,0,5,32,0,0,0,0
SN,CS,siddi,89,49,21,0,0,18,52,25,0,4,31,0,0,0,0
SN,CS,siddi,90,48,21,0,0,19,52,25,0,4,31,0,0,0,0
SN,CS,siddi,91,48,21,0,0,18,53,25,0,4,31,0,0,0,0
SN,CS,siddi,92,48,21,0,0,18,53,25,0,4,31,0,0,0,0
SN,CS,siddi,93,48,20,1,2,20,50,24,1,4,31,0,0,0,0
SN,CS,siddi,94,47,21,1,2,20,50,24,1,3,32,0,0,0,0
SN,CS,siddi,95,45,20,2,3,21,49,23,1,3,31,0,0,0,0
SN,CS,siddi,96,43,19,3,4,20,47,23,2,3,30,0,0,0,0
SN,CS,siddi,97,42,19,3,4,21,45,22,2,3,31,0,0,0,0
SN,CS,siddi,98,41,19,3,4,21,45,21,2,3,31,0,0,0,0
SN,CS,siddi,99,41,18,3,4,22,43,20,3,4,30,0,0,0,0
SN,CS,siddi,100,40,18,3,4,24,41,19,4,4,29,0,0,0,0
SN,CS,siddi,101,41,18,3,4,23,40,19,4,4,28,0,0,0,0
SN,CS,siddi,102,40,18,3,4,25,38,18,5,4,27,0,0,0,0
SN,CS,siddi,103,39,18,3,4,25,37,17,7,4,26,0,0,0,0
SN,CS,siddi,104,39,18,3,4,25,35,16,8,4,26,0,0,0,0
SN,CS,siddi,105,37,18,3,4,27,33,15,9,4,26,0,0,0,0
SN,CS,siddi,106,35,18,3,5,28,31,14,10,4,26,0,0,0,0
SN,CS,siddi,107,38,18,3,16,31,38,14,12,4,34,2,0,0,0
SN,CS,siddi,108,48,18,3,29,62,55,24,21,3,40,6,0,0,0
SN,CS,siddi,109,49,17,3,31,63,53,25,24,3,39,7,1,0,0
SN,CS,siddi,110,56,16,3,35,73,60,26,29,3,48,12,1,0,0
SN,CS,siddi,111,54,15,3,41,75,62,30,31,3,53,13,1,0,0
SN,CS,siddi,112,65,15,3,54,96,81,36,43,2,65,14,1,0,0
SN,CS,siddi,113,73,14,3,62,103,92,39,51,2,71,18,1,1,0
SN,CS,siddi,114,80,13,3,64,108,100,40,53,2,74,21,1,1,0
SN,CS,siddi,115,94,14,3,84,137,108,41,58,1,86,24,1,1,0
SN,CS,siddi,116,105,13,3,92,146,119,49,64,1,97,25,1,2,0
SN,CS,siddi,117,107,12,3,96,148,123,54,68,1,99,26,1,3,0
SN,CS,siddi,118,109,12,3,103,157,129,56,69,1,103,27,1,3,0
SN,CS,siddi,119,113,12,3,105,158,130,56,70,1,105,27,1,3,0
SN,CS,siddi,120,117,12,2,112,158,135,56,72,2,115,27,1,3,0
SN,CS,siddi,121,136,12,1,133,174,151,64,78,2,129,28,1,3,0
SN,CS,siddi,122,140,11,1,137,180,164,71,85,2,141,32,1,3,0
SN,CS,siddi,123,142,10,1,139,183,166,72,86,2,141,32,1,3,0
SN,CS,siddi,124,142,10,1,139,182,167,74,86,1,140,32,1,4,0
SN,CS,siddi,125,141,10,1,140,182,167,74,86,1,140,32,1,4,0
SN,CS,siddi,126,139,10,1,141,183,167,74,86,1,140,32,1,4,0
SN,CS,siddi,127,140,10,1,141,180,169,74,86,1,140,32,1,4,0
SN,CS,siddi,128,140,9,1,141,181,168,74,85,2,141,32,1,4,0
SN,CS,siddi,129,138,9,1,142,182,168,74,85,2,141,32,1,4,0
SN,CS,siddi,130,138,9,1,143,181,169,74,84,2,141,32,1,4,0
SN,CS,siddi,131,138,8,1,144,180,170,74,83,3,141,32,1,4,0
SN,CS,siddi,132,133,8,1,133,179,161,73,82,3,133,30,1,4,0
SN,CS,siddi,133,121,9,1,121,149,143,62,73,3,127,26,1,4,0
SN,CS,siddi,134,121,9,2,121,153,146,62,73,3,127,25,0,4,0
SN,CS,siddi,135,113,9,3,118,143,136,61,69,3,116,20,0,4,0
SN,CS,siddi,136,115,10,3,112,140,134,57,67,3,112,19,0,4,0
SN,CS,siddi,137,104,11,3,99,118,115,51,55,3,101,18,0,4,0
SN,CS,siddi,138,96,12,3,91,111,104,48,47,3,95,14,0,3,0
SN,CS,siddi,139,88,13,3,89,106,97,47,45,3,92,11,0,3,0
SN,CS,siddi,140,73,13,3,69,77,89,46,40,3,81,8,0,3,0
SN,CS,siddi,141,62,14,3,61,69,77,38,34,3,70,7,0,2,0
SN,CS,siddi,142,59,14,3,57,66,74,33,30,4,69,6,0,1,0
SN,CS,siddi,143,57,14,2,48,56,70,32,28,5,65,5,0,1,0
SN,CS,siddi,144,53,14,2,46,54,70,32,27,5,63,5,0,1,0
SN,CS,siddi,145,50,14,2,38,53,66,32,25,4,56,5,0,1,1
SN,CS,siddi,146,33,15,2,16,37,53,24,18,4,43,4,0,1,1
SN,CS,siddi,147,30,15,2,12,30,42,18,11,5,30,0,0,1,1
SN,CS,siddi,148,28,15,2,10,27,40,18,10,6,31,0,0,1,1
SN,CS,siddi,149,28,15,2,10,27,41,17,9,7,33,0,0,0,1
SN,CS,siddi,150,30,15,2,9,26,43,18,8,7,33,0,0,0,1
SN,CS,siddi,151,32,14,2,8,26,44,18,8,8,33,0,0,0,1
SN,CS,siddi,152,33,14,2,8,26,44,19,7,8,34,0,0,0,1
SN,CS,siddi,153,34,15,2,8,25,46,20,6,7,34,0,0,0,1
SN,CS,siddi,154,36,15,2,7,24,48,21,5,7,34,0,0,0,1
SN,CS,siddi,155,38,15,2,6,23,49,22,5,7,34,0,0,0,1
SN,CS,siddi,156,39,15,2,4,23,50,23,5,7,35,0,0,0,1
SN,CS,siddi,157,40,14,2,4,21,52,24,4,8,36,0,0,0,1
SN,CS,siddi,158,41,14,2,3,21,53,25,4,8,36,0,0,0,1
SN,CS,siddi,159,40,15,1,1,15,52,25,1,8,37,0,0,0,1
SN,CS,siddi,160,43,16,0,0,15,54,25,0,8,38,0,0,0,1
SN,CS,siddi,161,42,15,0,0,16,54,25,0,9,38,0,0,0,1
SN,CS,siddi,162,42,15,0,0,16,54,26,0,9,37,0,0,0,1
SN,CS,siddi,163,42,15,0,0,15,55,26,0,9,37,0,0,0,1
SN,CS,siddi,164,42,15,0,0,16,54,26,0,9,37,0,0,0,1
SN,CS,siddi,165,42,15,0,0,16,54,26,0,9,37,0,0,0,1
SN,CS,siddi,166,42,15,0,0,16,54,26,0,9,37,0,0,0,1
SN,CS,siddi,167,43,16,0,0,16,54,26,0,8,36,0,0,0,1
SN,CS,siddi,168,43,17,0,0,16,54,26,0,7,36,0,0,0,1
SN,CS,siddi,169,43,17,0,0,17,53,26,0,7,36,0,0,0,1
SN,CS,siddi,170,43,18,0,0,17,53,27,0,7,35,0,0,0,0
SN,CS,siddi,171,44,18,0,0,17,52,27,0,7,35,0,0,0,0
SN,CS,siddi,172,44,18,0,0,17,52,27,0,7,35,0,0,0,0
SN,CS,siddi,173,45,19,0,0,17,52,27,0,6,34,0,0,0,0
SN,CS,siddi,174,46,20,0,0,17,52,27,0,5,33,0,0,0,0
SN,CS,siddi,175,45,19,0,0,17,52,27,0,6,34,0,0,0,0
SN,CS,siddi,176,45,20,0,0,17,52,27,0,5,34,0,0,0,0
SN,CS,siddi,177,46,20,0,0,18,52,26,0,5,33,0,0,0,0
SN,CS,siddi,178,46,19,0,0,18,52,26,0,6,33,0,0,0,0
SN,CS,siddi,179,46,19,0,0,17,52,26,1,6,33,0,0,0,0
SN,CS,siddi,180,45,19,0,0,18,52,26,1,6,33,0,0,0,0
SN,CS,siddi,181,46,20,0,0,18,52,26,1,5,32,0,0,0,0
SN,CS,siddi,182,47,21,0,0,18,52,26,1,4,31,0,0,0,0
SN,CS,siddi,183,47,21,0,0,18,52,26,1,4,31,0,0,0,0
SN,CS,siddi,184,47,20,0,0,19,52,25,1,5,31,0,0,0,0
SN,CS,siddi,185,46,20,0,0,20,52,25,1,5,31,0,0,0,0
SN,CS,siddi,186,46,20,0,0,20,52,25,1,5,31,0,0,0,0
SN,CS,siddi,187,46,20,0,0,21,52,24,1,5,31,0,0,0,0
SN,CS,siddi,188,46,20,0,0,22,51,24,1,5,31,0,0,0,0
SN,CS,siddi,189,46,20,0,0,21,52,24,1,5,31,0,0,0,0
SN,CS,siddi,190,47,20,0,0,20,53,24,1,5,30,0,0,0,0
SN,CS,siddi,191,47,19,0,0,20,53,24,1,6,30,0,0,0,0
SN,CS,siddi,192,47,19,0,0,21,52,24,1,6,30,0,0,0,0
SN,CS,siddi,193,46,19,0,0,21,52,24,1,6,31,0,0,0,0
SN,CS,siddi,194,47,19,0,0,20,53,24,1,6,30,0,0,0,0
SN,CS,siddi,195,48,19,0,0,19,53,25,1,6,29,0,0,0,0
SN,CS,siddi,196,46,19,0,0,20,53,25,1,6,30,0,0,0,0
SN,CS,siddi,197,47,20,0,0,19,53,25,1,5,30,0,0,0,0
SN,CS,siddi,198,46,20,0,0,19,53,25,1,5,31,0,0,0,0
SN,CS,siddi,199,47,20,0,0,18,53,25,1,5,31,0,0,0,0
SN,CS,siddi,200,48,21,0,0,18,53,25,1,4,30,0,0,0,0
SN,CS,siddi,201,47,21,0,0,18,53,25,1,4,31,0,0,0,0
SN,CS,siddi,202,46,21,0,0,18,53,26,1,4,31,0,0,0,0
SN,CS,siddi,203,46,21,0,0,18,53,26,1,4,31,0,0,0,0
SN,CS,siddi,204,46,21,0,0,19,53,26,0,4,31,0,0,0,0
SN,CS,siddi,205,46,20,0,0,18,53,26,0,5,32,0,0,0,0
SN,CS,siddi,206,46,20,0,0,17,54,26,0,5,32,0,0,0,0
SN,CS,siddi,207,46,19,0,0,17,54,26,0,6,32,0,0,0,0
SN,CS,siddi,208,47,18,0,0,16,54,26,0,7,32,0,0,0,0
SN,CS,siddi,209,48,19,0,0,15,54,26,0,6,32,0,0,0,0
SN,CS,siddi,210,49,18,0,0,14,54,26,0,7,32,0,0,0,0
SN,CS,siddi,211,49,19,0,0,14,54,26,0,6,32,0,0,0,0
SN,CS,siddi,212,48,19,0,0,14,54,26,0,6,33,0,0,0,0
SN,CS,siddi,213,49,18,0,0,13,54,26,0,7,33,0,0,0,0
SN,CS,siddi,214,49,17,0,0,13,54,26,0,8,33,0,0,0,0
SN,CS,siddi,215,49,17,0,0,14,53,26,0,8,33,0,0,0,0
SN,CS,siddi,216,48,18,0,0,14,53,26,0,7,34,0,0,0,0
SN,CS,siddi,217,47,18,0,0,13,54,26,0,7,35,0,0,0,0
SN,CS,siddi,218,47,18,0,0,13,54,26,0,7,35,0,0,0,0
SN,CS,siddi,219,47,17,0,0,14,53,26,0,8,35,0,0,0,0
SN,CS,siddi,220,46,17,0,0,15,53,25,0,8,36,0,0,0,0
SN,CS,siddi,221,47,17,0,0,15,53,25,0,8,35,0,0,0,0
SN,CS,siddi,222,47,17,0,0,15,53,25,0,8,35,0,0,0,0
SN,CS,siddi,223,48,17,0,0,14,54,25,0,8,34,0,0,0,0
SN,CS,siddi,224,47,16,0,0,14,54,26,0,9,34,0,0,0,0
SN,CS,siddi,225,46,16,0,0,14,54,26,0,9,35,0,0,0,0
SN,CS,siddi,226,46,15,0,0,13,55,26,0,10,35,0,0,0,0
SN,CS,siddi,227,46,15,0,0,12,55,25,0,10,36,1,0,0,0
SN,CS,siddi,228,47,16,0,0,11,55,26,0,9,35,1,0,0,0
SN,CS,siddi,229,47,16,0,0,11,55,26,0,9,35,1,0,0,0
SN,CS,siddi,230,47,16,0,0,11,55,26,0,9,35,1,0,0,0
SN,CS,siddi,231,47,15,0,0,12,54,26,0,10,35,1,0,0,0
SN,CS,siddi,232,48,16,0,0,11,54,26,0,9,35,1,0,0,0
SN,CS,siddi,233,47,17,0,0,12,54,26,0,8,35,1,0,0,0
SN,CS,siddi,234,46,16,0,0,12,55,26,0,9,35,1,0,0,0
SN,CS,siddi,235,44,16,0,0,13,55,26,0,9,36,1,0,0,0
SN,CS,siddi,236,46,16,0,0,12,55,26,0,9,35,1,0,0,0
SN,CS,siddi,237,47,16,0,0,11,55,26,0,9,35,1,0,0,0
SN,CS,siddi,238,46,17,0,0,12,55,26,0,8,35,1,0,0,0
SN,CS,siddi,239,46,18,0,0,12,55,26,0,7,35,1,0,0,0
SN,CS,siddi,240,46,18,0,0,12,55,26,0,7,35,1,0,0,0
SN,CS,siddi,241,47,18,0,0,12,55,26,0,7,34,1,0,0,0
SN,CS,siddi,242,48,18,0,0,12,55,26,0,7,33,1,0,0,0
SN,CS,siddi,243,50,18,0,0,11,55,26,0,7,32,1,0,0,0
SN,CS,siddi,244,50,19,0,0,11,55,26,0,6,32,1,0,0,0
SN,CS,siddi,245,50,18,0,0,11,55,26,0,7,32,1,0,0,0
SN,CS,siddi,246,50,17,0,0,11,55,26,0,8,32,1,0,0,0
SN,CS,siddi,247,49,17,0,0,11,55,26,0,8,33,1,0,0,0
SN,CS,siddi,248,49,17,0,0,11,54,26,0,8,34,1,0,0,0
SN,CS,siddi,249,49,18,0,0,11,54,25,0,7,35,1,0,0,0
SN,CS,siddi,250,50,18,0,0,10,54,25,0,7,35,1,0,0,0
SN,CS,siddi,251,51,19,0,0,11,53,25,0,6,34,1,0,0,0
SN,CS,siddi,252,51,19,0,0,12,53,26,0,6,33,0,0,0,0
SN,CS,siddi,253,51,19,0,0,13,53,25,0,6,33,0,0,0,0
SN,CS,siddi,254,51,19,0,0,13,53,25,0,6,33,0,0,0,0
SN,CS,siddi,255,52,20,0,0,13,53,25,0,5,32,0,0,0,0
SN,CS,siddi,256,51,21,0,0,12,54,25,0,4,33,0,0,0,0
SN,CS,siddi,257,49,21,0,0,13,54,25,0,4,34,0,0,0,0
SN,CS,siddi,258,49,21,0,0,12,55,25,0,4,34,0,0,0,0
SN,CS,siddi,259,48,21,0,0,12,54,26,0,4,35,0,0,0,0
SN,CS,siddi,260,48,22,0,0,11,55,26,0,3,35,0,0,0,0
SN,CS,siddi,261,46,22,0,0,12,55,26,0,3,36,0,0,0,0
SN,CS,siddi,262,46,21,0,0,12,55,27,0,4,35,0,0,0,0
SN,CS,siddi,263,45,21,0,0,12,55,27,0,4,36,0,0,0,0
SN,CS,siddi,264,44,21,0,0,12,55,27,0,4,37,0,0,0,0
SN,CS,siddi,265,44,21,0,0,12,55,27,0,4,37,0,0,0,0
SN,CS,siddi,266,44,20,0,0,11,55,28,0,5,37,0,0,0,0
SN,CS,siddi,267,45,20,0,0,11,54,28,0,5,37,0,0,0,0
SN,CS,siddi,268,44,20,0,0,12,54,28,0,5,37,0,0,0,0
SN,CS,siddi,269,44,20,0,0,11,54,28,0,5,38,0,0,0,0
SN,CS,siddi,270,44,21,0,0,11,54,28,0,4,38,0,0,0,0
SN,CS,siddi,271,43,21,0,0,11,54,28,0,4,39,0,0,0,0
SN,CS,siddi,272,42,21,0,0,12,54,28,0,4,39,0,0,0,0
SN,CS,siddi,273,42,21,0,0,12,54,29,0,4,38,0,0,0,0
SN,CS,siddi,274,40,21,0,1,15,52,28,0,4,36,0,0,0,0
SN,CS,siddi,275,38,20,1,2,15,50,28,1,4,34,0,0,0,0
SN,CS,siddi,276,36,20,1,2,15,50,27,1,4,35,0,0,0,0
SN,CS,siddi,277,35,20,1,2,15,48,26,2,4,36,0,0,0,0
SN,CS,siddi,278,33,20,1,3,15,47,25,3,4,36,0,0,0,0
SN,CS,siddi,279,31,20,1,4,14,47,25,3,4,36,0,0,0,0
SN,CS,siddi,280,28,20,1,6,14,45,25,3,4,37,0,0,0,0
SN,CS,siddi,281,28,20,1,6,14,43,25,4,4,36,0,0,0,0
SN,CS,siddi,282,27,19,1,8,14,42,24,4,5,35,0,0,0,0
SN,CS,siddi,283,26,19,1,9,15,40,23,4,5,35,0,0,0,0
SN,CS,siddi,284,25,20,1,9,15,39,21,6,4,35,0,0,0,0
SN,CS,siddi,285,24,20,1,10,17,37,20,6,4,34,0,0,0,0
SN,CS,siddi,286,23,20,1,11,18,35,19,7,4,33,0,0,0,0
SN,CS,siddi,287,22,21,1,11,18,36,17,7,3,33,0,0,0,0
SN,CS,siddi,288,21,21,1,11,19,34,16,8,3,33,0,0,0,0
SN,CS,siddi,289,20,21,1,13,20,31,15,9,3,32,0,0,0,0
SN,CS,siddi,290,18,21,1,15,20,30,14,9,3,32,0,0,0,0
SN,CS,siddi,291,16,22,1,16,22,29,12,9,2,32,0,0,0,0
SN,CS,siddi,292,14,22,1,17,22,29,11,9,2,32,0,0,0,0
SN,CS,siddi,293,13,22,1,17,21,29,11,9,2,32,0,0,0,0
SN,CS,siddi,294,12,22,1,17,21,30,10,9,2,31,0,0,0,0
SN,CS,siddi,295,11,22,1,17,21,30,10,9,2,30,0,0,0,0
SN,CS,siddi,296,12,23,1,17,20,29,9,10,1,29,0,0,0,0
SN,CS,siddi,297,11,23,1,17,21,27,8,11,1,29,0,0,0,0
SN,CS,siddi,298,10,23,1,18,21,27,6,11,1,29,0,0,0,0
SN,CS,siddi,299,11,23,1,18,19,27,6,12,1,30,0,0,0,0
SN,CS,siddi,300,12,24,0,17,21,28,5,11,1,31,0,0,0,0
SN,CS,siddi,301,13,24,0,17,21,28,5,11,1,30,0,0,0,0
SN,CS,siddi,302,12,24,0,18,22,29,5,10,1,29,0,0,0,0
SN,CS,siddi,303,13,24,0,17,21,30,6,9,1,29,0,0,0,0
SN,CS,siddi,304,14,24,0,16,22,29,5,10,1,29,0,0,0,0
SN,CS,siddi,305,15,24,0,14,23,29,5,11,1,28,0,0,0,0
SN,CS,siddi,306,15,24,0,15,23,28,5,10,1,29,0,0,0,0
SN,CS,siddi,307,17,25,0,14,22,28,5,10,0,29,0,0,0,0
SN,CS,siddi,308,16,25,0,13,21,28,7,11,0,29,0,0,0,0
SN,CS,siddi,309,16,25,0,15,22,27,8,9,0,28,0,0,0,0
SN,CS,siddi,310,16,25,0,14,22,27,8,10,0,28,0,0,0,0
SN,CS,siddi,311,17,25,0,13,20,29,8,10,0,28,0,0,0,0
SN,CS,siddi,312,17,25,0,14,20,27,9,10,0,28,0,0,0,0
SN,CS,siddi,313,18,25,0,14,20,28,9,9,0,27,0,0,0,0
SN,CS,siddi,314,19,25,0,12,20,29,9,9,0,27,0,0,0,0
SN,CS,siddi,315,19,25,0,11,20,29,9,10,0,27,0,0,0,0
SN,CS,siddi,316,19,25,0,10,20,29,10,10,0,27,0,0,0,0
SN,CS,siddi,317,18,25,0,10,21,29,10,10,0,27,0,0,0,0
SN,CS,siddi,318,18,25,0,10,21,29,10,10,0,27,0,0,0,0
SN,CS,siddi,319,18,25,0,10,22,27,10,11,0,27,0,0,0,0
SN,CS,siddi,320,18,24,0,10,22,26,10,12,1,27,0,0,0,0
SN,CS,siddi,321,16,24,0,12,23,26,10,11,1,27,0,0,0,0
SN,CS,siddi,322,16,24,0,12,24,27,10,10,1,26,0,0,0,0
SN,CS,siddi,323,15,24,0,11,25,26,10,11,1,27,0,0,0,0
SN,CS,siddi,324,15,23,0,10,25,27,11,10,2,27,0,0,0,0
SN,CS,siddi,325,14,23,0,11,24,28,11,10,2,27,0,0,0,0
SN,CS,siddi,326,13,23,0,11,24,29,11,10,2,27,0,0,0,0
SN,CS,siddi,327,13,23,0,10,24,30,11,10,2,27,0,0,0,0
SN,CS,siddi,328,13,23,0,10,26,28,10,11,2,27,0,0,0,0
SN,CS,siddi,329,13,23,0,10,25,27,12,11,2,27,0,0,0,0
SN,CS,siddi,330,13,23,0,11,25,28,11,10,2,27,0,0,0,0
SN,CS,siddi,331,12,23,0,10,28,28,10,11,2,26,0,0,0,0
SN,CS,siddi,332,10,23,0,9,28,28,11,12,2,27,0,0,0,0
SN,CS,siddi,333,10,23,0,9,30,29,9,11,2,27,0,0,0,0
SN,CS,siddi,334,12,23,0,7,30,30,8,11,2,27,0,0,0,0
SN,CS,siddi,335,12,23,0,8,30,30,8,10,2,27,0,0,0,0
SN,CS,siddi,336,12,23,0,8,31,28,8,10,2,28,0,0,0,0
SN,CS,siddi,337,11,23,0,8,32,27,7,12,2,28,0,0,0,0
SN,CS,siddi,338,10,23,0,9,30,29,7,12,2,28,0,0,0,0
SN,CS,siddi,339,10,23,0,9,30,30,7,11,2,28,0,0,0,0
SN,CS,siddi,340,10,23,0,9,31,29,7,11,2,28,0,0,0,0
SN,CS,siddi,341,10,23,0,11,29,28,7,12,2,28,0,0,0,0
SN,CS,siddi,342,10,23,0,10,30,26,8,13,2,28,0,0,0,0
SN,CS,siddi,343,10,23,0,10,32,25,7,13,2,28,0,0,0,0
SN,CS,siddi,344,9,23,0,10,33,25,8,12,2,28,0,0,0,0
SN,CS,siddi,345,10,23,0,10,32,25,8,12,2,28,0,0,0,0
SN,CS,siddi,346,10,23,0,9,33,25,8,12,2,28,0,0,0,0
SN,CS,siddi,347,10,22,0,9,33,25,8,12,3,28,0,0,0,0
SN,CS,siddi,348,11,22,0,9,33,25,8,11,3,28,0,0,0,0
SN,CS,siddi,349,11,23,0,9,33,25,8,11,2,28,0,0,0,0
SN,CS,siddi,350,11,23,0,8,33,25,9,11,2,28,0,0,0,0
SN,CS,siddi,351,11,23,0,9,33,24,9,11,2,28,0,0,0,0
SN,CS,siddi,352,11,23,0,9,32,24,9,11,2,29,0,0,0,0
SN,CS,siddi,353,12,23,0,9,31,25,9,10,2,29,0,0,0,0
SN,CS,siddi,354,11,23,0,10,32,26,8,9,2,29,0,0,0,0
SN,CS,siddi,355,10,23,0,10,31,27,9,9,2,29,0,0,0,0
SN,CS,siddi,356,10,23,0,10,29,29,9,9,2,29,0,0,0,0
SN,CS,siddi,357,10,23,0,10,30,29,8,10,2,28,0,0,0,0
SN,CS,siddi,358,10,22,0,11,30,27,9,10,3,28,0,0,0,0
SN,CS,siddi,359,8,22,0,11,30,29,9,10,3,28,0,0,0,0
SN,CS,siddi,360,8,22,0,10,29,28,10,12,3,28,0,0,0,0
SN,CS,siddi,361,7,22,0,10,31,29,10,11,3,27,0,0,0,0
SN,CS,siddi,362,7,22,0,9,32,31,10,9,3,27,0,0,0,0
SN,CS,siddi,363,7,22,0,8,33,31,10,9,3,27,0,0,0,0
SN,CS,siddi,364,6,21,0,8,34,29,11,10,4,27,0,0,0,0
SN,CS,siddi,365,6,21,0,8,33,30,12,9,4,27,0,0,0,0
SN,CS,siddi,366,6,21,0,7,35,30,11,9,4,27,0,0,0,0
SN,CS,siddi,367,6,20,0,7,34,33,10,8,5,27,0,0,0,0
SN,CS,siddi,368,6,20,0,7,33,32,10,9,5,28,0,0,0,0
SN,CS,siddi,369,6,20,0,8,32,32,9,10,5,28,0,0,0,0
SN,CS,siddi,370,5,21,0,9,33,33,8,9,4,28,0,0,0,0
SN,CS,siddi,371,7,21,0,8,32,32,8,10,4,28,0,0,0,0
SN,CS,siddi,372,9,22,0,8,31,31,8,10,3,28,0,0,0,0
SN,CS,siddi,373,8,22,0,9,31,31,8,11,3,27,0,0,0,0
SN,CS,siddi,374,7,21,0,9,32,33,7,11,3,26,0,1,0,0
SN,CS,siddi,375,7,21,0,9,32,34,6,11,3,26,0,1,0,0
SN,CS,siddi,376,7,21,0,10,31,34,6,11,3,26,0,1,0,0
SN,CS,siddi,377,7,21,0,10,33,33,6,11,3,25,0,1,0,0
SN,CS,siddi,378,7,21,0,10,32,33,7,11,3,25,0,1,0,0
SN,CS,siddi,379,7,21,0,10,31,35,6,11,3,25,0,1,0,0
SN,CS,siddi,380,8,20,0,9,34,34,5,12,3,24,0,1,1,0
SN,CS,siddi,381,8,20,0,9,35,33,5,11,3,25,0,1,1,0
SN,CS,siddi,382,10,19,0,9,38,33,6,10,3,25,0,1,2,0
SN,CS,siddi,383,10,19,0,9,39,34,5,10,2,24,0,1,2,0
SN,CS,siddi,384,10,18,1,10,38,31,6,11,2,23,0,1,2,0
SN,CS,siddi,385,10,17,1,11,37,32,6,10,3,23,0,1,2,0
SN,CS,siddi,386,10,17,1,11,36,32,6,10,3,24,0,1,2,0
SN,CS,siddi,387,10,17,1,11,36,31,7,10,3,24,0,1,2,0
SN,CS,siddi,388,10,17,1,11,37,30,7,10,3,24,0,1,2,0
SN,CS,siddi,389,11,18,1,11,35,31,6,10,2,25,0,1,2,0
SN,CS,siddi,390,11,18,1,10,36,31,5,11,2,25,0,1,2,0
SN,CS,siddi,391,11,18,1,9,35,32,5,10,2,26,1,1,2,0
SN,CS,siddi,392,12,19,1,9,36,30,5,10,1,26,1,1,2,0
SN,CS,siddi,393,11,19,1,10,36,31,5,10,1,25,1,1,2,0
SN,CS,siddi,394,11,19,1,9,37,32,5,9,1,25,1,1,2,0
SN,CS,siddi,395,11,19,1,10,36,32,5,9,1,25,1,1,2,0
SN,CS,siddi,396,9,19,1,11,35,33,5,10,1,25,1,1,2,0
SN,CS,siddi,397,7,19,1,12,35,33,5,11,1,25,1,1,2,0
SN,CS,siddi,398,7,19,1,11,35,32,5,11,1,27,1,1,2,0
SN,CS,siddi,399,8,19,1,11,35,30,5,11,2,28,1,0,2,0
SN,CS,siddi,400,9,19,1,12,35,27,5,11,2,29,1,0,2,0
SN,CS,siddi,401,9,19,1,10,36,27,5,12,2,29,1,0,2,0
SN,CS,siddi,402,9,19,1,10,35,28,5,12,2,29,1,0,2,0
SN,CS,siddi,403,8,18,1,10,37,28,4,12,3,29,1,0,2,0
SN,CS,siddi,404,9,18,1,9,37,27,4,13,3,29,1,0,2,0
SN,CS,siddi,405,9,19,1,9,34,28,5,12,3,30,1,0,1,0
SN,CS,siddi,406,9,19,1,9,32,28,6,12,3,31,1,0,1,0
SN,CS,siddi,407,7,20,1,9,30,28,6,11,3,31,1,0,0,0
SN,CS,siddi,408,7,21,1,8,29,27,6,12,3,33,1,0,0,0
SN,CS,siddi,409,8,22,0,7,30,27,5,12,3,35,1,0,0,0
SN,CS,siddi,410,9,23,0,6,30,28,4,12,2,35,1,0,0,0
SN,CS,siddi,411,10,23,0,7,28,28,5,12,2,34,1,0,0,0
SN,CS,siddi,412,10,23,0,7,28,29,4,12,2,34,1,0,0,0
SN,CS,siddi,413,11,23,0,7,26,28,4,13,2,35,1,0,0,0
SN,CS,siddi,414,11,23,0,7,28,27,4,13,2,34,1,0,0,0
SN,CS,siddi,415,11,23,0,7,28,27,4,12,2,35,1,0,0,0
SN,CS,siddi,416,11,22,0,8,27,28,5,12,3,34,0,0,0,0
SN,CS,siddi,417,12,21,0,8,28,28,5,12,3,33,0,0,1,0
SN,CS,siddi,418,12,21,0,9,27,28,6,11,3,33,0,0,1,0
SN,CS,siddi,419,13,20,0,10,27,26,6,11,3,33,1,0,1,0
SN,CS,siddi,420,13,19,0,9,27,24,7,12,3,32,1,0,1,1
SN,CS,siddi,421,14,19,0,9,27,23,7,12,3,32,1,0,1,1
SN,CS,siddi,422,14,19,0,8,26,24,7,12,3,33,1,0,1,1
SN,CS,siddi,423,15,19,0,9,26,25,7,11,3,31,1,0,1,1
SN,CS,siddi,424,15,20,0,9,26,24,7,11,2,32,1,0,1,1
SN,CS,siddi,425,16,20,0,8,25,24,7,12,2,32,1,0,1,1
SN,CS,siddi,426,16,19,0,9,25,22,8,12,3,32,1,0,1,1
SN,CS,siddi,427,17,19,0,9,25,21,8,12,3,32,1,0,1,1
SN,CS,siddi,428,17,19,0,9,24,21,8,13,3,32,1,0,1,1
SN,CS,siddi,429,16,18,0,10,25,20,8,13,4,32,1,0,1,1
SN,CS,siddi,430,15,18,0,10,28,19,7,13,4,32,1,0,1,1
SN,CS,siddi,431,15,18,0,11,28,19,6,14,4,31,1,0,1,1
SN,CS,siddi,432,15,18,0,11,27,19,5,16,4,31,1,0,1,1
SN,CS,siddi,433,16,18,0,11,26,20,5,16,4,30,1,0,1,1
SN,CS,siddi,434,15,18,0,11,27,21,5,16,4,29,1,0,1,1
SN,CS,siddi,435,14,18,0,11,29,21,5,15,4,29,1,0,1,1
SN,CS,siddi,436,14,18,0,10,31,20,4,16,4,29,1,0,1,1
SN,CS,siddi,437,14,18,0,10,31,19,5,16,4,29,1,0,1,1
SN,CS,siddi,438,13,18,0,10,33,19,5,15,4,29,1,0,1,1
SN,CS,siddi,439,12,18,0,10,33,20,6,14,4,29,1,0,1,1
SN,CS,siddi,440,12,18,0,11,33,20,6,14,4,28,1,0,1,1
SN,CS,siddi,441,12,19,0,10,35,19,6,14,3,28,1,0,1,1
SN,CS,siddi,442,10,20,0,11,33,20,6,14,3,29,1,0,0,1
SN,CS,siddi,443,11,20,0,10,34,20,5,14,3,29,1,0,0,1
SN,CS,siddi,444,10,21,0,10,33,21,6,14,3,29,0,0,0,1
SN,CS,siddi,445,11,22,0,9,33,23,5,13,3,31,0,0,0,0
SN,CS,siddi,446,10,22,0,9,34,24,5,12,3,31,0,0,0,0
SN,CS,siddi,447,11,22,0,10,34,23,5,12,3,30,0,0,0,0
SN,CS,siddi,448,10,22,0,9,35,23,5,13,3,30,0,0,0,0
SN,CS,siddi,449,10,22,0,9,34,24,5,13,3,30,0,0,0,0
SN,CS,siddi,450,9,22,0,9,36,24,5,13,3,29,0,0,0,0
SN,CS,siddi,451,9,23,0,9,36,24,5,13,2,29,0,0,0,0
SN,CS,siddi,452,8,23,0,10,35,23,5,15,2,29,0,0,0,0
SN,CS,siddi,453,7,23,0,10,37,22,5,15,2,29,0,0,0,0
SN,CS,siddi,454,8,24,0,11,36,21,6,14,1,29,0,0,0,0
SN,CS,siddi,455,10,24,0,11,34,21,6,14,1,29,0,0,0,0
SN,CS,siddi,456,10,24,0,10,35,22,6,14,1,28,0,0,0,0
SN,CS,siddi,457,10,24,0,11,34,23,6,13,1,28,0,0,0,0
SN,CS,siddi,458,9,24,0,11,35,22,7,13,1,28,0,0,0,0
SN,CS,siddi,459,10,24,0,11,34,22,8,12,1,28,0,0,0,0
SN,CS,siddi,460,11,23,0,11,33,21,8,13,2,28,0,0,0,0
SN,CS,siddi,461,10,23,0,12,32,22,8,13,2,28,0,0,0,0
SN,CS,siddi,462,11,23,0,12,31,23,7,13,2,28,0,0,0,0
SN,CS,siddi,463,12,23,0,13,30,22,8,13,2,27,0,0,0,0
SN,CS,siddi,464,13,23,0,13,30,22,7,13,2,27,0,0,0,0
SN,CS,siddi,465,13,23,0,13,29,22,7,14,2,27,0,0,0,0
SN,CS,siddi,466,13,23,0,13,29,23,6,14,2,27,0,0,0,0
SN,CS,siddi,467,13,23,0,12,30,22,6,15,2,27,0,0,0,0
SN,CS,siddi,468,12,23,0,11,30,23,6,15,2,28,0,0,0,0
SN,CS,siddi,469,12,23,0,11,30,22,6,15,2,29,0,0,0,0
SN,CS,siddi,470,11,23,0,12,30,21,6,17,2,28,0,0,0,0
SN,CS,siddi,471,12,23,0,12,29,21,7,16,2,28,0,0,0,0
SN,CS,siddi,472,11,23,0,12,30,22,7,15,2,28,0,0,0,0
SN,CS,siddi,473,11,23,0,12,31,21,7,15,2,28,0,0,0,0
SN,CS,siddi,474,10,23,0,12,33,21,7,15,2,27,0,0,0,0
SN,CS,siddi,475,9,23,0,13,32,21,8,15,2,27,0,0,0,0
SN,CS,siddi,476,9,22,0,12,33,23,7,14,3,27,0,0,0,0
SN,CS,siddi,477,10,22,0,12,33,24,7,12,3,27,0,0,0,0
SN,CS,siddi,478,10,23,0,13,31,25,8,11,2,27,0,0,0,0
SN,CS,siddi,479,9,22,0,11,32,26,9,11,3,27,0,0,0,0
SN,CS,siddi,480,7,22,0,12,31,26,9,12,3,28,0,0,0,0
SN,CS,siddi,481,8,22,0,12,31,24,9,12,3,29,0,0,0,0
SN,CS,siddi,482,9,22,0,12,32,23,9,11,3,29,0,0,0,0
SN,CS,siddi,483,10,22,0,13,30,25,8,10,3,29,0,0,0,0
SN,CS,siddi,484,9,22,0,14,30,25,7,10,3,30,0,0,0,0
SN,CS,siddi,485,9,23,0,14,31,25,7,9,2,30,0,0,0,0
SN,CS,siddi,486,11,23,0,13,30,26,7,8,2,30,0,0,0,0
SN,CS,siddi,487,13,22,0,13,29,24,7,9,3,30,0,0,0,0
SN,CS,siddi,488,12,22,0,14,29,24,6,10,3,30,0,0,0,0
SN,CS,siddi,489,12,22,0,14,28,23,6,12,3,30,0,0,0,0
SN,CS,siddi,490,12,22,0,13,29,24,6,11,3,30,0,0,0,0
SN,CS,siddi,491,13,22,0,13,28,24,6,11,3,30,0,0,0,0
SN,CS,siddi,492,14,22,0,13,27,24,7,10,3,30,0,0,0,0
SN,CS,siddi,493,15,22,0,14,27,22,7,11,3,29,0,0,0,0
SN,CS,siddi,494,15,22,0,13,28,24,6,11,3,28,0,0,0,0
SN,CS,siddi,495,15,22,0,12,31,24,6,9,3,28,0,0,0,0
SN,CS,siddi,496,14,22,0,11,34,24,5,9,3,28,0,0,0,0
SN,CS,siddi,497,16,22,0,10,33,23,5,10,3,28,0,0,0,0
SN,CS,siddi,498,17,22,0,10,31,23,6,10,3,28,0,0,0,0
SN,CS,siddi,499,19,22,0,10,29,22,6,11,3,28,0,0,0,0
SN,CS,siddi,500,20,22,0,9,29,23,5,11,3,28,0,0,0,0
SN,CS,siddi,501,20,23,0,11,28,21,5,12,2,28,0,0,0,0
SN,CS,siddi,502,19,23,0,11,27,21,5,14,2,28,0,0,0,0
SN,CS,siddi,503,20,23,0,10,28,20,4,15,2,28,0,0,0,0
SN,CS,siddi,504,21,24,0,11,27,19,2,15,1,30,0,0,0,0
SN,CS,siddi,505,21,24,0,11,27,19,3,15,1,29,0,0,0,0
SN,CS,siddi,506,22,24,0,12,27,19,3,14,1,28,0,0,0,0
SN,CS,siddi,507,21,24,0,12,27,19,3,14,1,29,0,0,0,0
SN,CS,siddi,508,21,24,0,11,27,18,3,15,1,30,0,0,0,0
SN,CS,siddi,509,23,24,0,10,26,17,3,17,1,29,0,0,0,0
SN,CS,siddi,510,23,24,0,10,25,17,3,18,1,29,0,0,0,0
SN,CS,siddi,511,21,24,0,11,26,15,3,19,1,30,0,0,0,0
SN,CS,siddi,512,18,24,0,11,27,17,4,18,1,30,0,0,0,0
SN,CS,siddi,513,18,24,0,9,27,20,4,17,1,30,0,0,0,0
SN,CS,siddi,514,17,24,0,9,26,22,5,15,1,31,0,0,0,0
SN,CS,siddi,515,17,24,0,9,27,21,5,15,1,31,0,0,0,0
SN,CS,siddi,516,16,24,0,9,29,20,5,15,1,31,0,0,0,0
SN,CS,siddi,517,15,24,0,9,30,21,4,15,1,31,0,0,0,0
SN,CS,siddi,518,14,24,0,8,30,22,4,16,1,31,0,0,0,0
SN,CS,siddi,519,14,24,0,8,28,22,5,17,1,31,0,0,0,0
SN,CS,siddi,520,15,24,0,9,25,21,5,18,1,32,0,0,0,0
SN,CS,siddi,521,15,24,0,9,25,21,5,18,1,32,0,0,0,0
SN,CS,siddi,522,13,24,0,9,25,22,5,18,1,33,0,0,0,0
SN,CS,siddi,523,13,24,0,9,25,23,4,18,1,33,0,0,0,0
SN,CS,siddi,524,13,24,0,9,25,23,4,18,1,33,0,0,0,0
SN,CS,siddi,525,12,24,0,11,25,23,4,17,1,33,0,0,0,0
SN,CS,siddi,526,12,24,0,10,25,24,4,17,1,33,0,0,0,0
SN,CS,siddi,527,12,24,0,10,25,24,5,16,1,33,0,0,0,0
SN,CS,siddi,528,11,24,0,11,25,24,5,16,1,33,0,0,0,0
SN,CS,siddi,529,11,24,0,10,25,25,5,18,1,31,0,0,0,0
SN,CS,siddi,530,12,24,0,9,27,24,4,18,1,31,0,0,0,0
SN,CS,siddi,531,10,24,0,8,27,26,4,19,1,31,0,0,0,0
SN,CS,siddi,532,10,23,0,7,28,27,4,19,2,30,0,0,0,0
SN,CS,siddi,533,9,23,0,7,29,27,4,19,2,30,0,0,0,0
SN,CS,siddi,534,7,23,0,7,31,29,4,17,2,30,0,0,0,0
SN,CS,siddi,535,6,23,0,8,31,29,5,16,2,30,0,0,0,0
SN,CS,siddi,536,6,23,0,8,32,29,5,16,2,29,0,0,0,0
SN,CS,siddi,537,7,24,0,8,31,28,5,17,1,29,0,0,0,0
SN,CS,siddi,538,9,24,0,8,31,25,5,18,1,29,0,0,0,0
SN,CS,siddi,539,9,23,0,9,32,25,4,18,2,28,0,0,0,0
SN,CS,siddi,540,10,23,0,9,29,26,5,18,2,28,0,0,0,0
SN,CS,siddi,541,11,23,0,9,27,27,5,18,2,28,0,0,0,0
SN,CS,siddi,542,12,23,0,9,27,26,5,18,2,28,0,0,0,0
SN,CS,siddi,543,12,23,0,9,27,27,6,16,2,28,0,0,0,0
SN,CS,siddi,544,13,22,0,9,28,25,5,16,3,29,0,0,0,0
SN,CS,siddi,545,12,22,0,8,31,26,5,15,3,28,0,0,0,0
SN,CS,siddi,546,12,22,0,9,29,26,5,16,3,28,0,0,0,0
SN,CS,siddi,547,12,22,0,9,30,26,6,15,3,27,0,0,0,0
SN,CS,siddi,548,12,22,0,9,30,25,6,15,3,28,0,0,0,0
SN,CS,siddi,549,11,22,0,10,30,25,6,15,3,28,0,0,0,0
SN,CS,siddi,550,12,22,0,9,29,25,6,16,3,28,0,0,0,0
SN,CS,siddi,551,12,22,0,8,31,25,6,15,3,28,0,0,0,0
SN,CS,siddi,552,13,22,0,7,33,24,5,15,3,28,0,0,0,0
SN,CS,siddi,553,14,21,0,8,31,25,5,14,4,28,0,0,0,0
SN,CS,siddi,554,13,20,0,8,32,27,5,12,4,28,0,0,0,0
SN,CS,siddi,555,12,20,0,9,32,28,5,11,4,28,0,0,0,0
SN,CS,siddi,556,13,20,0,10,32,27,5,10,4,28,0,0,0,0
SN,CS,siddi,557,13,21,0,10,32,25,5,12,3,28,0,0,0,0
SN,CS,siddi,558,13,21,0,12,31,26,5,11,3,27,0,0,0,0
SN,CS,siddi,559,13,21,0,12,31,24,6,12,3,27,0,0,0,0
SN,CS,siddi,560,13,21,0,13,30,25,5,12,3,27,0,0,0,0
SN,CS,siddi,561,14,21,0,12,28,26,5,12,3,28,0,0,0,0
SN,CS,siddi,562,13,21,0,13,28,28,4,11,3,28,0,0,0,0
SN,CS,siddi,563,12,21,0,13,29,28,4,11,3,28,0,0,0,0
SN,CS,siddi,564,12,22,0,13,28,26,5,12,2,29,0,0,0,0
SN,CS,siddi,565,12,22,0,14,29,24,5,12,2,29,0,0,0,0
SN,CS,siddi,566,12,22,0,14,29,23,5,12,2,30,0,0,0,0
SN,CS,siddi,567,12,22,0,14,28,24,5,12,2,30,0,0,0,0
SN,CS,siddi,568,13,22,0,14,27,24,4,13,2,30,0,0,0,0
SN,CS,siddi,569,12,23,0,14,28,25,4,13,1,29,0,0,0,0
SN,CS,siddi,570,13,23,0,15,25,25,4,14,1,29,0,0,0,0
SN,CS,siddi,571,13,23,0,14,25,26,5,13,1,29,0,0,0,0
SN,CS,siddi,572,13,23,0,14,25,26,4,13,1,30,0,0,0,0
SN,CS,siddi,573,13,23,0,14,26,27,4,12,1,29,0,0,0,0
SN,CS,siddi,574,12,23,0,13,27,29,4,11,1,29,0,0,0,0
SN,CS,siddi,575,12,23,0,12,29,29,4,10,1,29,0,0,0,0
SN,CS,siddi,576,13,23,0,12,27,30,4,10,1,29,0,0,0,0
SN,CS,siddi,577,13,23,0,13,25,31,4,10,1,29,0,0,0,0
SN,CS,siddi,578,12,24,0,11,27,30,4,12,0,29,0,0,0,0
SN,CS,siddi,579,12,24,0,12,28,28,4,12,1,29,0,0,0,0
SN,CS,siddi,580,12,24,0,12,27,27,5,12,1,30,0,0,0,0
SN,CS,siddi,581,11,24,0,12,28,26,6,12,1,30,0,0,0,0
SN,CS,siddi,582,11,24,0,13,27,26,7,11,1,30,0,0,0,0
SN,CS,siddi,583,12,24,0,12,28,25,7,11,1,30,0,0,0,0
SN,CS,siddi,584,12,24,0,14,27,26,6,10,1,30,0,0,0,0
SN,CS,siddi,585,12,24,0,12,28,27,6,10,1,30,0,0,0,0
SN,CS,siddi,586,12,24,0,12,28,27,7,9,1,30,0,0,0,0
SN,CS,siddi,587,12,24,0,11,30,25,7,10,1,30,0,0,0,0
SN,CS,siddi,588,11,24,0,12,29,26,8,9,1,30,0,0,0,0
SN,CS,siddi,589,11,24,0,13,30,27,7,8,1,29,0,0,0,0
SN,CS,siddi,590,10,24,0,12,32,28,6,8,1,29,0,0,0,0
SN,CS,siddi,591,9,24,0,12,33,27,6,9,1,29,0,0,0,0
SN,CS,siddi,592,8,24,0,12,32,27,7,10,1,29,0,0,0,0
SN,CS,siddi,593,8,24,0,12,34,26,7,9,1,29,0,0,0,0
SN,CS,siddi,594,10,24,0,12,33,26,7,8,1,29,0,0,0,0
SN,CS,siddi,595,9,24,0,11,34,28,7,7,1,29,0,0,0,0
SN,CS,siddi,596,9,24,0,12,33,29,6,7,1,29,0,0,0,0
SN,CS,siddi,597,10,24,0,12,32,30,6,7,1,28,0,0,0,0
SN,CS,siddi,598,10,24,0,12,31,29,7,8,1,28,0,0,0,0
SN,CS,siddi,599,10,24,0,12,31,28,8,8,1,28,0,0,0,0
SN,CS,siddi,600,10,24,0,12,30,29,8,8,1,28,0,0,0,0
SN,CS,siddi,601,9,24,0,12,31,29,8,8,1,28,0,0,0,0
SN,CS,siddi,602,9,23,0,12,34,28,8,8,1,27,0,0,1,0
SN,CS,siddi,603,10,23,0,12,32,28,9,8,1,27,0,0,1,0
SN,CS,siddi,604,10,24,0,11,32,27,10,8,0,28,0,0,1,0
SN,CS,siddi,605,10,24,0,10,33,29,9,8,0,27,0,0,1,0
SN,CS,siddi,606,10,24,0,10,34,29,8,8,0,26,0,0,1,0
SN,CS,siddi,607,10,23,1,10,33,29,8,8,0,25,0,0,1,0
SN,CS,siddi,608,10,23,1,9,33,29,9,8,0,25,0,0,1,0
SN,CS,siddi,609,11,23,1,8,32,28,10,8,0,26,0,0,1,0
SN,CS,siddi,610,11,23,1,9,32,27,10,8,0,26,0,0,1,0
SN,CS,siddi,611,10,23,1,9,34,28,9,8,0,25,0,0,1,0
SN,CS,siddi,612,10,23,1,9,34,29,9,7,0,25,0,0,1,0
SN,CS,siddi,613,11,23,1,9,33,29,8,7,0,26,0,0,1,0
SN,CS,siddi,614,12,23,1,7,33,30,8,7,0,26,0,0,1,0
SN,CS,siddi,615,14,22,1,7,31,30,8,7,1,26,0,0,1,0
SN,CS,siddi,616,14,22,1,7,31,31,8,7,1,25,0,0,1,0
SN,CS,siddi,617,16,22,1,8,31,29,7,7,1,25,0,0,1,0
SN,CS,siddi,618,15,22,1,9,31,29,7,7,1,25,0,0,1,0
SN,CS,siddi,619,13,22,1,9,31,28,7,8,1,27,0,0,1,0
SN,CS,siddi,620,14,22,1,9,31,26,7,9,1,27,0,0,1,0
SN,CS,siddi,621,14,22,1,9,32,24,8,9,1,27,0,0,1,0
SN,CS,siddi,622,13,22,1,9,34,23,8,9,1,27,0,0,1,0
SN,CS,siddi,623,12,22,1,9,35,24,7,9,1,27,0,0,1,0
SN,CS,siddi,624,12,22,1,9,33,25,7,9,1,28,0,0,1,0
SN,CS,siddi,625,11,22,1,9,34,24,7,9,1,29,0,0,1,0
SN,CS,siddi,626,12,22,1,10,33,23,7,9,1,29,0,0,1,0
SN,CS,siddi,627,11,23,1,10,30,26,7,8,1,30,0,0,0,0
SN,CS,siddi,628,11,23,1,10,31,28,6,6,1,30,0,0,0,0
SN,CS,siddi,629,12,23,1,10,31,29,5,6,1,29,0,0,0,0
SN,CS,siddi,630,14,22,1,10,30,28,5,6,2,29,0,0,0,0
SN,CS,siddi,631,14,22,1,9,29,28,5,7,2,31,0,0,0,0
SN,CS,siddi,632,14,23,0,9,31,29,4,6,2,32,0,0,0,0
SN,CS,siddi,633,13,23,0,10,30,31,3,6,2,32,0,0,0,0
SN,CS,siddi,634,12,23,0,11,31,32,2,6,2,31,0,0,0,0
SN,CS,siddi,635,13,23,0,12,30,30,2,7,2,31,0,0,0,0
SN,CS,siddi,636,14,23,0,12,29,29,3,7,2,31,0,0,0,0
SN,CS,siddi,637,16,23,0,12,28,27,3,8,2,31,0,0,0,0
SN,CS,siddi,638,15,23,0,11,30,27,4,8,2,30,0,0,0,0
SN,CS,siddi,639,14,23,0,11,30,26,5,9,2,30,0,0,0,0
SN,CS,siddi,640,12,24,0,12,29,25,6,10,1,31,0,0,0,0
SN,CS,siddi,641,12,24,0,12,29,26,6,9,1,31,0,0,0,0
SN,CS,siddi,642,10,24,0,11,31,28,6,8,1,31,0,0,0,0
SN,CS,siddi,643,10,24,0,10,31,28,6,9,1,31,0,0,0,0
SN,CS,siddi,644,10,24,0,11,30,29,6,9,1,30,0,0,0,0
SN,CS,siddi,645,10,23,0,11,30,28,6,9,2,31,0,0,0,0
SN,CS,siddi,646,11,23,0,10,29,29,6,9,2,31,0,0,0,0
SN,CS,siddi,647,11,23,0,10,27,29,6,10,2,32,0,0,0,0
SN,CS,siddi,648,12,23,0,12,25,28,6,10,2,32,0,0,0,0
SN,CS,siddi,649,12,23,0,12,27,28,5,10,2,31,0,0,0,0
SN,CS,siddi,650,12,23,0,13,25,28,5,12,2,30,0,0,0,0
SN,CS,siddi,651,12,23,0,12,25,28,5,12,2,31,0,0,0,0
SN,CS,siddi,652,12,23,0,11,27,25,5,14,2,31,0,0,0,0
SN,CS,siddi,653,11,23,0,12,26,24,6,15,2,31,0,0,0,0
SN,CS,siddi,654,10,23,0,12,27,24,6,15,2,31,0,0,0,0
SN,CS,siddi,655,9,24,0,12,26,24,6,15,1,33,0,0,0,0
SN,CS,siddi,656,9,24,0,12,26,26,6,14,1,32,0,0,0,0
SN,CS,siddi,657,11,24,0,11,25,25,6,15,1,32,0,0,0,0
SN,CS,siddi,658,11,24,0,10,27,23,6,16,1,32,0,0,0,0
SN,CS,siddi,659,12,24,0,8,27,23,6,17,1,32,0,0,0,0
SN,CS,siddi,660,11,24,0,6,28,24,6,17,1,33,0,0,0,0
SN,CS,siddi,661,11,24,0,6,27,23,7,18,1,33,0,0,0,0
SN,CS,siddi,662,9,24,0,7,28,24,7,17,1,33,0,0,0,0
SN,CS,siddi,663,9,24,0,7,28,24,6,18,1,33,0,0,0,0
SN,CS,siddi,664,10,24,0,7,28,24,5,18,1,33,0,0,0,0
SN,CS,siddi,665,11,24,0,6,31,24,4,17,1,32,0,0,0,0
SN,CS,siddi,666,12,24,0,6,31,23,4,17,1,32,0,0,0,0
SN,CS,siddi,667,13,24,0,7,30,22,4,17,1,32,0,0,0,0
SN,CS,siddi,668,13,24,0,7,30,22,4,17,1,32,0,0,0,0
SN,CS,siddi,669,14,24,0,6,31,23,4,16,1,31,0,0,0,0
SN,CS,siddi,670,14,25,0,6,31,25,4,15,0,30,0,0,0,0
SN,CS,siddi,671,14,24,0,7,33,25,5,16,0,30,0,1,0,0
SN,CS,siddi,672,14,24,0,8,33,24,5,16,0,30,0,1,0,0
SN,CS,siddi,673,13,24,0,6,35,26,5,15,0,30,0,1,0,0
SN,CS,siddi,674,15,24,0,6,34,25,5,15,0,30,0,1,0,0
SN,CS,siddi,675,15,24,0,5,35,24,6,15,0,30,0,1,0,0
SN,CS,siddi,676,16,24,0,5,34,25,6,15,0,29,0,1,0,0
SN,CS,siddi,677,16,24,0,6,34,26,6,13,0,29,0,1,0,0
SN,CS,siddi,678,16,24,0,5,37,26,5,12,0,29,0,1,0,0
SN,CS,siddi,679,17,24,0,6,35,26,5,12,0,29,0,1,0,0
SN,CS,siddi,680,16,24,0,6,35,27,6,12,0,28,0,1,0,0
SN,CS,siddi,681,16,24,0,6,34,26,7,12,0,29,0,1,0,0
SN,CS,siddi,682,14,24,0,7,34,28,7,11,0,29,0,1,0,0
SN,CS,siddi,683,14,24,0,8,33,29,7,10,0,29,0,1,0,0
SN,CS,siddi,684,13,24,0,9,32,31,7,9,0,29,0,1,0,0
SN,CS,siddi,685,14,24,0,9,33,31,7,8,0,28,0,1,0,0
SN,CS,siddi,686,14,24,0,9,35,32,5,7,0,28,0,1,0,0
SN,CS,siddi,687,14,23,0,8,35,32,6,7,1,28,0,1,0,0
SN,CS,siddi,688,14,23,0,9,34,33,6,6,1,28,0,1,0,0
SN,CS,siddi,689,13,22,0,9,34,33,7,5,2,29,0,1,0,0
SN,CS,siddi,690,14,22,0,9,32,33,7,6,2,29,0,1,0,0
SN,CS,siddi,691,14,22,0,9,32,33,7,6,2,29,0,1,0,0
SN,CS,siddi,692,15,22,0,9,34,33,9,6,2,29,0,1,0,0
SN,CS,siddi,693,15,22,0,10,32,35,9,5,2,29,0,1,0,0
SN,CS,siddi,694,14,22,0,10,32,34,10,5,2,30,0,1,0,0
SN,CS,siddi,695,14,22,0,10,32,33,10,6,2,30,0,1,0,0
SN,CS,siddi,696,14,23,0,9,31,31,8,6,2,31,0,0,0,0
SN,CS,siddi,697,14,23,0,8,30,33,9,6,2,30,0,0,0,0
SN,CS,siddi,698,15,23,0,9,29,31,9,7,2,30,0,0,0,0
SN,CS,siddi,699,14,23,0,10,29,31,9,7,2,30,0,0,0,0
SN,CS,siddi,700,14,23,0,11,29,32,8,5,2,31,0,0,0,0
SN,CS,siddi,701,12,22,0,12,30,31,8,5,3,32,0,0,0,0
SN,CS,siddi,702,13,22,0,11,28,31,9,5,3,33,0,0,0,0
SN,CS,siddi,703,13,22,0,11,26,32,10,5,3,33,0,0,0,0
SN,CS,siddi,704,12,22,0,11,25,32,10,6,3,34,0,0,0,0
SN,CS,siddi,705,13,22,0,12,25,31,9,7,3,33,0,0,0,0
SN,CS,siddi,706,13,22,0,12,25,32,8,8,3,32,0,0,0,0
SN,CS,siddi,707,13,22,0,11,25,31,9,8,3,33,0,0,0,0
SN,CS,siddi,708,13,22,0,10,26,29,9,10,3,33,0,0,0,0
SN,CS,siddi,709,13,22,0,11,27,27,9,10,3,33,0,0,0,0
SN,CS,siddi,710,12,22,0,12,25,28,10,10,3,33,0,0,0,0
SN,CS,siddi,711,12,22,0,12,25,27,10,11,3,33,0,0,0,0
SN,CS,siddi,712,12,23,0,13,23,27,9,12,2,34,0,0,0,0
SN,CS,siddi,713,12,23,0,12,24,25,10,12,2,35,0,0,0,0
SN,CS,siddi,714,13,24,0,12,24,26,9,12,1,34,0,0,0,0
SN,CS,siddi,715,13,23,0,12,23,26,10,12,2,34,0,0,0,0
SN,CS,siddi,716,12,23,0,12,23,26,10,13,2,34,0,0,0,0
SN,CS,siddi,717,11,23,0,11,20,27,8,14,2,34,0,0,0,0
SN,CS,siddi,718,11,23,0,10,22,25,8,15,2,34,0,0,0,0
SN,CS,siddi,719,11,23,0,11,22,26,7,15,2,33,0,0,0,0
SN,CS,siddi,720,10,22,0,11,21,27,8,14,3,34,0,0,0,0
SN,CS,siddi,721,10,22,0,13,20,27,8,13,3,34,0,0,0,0
SN,CS,siddi,722,11,22,0,14,20,27,7,12,3,34,0,0,0,0
SN,CS,siddi,723,11,22,0,13,20,29,7,11,3,34,0,0,0,0
SN,CS,siddi,724,10,22,0,13,20,29,8,11,3,34,0,0,0,0
SN,CS,siddi,725,10,22,0,12,21,30,8,11,3,33,0,0,0,0
SN,CS,siddi,726,11,23,0,11,22,29,8,12,2,32,0,0,0,0
SN,CS,siddi,727,11,22,0,11,24,29,7,12,3,31,0,0,0,0
SN,CS,siddi,728,12,22,0,11,25,28,6,12,3,31,0,0,0,0
SN,CS,siddi,729,14,22,0,10,26,28,6,11,3,30,0,0,0,0
SN,CS,siddi,730,14,21,0,9,30,27,6,11,3,29,0,0,1,0
SN,CS,siddi,731,15,20,0,9,31,26,6,10,4,29,0,0,1,0
SN,CS,siddi,732,17,19,1,10,34,27,7,13,4,27,0,0,1,0
SN,CS,siddi,733,17,18,1,11,35,27,8,11,4,26,0,0,1,0
SN,CS,siddi,734,17,17,2,10,34,26,9,12,4,25,0,0,1,0
SN,CS,siddi,735,18,17,2,10,35,24,8,13,4,25,0,0,1,0
SN,CS,siddi,736,18,17,2,10,33,27,8,12,4,25,0,0,1,0
SN,CS,siddi,737,19,17,2,9,34,26,8,12,4,25,0,0,1,0
SN,CS,siddi,738,20,17,2,9,33,26,7,13,4,25,0,0,1,0
SN,CS,siddi,739,20,17,2,9,34,24,7,14,4,25,0,0,1,0
SN,CS,siddi,740,19,18,2,9,37,24,6,13,3,25,0,0,1,0
SN,CS,siddi,741,19,18,2,9,37,24,6,13,3,25,0,0,1,0
SN,CS,siddi,742,18,18,2,10,39,22,6,13,3,25,0,0,1,0
SN,CS,siddi,743,18,18,2,10,38,23,6,12,3,26,0,0,1,0
SN,CS,siddi,744,19,18,2,9,38,21,6,14,3,26,0,0,1,0
SN,CS,siddi,745,19,19,2,9,39,21,5,14,2,26,0,0,1,0
SN,CS,siddi,746,20,19,2,7,40,21,5,15,2,25,0,0,1,0
SN,CS,siddi,747,19,19,2,7,42,20,5,15,2,25,0,0,1,0
SN,CS,siddi,748,18,19,2,9,41,18,6,16,2,25,0,0,1,0
SN,CS,siddi,749,18,19,2,9,41,18,5,17,2,25,0,0,1,0
SN,CS,siddi,750,20,19,2,9,39,17,5,17,2,26,0,0,1,0
SN,CS,siddi,751,20,19,2,10,38,18,5,16,2,26,0,0,1,0
SN,CS,siddi,752,19,20,2,10,39,17,5,17,1,26,0,0,1,0
SN,CS,siddi,753,18,20,2,11,38,17,6,17,1,26,0,0,1,0
SN,CS,siddi,754,16,20,2,11,39,17,6,18,1,26,0,0,1,0
SN,CS,siddi,755,15,21,2,12,36,17,7,18,1,27,0,0,0,0
SN,CS,siddi,756,15,22,2,12,34,18,7,19,0,27,0,0,0,0
SN,CS,siddi,757,13,23,1,11,32,18,5,16,0,28,0,0,0,0
SN,CS,siddi,758,16,23,1,10,29,18,4,17,1,29,0,0,0,0
SN,CS,siddi,759,16,24,0,9,31,18,3,18,1,30,0,0,0,0
SN,CS,siddi,760,17,24,0,8,31,19,3,17,1,30,0,0,0,0
SN,CS,siddi,761,18,23,0,9,32,16,3,17,2,30,0,0,0,0
SN,CS,siddi,762,18,23,0,9,33,17,3,16,2,29,0,0,0,0
SN,CS,siddi,763,17,23,0,9,34,18,3,16,2,28,0,0,0,0
SN,CS,siddi,764,17,23,0,9,34,18,3,16,2,28,0,0,0,0
SN,CS,siddi,765,16,23,0,10,32,18,3,18,2,28,0,0,0,0
SN,CS,siddi,766,18,23,0,10,30,19,3,17,2,28,0,0,0,0
SN,CS,siddi,767,19,23,0,9,29,19,3,18,2,28,0,0,0,0
SN,CS,siddi,768,19,23,0,9,28,17,4,20,2,28,0,0,0,0
SN,CS,siddi,769,19,23,0,10,28,17,4,19,2,28,0,0,0,0
SN,CS,siddi,770,19,23,0,10,30,16,4,19,2,27,0,0,0,0
SN,CS,siddi,771,17,22,0,10,32,17,4,18,3,27,0,0,0,0
SN,CS,siddi,772,17,21,0,9,32,17,4,19,4,27,0,0,0,0
SN,CS,siddi,773,18,21,0,7,32,18,4,18,4,28,0,0,0,0
SN,CS,siddi,774,19,21,0,6,33,18,4,17,4,28,0,0,0,0
SN,CS,siddi,775,17,21,0,6,35,17,5,18,4,27,0,0,0,0
SN,CS,siddi,776,17,21,0,5,34,19,5,18,4,27,0,0,0,0
SN,CS,siddi,777,17,21,0,5,33,20,6,17,4,27,0,0,0,0
SN,CS,siddi,778,18,21,0,5,33,19,5,18,4,27,0,0,0,0
SN,CS,siddi,779,18,21,0,5,33,19,6,17,4,27,0,0,0,0
SN,CS,siddi,780,19,21,0,4,32,21,6,16,4,27,0,0,0,0
SN,CS,siddi,781,18,21,0,5,33,20,6,16,4,27,0,0,0,0
SN,CS,siddi,782,18,21,0,5,33,18,7,17,4,27,0,0,0,0
SN,CS,siddi,783,15,22,0,5,35,19,8,16,3,27,0,0,0,0
SN,CS,siddi,784,16,22,0,5,35,20,8,14,3,27,0,0,0,0
SN,CS,siddi,785,15,22,0,6,35,19,8,15,3,27,0,0,0,0
SN,CS,siddi,786,14,23,0,5,34,19,10,16,2,27,0,0,0,0
SN,CS,siddi,787,14,23,0,5,34,18,10,17,2,27,0,0,0,0
SN,CS,siddi,788,14,23,0,5,34,17,10,18,2,27,0,0,0,0
SN,CS,siddi,789,13,23,0,7,32,17,11,18,2,27,0,0,0,0
SN,CS,siddi,790,14,23,0,6,32,19,11,16,2,27,0,0,0,0
SN,CS,siddi,791,13,23,0,6,33,17,11,17,2,28,0,0,0,0
SN,CS,siddi,792,12,23,0,6,34,18,11,16,2,28,0,0,0,0
SN,CS,siddi,793,12,23,0,6,37,19,10,14,2,27,0,0,0,0
SN,CS,siddi,794,11,23,0,5,36,21,11,14,2,27,0,0,0,0
SN,CS,siddi,795,11,23,0,5,34,21,12,15,2,27,0,0,0,0
SN,CS,siddi,796,11,24,0,5,33,22,12,15,1,27,0,0,0,0
SN,CS,siddi,797,11,25,0,5,32,22,12,15,0,28,0,0,0,0
SN,CS,siddi,798,10,25,0,6,34,22,11,15,0,27,0,0,0,0
SN,CS,siddi,799,9,25,0,6,34,22,11,16,0,27,0,0,0,0
SN,CS,siddi,800,10,25,0,7,33,23,10,15,0,27,0,0,0,0
SN,CS,siddi,801,9,25,0,7,34,21,10,16,0,28,0,0,0,0
SN,CS,siddi,802,9,25,0,7,34,20,9,17,0,29,0,0,0,0
SN,CS,siddi,803,8,25,0,6,35,21,10,16,0,29,0,0,0,0
SN,CS,siddi,804,8,25,0,8,33,22,9,16,0,29,0,0,0,0
SN,CS,siddi,805,7,25,0,8,34,22,9,16,0,29,0,0,0,0
SN,CS,siddi,806,7,25,0,8,34,22,10,15,0,29,0,0,0,0
SN,CS,siddi,807,7,25,0,8,34,22,10,15,0,29,0,0,0,0
SN,CS,siddi,808,8,25,0,8,32,22,10,15,0,30,0,0,0,0
SN,CS,siddi,809,7,25,0,9,32,22,10,15,0,30,0,0,0,0
SN,CS,siddi,810,8,25,0,8,32,22,10,15,0,30,0,0,0,0
SN,CS,siddi,811,7,25,0,8,32,25,8,14,0,31,0,0,0,0
SN,CS,siddi,812,7,25,0,8,31,26,8,14,0,31,0,0,0,0
SN,CS,siddi,813,8,25,0,8,30,28,8,12,0,31,0,0,0,0
SN,CS,siddi,814,9,25,0,7,30,28,7,12,0,32,0,0,0,0
SN,CS,siddi,815,9,24,1,7,32,27,7,12,0,32,2,0,0,0
SN,CS,siddi,816,8,23,1,8,33,27,8,12,1,30,2,0,0,0
SN,CS,siddi,817,9,22,1,9,31,27,8,12,1,31,2,1,0,0
SN,CS,siddi,818,10,21,1,9,31,26,9,12,1,30,2,1,0,0
SN,CS,siddi,819,11,20,1,9,33,25,8,12,1,29,3,1,0,0
SN,CS,siddi,820,12,19,1,9,35,24,7,12,1,28,3,1,0,0
SN,CS,siddi,821,14,18,1,10,34,24,7,12,1,28,3,1,1,0
SN,CS,siddi,822,15,18,1,11,33,23,7,13,1,27,4,1,1,0
SN,CS,siddi,823,18,17,1,13,34,23,9,16,1,26,4,1,1,0
SN,CS,siddi,824,18,17,1,15,34,22,9,15,1,25,4,1,1,0
SN,CS,siddi,825,17,16,2,15,33,21,10,16,1,24,4,1,1,0
SN,CS,siddi,826,21,15,2,15,32,22,11,16,2,22,4,1,1,0
SN,CS,siddi,827,21,14,2,15,34,23,11,15,2,21,7,1,1,0
SN,CS,siddi,828,24,13,2,18,35,26,10,15,2,22,7,1,1,1
SN,CS,siddi,829,31,12,3,20,43,32,16,19,2,30,11,1,1,1
SN,CS,siddi,830,38,11,3,22,48,33,17,23,2,29,11,1,1,1
SN,CS,siddi,831,51,10,3,27,58,42,23,30,2,35,14,1,1,1
SN,CS,siddi,832,54,9,3,28,59,45,24,32,2,36,17,1,1,2
SN,CS,siddi,833,57,8,3,33,61,47,24,32,3,35,19,1,1,2
SN,CS,siddi,834,72,7,3,47,75,69,36,42,4,52,26,1,1,2
SN,CS,siddi,835,72,6,3,48,75,70,37,41,4,52,26,1,2,2
SN,CS,siddi,836,72,6,3,48,77,68,38,41,4,51,26,1,2,2
SN,CS,siddi,837,72,6,3,49,77,68,38,40,4,51,26,1,2,2
SN,CS,siddi,838,71,6,3,49,77,67,38,41,4,52,26,1,2,2
SN,CS,siddi,839,71,6,3,48,78,68,38,41,4,51,26,1,2,2
SN,CS,siddi,840,70,7,2,48,78,68,38,41,4,51,24,1,2,2
SN,CS,siddi,841,70,8,2,47,79,69,37,40,3,52,24,1,2,2
SN,CS,siddi,842,70,9,2,46,80,69,37,40,3,51,24,0,2,2
SN,CS,siddi,843,69,10,2,48,78,69,36,41,3,52,24,0,2,2
SN,CS,siddi,844,69,10,2,48,77,69,36,41,4,53,23,0,2,2
SN,CS,siddi,845,71,11,2,49,74,69,36,40,4,54,23,0,2,2
SN,CS,siddi,846,69,12,2,48,74,68,36,41,4,55,23,0,1,2
SN,CS,siddi,847,68,11,2,47,76,70,36,39,5,55,22,0,1,2
SN,CS,siddi,848,65,12,2,45,74,70,34,37,5,56,22,0,1,2
SN,CS,siddi,849,65,12,2,43,72,73,35,37,5,57,22,0,1,2
SN,CS,siddi,850,66,13,1,42,73,73,34,38,5,58,22,0,1,2
SN,CS,siddi,851,63,13,1,43,74,71,33,38,5,59,22,0,1,2
SN,CS,siddi,852,64,14,1,43,70,71,34,39,5,59,19,0,1,2
SN,CS,siddi,853,63,15,1,40,67,69,34,39,5,58,19,0,1,1
SN,CS,siddi,854,56,16,0,36,59,63,28,36,5,51,15,0,1,1
SN,CS,siddi,855,49,17,0,36,54,61,26,32,5,52,15,0,1,1
SN,CS,siddi,856,39,18,0,30,43,52,19,25,5,46,12,0,1,1
SN,CS,siddi,857,36,19,0,31,40,50,17,23,5,45,9,0,1,0
SN,CS,siddi,858,33,20,0,27,38,49,16,23,4,45,7,0,1,0
SN,CS,siddi,859,19,21,0,12,24,27,4,13,3,28,0,0,1,0
SN,CS,siddi,860,17,22,0,12,23,28,3,14,3,28,0,0,0,0
SN,CS,siddi,861,17,22,0,13,22,28,2,15,3,28,0,0,0,0
SN,CS,siddi,862,16,22,0,13,21,27,3,16,3,29,0,0,0,0
SN,CS,siddi,863,17,22,0,13,22,26,3,15,3,29,0,0,0,0
SN,CS,siddi,864,17,22,0,13,22,26,3,15,3,29,0,0,0,0
SN,CS,siddi,865,17,22,0,14,20,27,3,15,3,29,0,0,0,0
SN,CS,siddi,866,17,21,0,15,18,27,3,15,4,30,0,0,0,0
SN,CS,siddi,867,16,21,0,15,18,28,4,14,4,30,0,0,0,0
SN,CS,siddi,868,18,21,0,15,17,28,4,13,4,30,0,0,0,0
SN,CS,siddi,869,17,22,0,16,18,28,4,12,3,30,0,0,0,0
SN,CS,siddi,870,14,22,0,15,20,29,4,13,3,30,0,0,0,0
SN,CS,siddi,871,14,21,0,15,21,29,4,12,4,30,0,0,0,0
SN,CS,siddi,872,16,22,0,16,20,27,4,12,3,30,0,0,0,0
SN,CS,siddi,873,16,22,0,15,21,27,4,12,3,30,0,0,0,0
SN,CS,siddi,874,16,22,0,16,23,25,3,12,3,30,0,0,0,0
SN,CS,siddi,875,17,22,0,16,24,25,3,10,3,30,0,0,0,0
SN,CS,siddi,876,16,23,0,16,24,25,4,9,2,31,0,0,0,0
SN,CS,siddi,877,16,23,0,16,24,25,4,9,2,31,0,0,0,0
SN,CS,siddi,878,14,23,0,16,25,24,5,9,2,32,0,0,0,0
SN,CS,siddi,879,14,23,0,16,26,24,6,8,2,31,0,0,0,0
SN,CS,siddi,880,16,23,0,14,26,24,6,8,2,31,0,0,0,0
SN,CS,siddi,881,14,23,0,14,27,25,6,8,2,31,0,0,0,0
SN,CS,siddi,882,14,23,0,12,28,27,6,7,2,31,0,0,0,0
SN,CS,siddi,883,14,23,0,11,30,26,6,7,2,31,0,0,0,0
SN,CS,siddi,884,13,22,0,12,30,26,6,7,3,31,0,0,0,0
SN,CS,siddi,885,14,22,0,12,30,25,6,7,3,31,0,0,0,0
SN,CS,siddi,886,14,22,0,11,30,26,7,6,3,31,0,0,0,0
SN,CS,siddi,887,16,22,0,10,31,27,6,5,3,30,0,0,0,0
SN,CS,siddi,888,16,22,0,12,29,27,6,6,3,29,0,0,0,0
SN,CS,siddi,889,15,22,0,12,30,28,6,5,3,29,0,0,0,0
SN,CS,siddi,890,17,22,0,12,30,26,6,5,3,29,0,0,0,0
SN,CS,siddi,891,17,23,0,12,31,26,6,5,2,28,0,0,0,0
SN,CS,siddi,892,17,23,0,12,33,24,5,6,2,28,0,0,0,0
SN,CS,siddi,893,15,23,0,11,34,26,5,6,2,28,0,0,0,0
SN,CS,siddi,894,15,23,0,11,33,27,5,6,2,28,0,0,0,0
SN,CS,siddi,895,15,23,0,12,32,28,5,5,2,28,0,0,0,0
SN,CS,siddi,896,16,24,0,12,31,28,5,6,1,27,0,0,0,0
SN,CS,siddi,897,15,24,0,11,32,28,5,7,1,27,0,0,0,0
SN,CS,siddi,898,16,24,0,11,30,29,5,6,1,28,0,0,0,0
SN,CS,siddi,899,16,24,0,10,29,30,5,6,1,29,0,0,0,0
SN,CS,siddi,900,14,24,0,10,30,30,5,7,1,29,0,0,0,0
SN,CS,siddi,901,14,24,0,9,31,31,5,7,1,28,0,0,0,0
SN,CS,siddi,902,13,24,0,9,33,31,4,7,1,28,0,0,0,0
SN,CS,siddi,903,13,24,0,9,34,31,3,8,1,27,0,0,0,0
SN,CS,siddi,904,13,24,0,9,35,31,2,8,1,27,0,0,0,0
SN,CS,siddi,905,11,24,0,10,36,31,2,8,1,27,0,0,0,0
SN,CS,siddi,906,11,24,0,11,35,30,2,8,1,28,0,0,0,0
SN,CS,siddi,907,12,24,0,11,36,28,2,8,1,28,0,0,0,0
SN,CS,siddi,908,11,23,0,11,37,27,2,9,2,28,0,0,0,0
SN,CS,siddi,909,11,24,0,10,37,27,2,10,1,28,0,0,0,0
SN,CS,siddi,910,11,24,0,9,38,27,2,10,1,28,0,0,0,0
SN,CS,siddi,911,11,24,0,9,38,25,1,12,1,29,0,0,0,0
SN,CS,siddi,912,10,24,0,9,39,25,1,12,1,29,0,0,0,0
SN,CS,siddi,913,9,24,0,7,41,27,1,11,1,29,0,0,0,0
SN,CS,siddi,914,9,23,0,7,41,26,1,12,2,29,0,0,0,0
SN,CS,siddi,915,8,23,0,8,40,26,1,13,2,29,0,0,0,0
SN,CS,siddi,916,8,22,0,7,41,26,1,13,3,29,0,0,0,0
SN,CS,siddi,917,10,21,0,7,41,27,2,13,3,30,0,0,1,0
SN,CS,siddi,918,10,21,0,6,41,27,2,13,3,31,0,0,1,0
SN,CS,siddi,919,11,21,0,5,41,25,3,14,3,31,0,0,1,0
SN,CS,siddi,920,12,21,0,4,42,24,3,14,3,31,0,0,1,0
SN,CS,siddi,921,13,21,0,4,42,24,3,13,3,31,0,0,1,0
SN,CS,siddi,922,12,21,0,5,41,25,3,12,3,32,0,0,1,0
SN,CS,siddi,923,12,21,0,5,41,24,5,12,3,31,0,0,1,0
SN,CS,siddi,924,13,21,0,5,40,25,5,12,3,30,0,0,1,0
SN,CS,siddi,925,13,21,0,5,38,27,5,11,3,31,0,0,1,0
SN,CS,siddi,926,14,21,0,6,36,26,5,11,3,32,0,0,1,0
SN,CS,siddi,927,14,21,0,8,34,27,5,10,3,32,0,0,1,0
SN,CS,siddi,928,15,21,0,8,32,27,5,10,3,33,0,0,1,0
SN,CS,siddi,929,16,20,0,8,31,26,5,11,4,33,0,0,1,0
SN,CS,siddi,930,16,19,0,7,31,26,5,11,5,34,0,0,1,0
SN,CS,siddi,931,16,19,0,6,32,26,6,11,5,33,0,0,1,0
SN,CS,siddi,932,15,18,0,7,30,26,7,11,6,34,0,0,1,0
SN,CS,siddi,933,15,19,0,7,28,28,7,11,5,34,0,0,1,0
SN,CS,siddi,934,17,19,0,7,27,27,7,11,5,34,0,0,1,0
SN,CS,siddi,935,18,19,0,8,27,26,7,10,5,34,0,0,1,0
SN,CS,siddi,936,19,19,0,8,28,27,7,8,5,33,0,0,1,0
SN,CS,siddi,937,19,19,0,9,26,28,7,8,5,33,0,0,1,0
SN,CS,siddi,938,19,19,0,9,25,29,7,8,5,33,0,0,1,0
SN,CS,siddi,939,19,20,0,9,25,29,7,7,4,34,0,0,1,0
SN,CS,siddi,940,19,20,0,7,26,30,7,7,4,34,0,0,1,0
SN,CS,siddi,941,20,21,0,7,24,29,7,8,3,35,0,0,1,0
SN,CS,siddi,942,20,22,0,7,22,29,6,7,3,34,0,0,0,0
SN,CS,siddi,943,21,22,0,7,23,28,6,7,3,33,0,0,0,0
SN,CS,siddi,944,20,21,0,8,22,30,5,7,4,33,0,0,0,0
SN,CS,siddi,945,19,21,0,8,21,32,5,7,4,33,0,0,0,0
SN,CS,siddi,946,18,20,0,8,21,32,5,8,5,33,0,0,0,0
SN,CS,siddi,947,20,20,0,8,20,32,5,8,5,32,0,0,0,0
SN,CS,siddi,948,20,20,0,9,20,33,3,8,5,32,0,0,0,0
SN,CS,siddi,949,19,19,0,9,23,31,3,8,6,32,0,0,0,0
SN,CS,siddi,950,21,19,0,9,23,29,3,8,6,32,0,0,0,0
SN,CS,siddi,951,20,19,0,8,24,32,2,8,6,31,0,0,0,0
SN,CS,siddi,952,20,19,0,6,27,31,2,8,6,31,0,0,0,0
SN,CS,siddi,953,19,19,0,7,27,30,3,8,6,31,0,0,0,0
SN,CS,siddi,954,20,20,0,7,27,29,3,8,5,31,0,0,0,0
SN,CS,siddi,955,21,21,0,7,26,30,3,8,4,30,0,0,0,0
SN,CS,siddi,956,20,21,0,9,26,30,2,8,4,30,0,0,0,0
SN,CS,siddi,957,20,22,0,10,26,30,1,9,3,29,0,0,0,0
SN,CS,siddi,958,20,22,0,10,27,29,1,8,3,30,0,0,0,0
SN,CS,siddi,959,18,22,0,11,27,31,1,7,3,30,0,0,0,0
SN,CS,siddi,960,16,22,0,10,27,34,1,7,3,30,0,0,0,0
SN,CS,siddi,961,17,22,0,10,25,33,1,9,3,30,0,0,0,0
SN,CS,siddi,962,16,22,0,11,25,33,1,9,3,30,0,0,0,0
SN,CS,siddi,963,17,22,0,12,25,30,1,9,3,31,0,0,0,0
SN,CS,siddi,964,17,22,0,12,24,31,1,9,3,31,0,0,0,0
SN,CS,siddi,965,16,22,0,12,25,31,1,9,3,31,0,0,0,0
SN,CS,siddi,966,16,22,0,12,25,33,1,8,3,30,0,0,0,0
SN,CS,siddi,967,16,22,0,12,24,33,1,9,3,30,0,0,0,0
SN,CS,siddi,968,15,22,0,12,24,33,2,9,3,30,0,0,0,0
SN,CS,siddi,969,16,23,0,11,26,31,2,9,2,30,0,0,0,0
SN,CS,siddi,970,16,23,0,12,25,29,3,10,2,30,0,0,0,0
SN,CS,siddi,971,17,24,0,13,24,29,3,9,1,30,0,0,0,0
SN,CS,siddi,972,15,24,0,13,26,29,3,9,1,30,0,0,0,0
SN,CS,siddi,973,15,24,0,13,26,28,3,10,1,30,0,0,0,0
SN,CS,siddi,974,15,25,0,14,25,28,3,10,0,30,0,0,0,0
SN,CS,siddi,975,14,25,0,14,26,29,3,10,0,29,0,0,0,0
SN,CS,siddi,976,14,25,0,14,27,27,3,11,0,29,0,0,0,0
SN,CS,siddi,977,16,25,0,14,25,27,3,11,0,29,0,0,0,0
SN,CS,siddi,978,17,25,0,14,25,28,2,10,0,29,0,0,0,0
SN,CS,siddi,979,15,24,0,14,26,29,2,9,1,30,0,0,0,0
SN,CS,siddi,980,14,24,0,14,27,28,2,9,1,31,0,0,0,0
SN,CS,siddi,981,14,24,0,13,27,28,2,10,1,31,0,0,0,0
SN,CS,siddi,982,14,24,0,11,28,28,3,10,1,31,0,0,0,0
SN,CS,siddi,983,14,24,0,11,27,28,4,11,1,30,0,0,0,0
SN,CS,siddi,984,16,24,0,10,27,26,5,11,1,30,0,0,0,0
SN,CS,siddi,985,16,24,0,11,26,25,5,12,1,30,0,0,0,0
SN,CS,siddi,986,14,24,0,11,29,26,5,10,1,30,0,0,0,0
SN,CS,siddi,987,15,24,0,9,31,25,5,10,1,30,0,0,0,0
SN,CS,siddi,988,14,24,0,9,30,28,5,10,1,29,0,0,0,0
SN,CS,siddi,989,16,24,0,9,31,26,5,10,1,28,0,0,0,0
SN,CS,siddi,990,18,24,0,9,30,26,5,9,1,28,0,0,0,0
SN,CS,siddi,991,19,24,0,9,30,25,5,9,1,28,0,0,0,0
SN,CS,siddi,992,17,24,0,9,33,25,5,8,1,28,0,0,0,0
SN,CS,siddi,993,17,24,0,9,33,24,5,9,1,28,0,0,0,0
SN,CS,siddi,994,17,24,0,10,32,24,5,9,1,28,0,0,0,0
SN,CS,siddi,995,17,23,0,10,33,25,4,8,2,28,0,0,0,0
SN,CS,siddi,996,16,23,0,9,34,25,4,9,2,28,0,0,0,0
SN,CS,siddi,997,17,23,0,9,32,26,4,9,2,28,0,0,0,0
SN,CS,siddi,998,17,23,0,9,32,27,4,8,2,28,0,0,0,0
SN,CS,siddi,999,17,23,0,8,32,28,4,8,2,28,0,0,0,0
SN,CS,siddi,1000,17,23,0,8,32,27,4,9,2,28,0,0,0,0
SN,CS,siddi,1001,17,23,0,8,31,27,5,9,2,28,0,0,0,0
SN,CS,siddi,1002,15,23,0,8,31,28,5,9,2,29,0,0,0,0
SN,CS,siddi,1003,14,23,0,8,32,28,5,10,2,28,0,0,0,0
SN,CS,siddi,1004,14,24,0,8,31,29,5,10,1,28,0,0,0,0
SN,CS,siddi,1005,15,24,0,8,30,30,5,10,1,27,0,0,0,0
SN,CS,siddi,1006,15,24,0,7,30,31,5,10,1,27,0,0,0,0
SN,CS,siddi,1007,15,24,0,8,29,32,5,9,1,27,0,0,0,0
SN,CS,siddi,1008,15,24,0,8,29,33,5,8,1,27,0,0,0,0
SN,CS,siddi,1009,14,24,0,8,29,34,5,8,1,27,0,0,0,0
SN,CS,siddi,1010,15,24,0,8,29,33,5,7,1,28,0,0,0,0
SN,CS,siddi,1011,15,24,0,8,28,33,6,7,1,28,0,0,0,0
SN,CS,siddi,1012,14,24,0,10,27,32,6,8,1,28,0,0,0,0
SN,CS,siddi,1013,14,24,0,9,29,31,6,8,1,28,0,0,0,0
SN,CS,siddi,1014,12,23,0,10,29,32,6,8,2,28,0,0,0,0
SN,CS,siddi,1015,10,23,0,11,29,31,7,9,2,28,0,0,0,0
SN,CS,siddi,1016,8,22,0,11,30,30,7,10,3,29,0,0,0,0
SN,CS,siddi,1017,8,22,0,12,29,30,7,10,3,29,0,0,0,0
SN,CS,siddi,1018,9,22,0,12,27,30,6,11,3,30,0,0,0,0
SN,CS,siddi,1019,8,21,0,12,27,31,6,11,4,30,0,0,0,0
SN,CS,siddi,1020,8,22,0,11,27,31,6,12,3,30,0,0,0,0
SN,CS,siddi,1021,8,22,0,11,28,31,6,11,3,30,0,0,0,0
SN,CS,siddi,1022,8,22,0,10,28,31,7,11,3,30,0,0,0,0
SN,CS,siddi,1023,7,21,0,10,29,30,7,12,4,30,0,0,0,0
SN,CS,siddi,1024,8,21,0,11,27,30,7,12,4,30,0,0,0,0
SN,CS,siddi,1025,8,20,0,11,27,31,7,11,5,30,0,0,0,0
SN,CS,siddi,1026,8,20,0,11,29,31,6,10,5,30,0,0,0,0
SN,CS,siddi,1027,8,20,0,12,29,30,7,10,5,29,0,0,0,0
SN,CS,siddi,1028,9,20,0,11,28,31,8,9,5,29,0,0,0,0
SN,CS,siddi,1029,10,20,0,12,27,30,9,9,5,28,0,0,0,0
SN,CS,siddi,1030,10,20,0,12,26,30,9,9,5,29,0,0,0,0
SN,CS,siddi,1031,10,19,0,12,26,30,9,9,6,29,0,0,0,0
SN,CS,siddi,1032,11,18,0,11,27,29,8,10,7,29,0,0,0,0
SN,CS,siddi,1033,11,18,0,12,27,27,7,11,7,30,0,0,0,0
SN,CS,siddi,1034,11,18,0,13,26,26,7,12,7,30,0,0,0,0
SN,CS,siddi,1035,10,18,0,13,27,26,7,12,7,30,0,0,0,0
SN,CS,siddi,1036,10,18,0,14,26,25,7,13,7,30,0,0,0,0
SN,CS,siddi,1037,11,18,0,13,26,25,7,13,7,30,0,0,0,0
SN,CS,siddi,1038,12,18,0,13,25,23,7,14,7,31,0,0,0,0
SN,CS,siddi,1039,12,19,0,13,25,23,7,14,6,31,0,0,0,0
SN,CS,siddi,1040,12,19,0,14,25,24,6,13,6,31,0,0,0,0
SN,CS,siddi,1041,13,20,0,14,24,26,6,12,5,30,0,0,0,0
SN,CS,siddi,1042,13,20,0,13,25,25,6,13,5,30,0,0,0,0
SN,CS,siddi,1043,14,19,0,13,26,26,6,11,6,29,0,0,0,0
SN,CS,siddi,1044,15,20,0,12,27,26,6,10,5,29,0,0,0,0
SN,CS,siddi,1045,17,20,0,12,26,25,6,10,5,29,0,0,0,0
SN,CS,siddi,1046,17,20,0,12,26,25,6,10,5,29,0,0,0,0
SN,CS,siddi,1047,17,19,0,13,26,24,5,11,6,29,0,0,0,0
SN,CS,siddi,1048,18,20,0,13,26,24,5,10,5,29,0,0,0,0
SN,CS,siddi,1049,18,20,0,13,26,24,5,10,5,29,0,0,0,0
SN,CS,siddi,1050,18,21,0,14,24,24,6,11,4,28,0,0,0,0
SN,CS,siddi,1051,18,21,0,14,23,24,7,11,4,28,0,0,0,0
SN,CS,siddi,1052,19,21,0,15,22,24,6,11,4,28,0,0,0,0
SN,CS,siddi,1053,22,20,0,15,23,22,5,12,4,27,0,1,0,0
SN,CS,siddi,1054,21,20,0,15,23,24,4,12,4,27,0,1,0,0
SN,CS,siddi,1055,21,20,0,15,23,23,4,14,4,26,0,1,0,0
SN,CS,siddi,1056,21,21,0,15,25,22,4,13,3,26,0,1,0,0
SN,CS,siddi,1057,20,21,1,16,25,22,4,12,2,25,0,1,0,0
SN,CS,siddi,1058,20,20,1,16,24,22,5,12,2,23,0,1,0,1
SN,CS,siddi,1059,19,19,1,16,27,23,4,11,3,22,0,1,0,1
SN,CS,siddi,1060,20,18,1,16,27,22,5,11,3,21,0,1,1,1
SN,CS,siddi,1061,22,17,1,16,28,24,4,11,3,23,0,1,1,2
SN,CS,siddi,1062,21,17,1,17,28,25,5,10,3,22,1,1,1,2
SN,CS,siddi,1063,22,16,1,17,27,25,8,9,3,21,1,1,1,2
SN,CS,siddi,1064,23,16,1,18,25,25,10,9,3,20,1,1,1,2
SN,CS,siddi,1065,24,15,2,16,26,25,11,9,3,19,1,1,1,2
SN,CS,siddi,1066,23,15,2,16,27,23,13,10,3,19,1,1,1,2
SN,CS,siddi,1067,24,14,2,17,24,24,14,9,3,19,1,1,1,3
SN,CS,siddi,1068,22,14,2,18,24,24,15,10,3,19,1,1,1,3
SN,CS,siddi,1069,21,13,2,18,23,24,15,13,3,19,1,1,1,3
SN,CS,siddi,1070,20,12,3,18,25,24,15,12,3,19,1,1,1,3
SN,CS,siddi,1071,20,11,3,19,24,23,17,12,3,18,2,1,1,3
SN,CS,siddi,1072,19,11,3,19,27,23,17,11,3,17,2,1,1,3
SN,CS,siddi,1073,19,11,3,18,28,22,17,13,3,16,2,1,1,3
SN,CS,siddi,1074,20,10,3,17,29,21,18,13,3,16,2,1,1,3
SN,CS,siddi,1075,21,10,3,18,29,21,17,12,3,16,2,1,1,3
SN,CS,siddi,1076,21,9,3,18,29,20,16,14,3,16,3,1,1,3
SN,CS,siddi,1077,22,8,3,18,29,20,16,14,4,15,3,1,1,3
SN,CS,siddi,1078,19,8,3,19,29,21,16,13,4,15,5,0,1,3
SN,CS,siddi,1079,20,7,3,19,29,20,17,13,4,14,6,0,1,3
SN,CS,siddi,1080,20,6,4,19,31,21,17,11,4,13,6,0,1,3
SN,CS,siddi,1081,20,5,5,19,30,20,18,12,4,12,7,0,1,3
SN,CS,siddi,1082,20,5,5,18,30,20,18,14,4,13,8,0,1,3
SN,CS,siddi,1083,21,5,5,18,30,22,17,13,4,14,8,0,2,2
SN,CS,siddi,1084,22,5,6,17,29,22,17,13,3,15,8,0,2,2
SN,CS,siddi,1085,22,5,6,16,29,23,17,13,3,14,9,0,1,3
SN,CS,siddi,1086,21,6,6,16,27,21,18,14,3,12,10,0,1,2
SN,CS,siddi,1087,21,5,6,15,27,20,21,14,3,12,9,0,1,2
SN,CS,siddi,1088,20,6,6,15,29,21,18,14,3,12,9,0,1,2
SN,CS,siddi,1089,20,5,6,13,31,20,16,15,4,13,9,0,1,2
SN,CS,siddi,1090,20,6,5,13,32,19,15,15,4,14,9,0,1,2
SN,CS,siddi,1091,22,6,5,13,31,20,13,14,4,14,9,0,1,2
SN,CS,siddi,1092,22,7,5,12,33,19,12,14,4,15,9,0,1,1
SN,CS,siddi,1093,23,8,5,11,33,18,11,14,3,16,9,0,1,1
SN,CS,siddi,1094,23,9,5,12,32,17,12,13,3,16,9,0,1,1
SN,CS,siddi,1095,24,10,4,12,31,17,12,13,3,16,9,0,1,1
SN,CS,siddi,1096,23,11,4,11,32,19,10,13,3,17,8,0,1,1
SN,CS,siddi,1097,24,12,4,11,30,18,10,13,2,19,8,0,1,1
SN,CS,siddi,1098,24,12,4,11,29,20,10,11,2,20,8,0,1,1
SN,CS,siddi,1099,22,13,4,12,29,19,9,12,2,21,8,0,1,1
SN,CS,siddi,1100,21,12,4,10,31,19,9,12,3,22,8,0,1,1
SN,CS,siddi,1101,21,13,4,10,32,20,9,10,3,22,7,0,1,1
SN,CS,siddi,1102,19,14,4,8,32,21,10,11,2,23,7,0,1,1
SN,CS,siddi,1103,19,14,4,7,33,20,10,12,3,24,5,0,1,1
SN,CS,siddi,1104,18,15,4,8,33,20,9,12,3,25,4,0,1,1
SN,CS,siddi,1105,18,15,3,8,32,20,9,12,4,26,4,0,1,1
SN,CS,siddi,1106,18,16,2,8,32,21,9,11,4,27,3,0,1,1
SN,CS,siddi,1107,19,17,1,8,32,20,10,10,4,27,2,0,1,1
SN,CS,siddi,1108,18,18,1,8,34,19,10,10,4,27,2,0,0,1
SN,CS,siddi,1109,17,19,0,9,33,18,11,11,4,27,2,0,0,1
SN,CS,siddi,1110,17,20,0,9,33,19,10,11,4,28,1,0,0,0
SN,CS,siddi,1111,16,20,0,8,34,21,9,10,4,28,0,0,0,0
SN,CS,siddi,1112,16,21,0,8,34,23,5,10,4,29,0,0,0,0
SN,CS,siddi,1113,16,21,0,8,33,23,5,11,4,29,0,0,0,0
SN,CS,siddi,1114,15,22,0,10,31,24,6,10,3,29,0,0,0,0
SN,CS,siddi,1115,14,22,0,12,28,25,7,10,3,29,0,0,0,0
SN,CS,siddi,1116,14,22,0,13,27,25,7,10,3,29,0,0,0,0
SN,CS,siddi,1117,13,22,0,13,25,27,7,11,3,29,0,0,0,0
SN,CS,siddi,1118,13,22,0,13,24,28,7,11,3,29,0,0,0,0
SN,CS,siddi,1119,14,22,0,12,26,28,6,10,3,29,0,0,0,0
SN,CS,siddi,1120,12,22,0,13,25,29,7,10,3,29,0,0,0,0
SN,CS,siddi,1121,14,22,0,14,23,27,8,10,3,29,0,0,0,0
SN,CS,siddi,1122,13,22,0,13,24,28,8,11,3,28,0,0,0,0
SN,CS,siddi,1123,13,22,0,13,24,27,9,11,3,28,0,0,0,0
SN,CS,siddi,1124,13,22,0,13,25,27,9,11,3,27,0,0,0,0
SN,CS,siddi,1125,13,22,0,13,24,27,9,11,3,28,0,0,0,0
SN,CS,siddi,1126,15,22,0,13,21,28,9,11,3,28,0,0,0,0
SN,CS,siddi,1127,15,22,0,13,23,27,9,10,3,28,0,0,0,0
SN,CS,siddi,1128,14,23,0,13,22,29,10,9,2,28,0,0,0,0
SN,CS,siddi,1129,14,23,0,12,23,28,10,10,2,28,0,0,0,0
SN,CS,siddi,1130,15,24,0,12,23,26,10,11,1,28,0,0,0,0
SN,CS,siddi,1131,15,24,0,12,23,26,9,11,1,29,0,0,0,0
SN,CS,siddi,1132,16,24,0,13,22,26,9,10,1,29,0,0,0,0
SN,CS,siddi,1133,16,24,0,12,21,26,9,11,1,30,0,0,0,0
SN,CS,siddi,1134,16,24,0,11,20,27,9,10,1,32,0,0,0,0
SN,CS,siddi,1135,15,24,0,11,22,25,9,11,1,32,0,0,0,0
SN,CS,siddi,1136,15,24,0,11,23,23,9,11,1,33,0,0,0,0
SN,CS,siddi,1137,16,24,0,10,24,21,9,12,1,33,0,0,0,0
SN,CS,siddi,1138,17,24,0,10,24,21,9,11,1,33,0,0,0,0
SN,CS,siddi,1139,18,24,0,9,24,22,8,11,1,33,0,0,0,0
SN,CS,siddi,1140,18,24,0,7,25,23,8,11,1,33,0,0,0,0
SN,CS,siddi,1141,17,23,0,6,27,22,8,11,2,34,0,0,0,0
SN,CS,siddi,1142,17,22,0,6,29,22,8,10,3,33,0,0,0,0
SN,CS,siddi,1143,16,22,0,7,31,22,8,9,3,32,0,0,0,0
SN,CS,siddi,1144,15,22,0,7,31,23,8,9,3,32,0,0,0,0
SN,CS,siddi,1145,15,21,0,7,33,23,7,9,3,32,0,0,1,0
SN,CS,siddi,1146,14,21,0,6,35,23,6,10,3,32,0,0,1,0
SN,CS,siddi,1147,15,21,0,8,33,23,6,9,3,32,0,0,1,0
SN,CS,siddi,1148,14,21,0,8,34,24,5,9,3,32,0,0,1,0
SN,CS,siddi,1149,15,21,0,7,34,25,5,8,3,32,0,0,1,0
SN,CS,siddi,1150,14,22,0,7,34,25,5,9,2,32,0,0,1,0
SN,CS,siddi,1151,14,21,0,8,38,24,7,12,2,31,1,0,1,0
SN,CS,siddi,1152,14,21,0,9,38,23,6,13,2,30,1,0,1,0
SN,CS,siddi,1153,14,20,1,10,37,21,6,14,2,29,1,0,1,0
SN,CS,siddi,1154,15,19,1,9,36,21,7,15,2,30,1,0,1,0
SN,CS,siddi,1155,14,18,1,9,35,22,8,16,2,31,1,0,1,0
SN,CS,siddi,1156,15,17,1,9,33,22,9,18,2,31,1,0,1,0
SN,CS,siddi,1157,14,16,1,8,33,22,10,20,2,32,1,0,1,0
SN,CS,siddi,1158,15,15,1,8,32,22,11,21,2,32,1,0,1,0
SN,CS,siddi,1159,16,14,1,8,32,22,11,23,2,31,1,0,1,0
SN,CS,siddi,1160,17,13,1,8,29,23,12,24,2,32,1,0,1,0
SN,CS,siddi,1161,18,12,1,8,27,24,13,25,2,32,1,0,1,0
SN,CS,siddi,1162,18,11,1,8,25,24,15,26,2,33,1,0,1,0
SN,CS,siddi,1163,17,10,1,8,24,24,16,28,2,34,1,0,1,0
SN,CS,siddi,1164,17,9,1,7,24,22,18,30,2,35,1,0,1,0
SN,CS,siddi,1165,18,8,1,7,23,21,18,32,2,36,1,0,1,0
SN,CS,siddi,1166,18,8,1,7,21,21,20,34,1,36,1,0,1,0
SN,CS,siddi,1167,19,8,1,7,19,19,22,36,0,37,1,0,1,0
SN,CS,siddi,1168,20,7,1,6,17,19,23,38,0,38,1,0,1,0
SN,CS,siddi,1169,21,6,1,6,15,19,24,39,0,39,1,0,1,0
SN,CS,siddi,1170,22,6,1,5,13,18,25,41,0,40,1,0,0,0
SN,CS,siddi,1171,22,5,1,5,11,19,26,42,0,41,1,0,0,0
SN,CS,siddi,1172,22,4,1,3,11,19,27,44,0,42,1,0,0,0
SN,CS,siddi,1173,23,3,1,3,9,17,29,46,0,43,1,0,0,0
SN,CS,siddi,1174,23,2,1,3,7,16,31,48,0,44,1,0,0,0
SN,CS,siddi,1175,24,1,1,3,6,16,32,49,0,44,1,0,0,0
SN,CS,siddi,1176,23,1,1,2,2,15,32,48,0,46,0,0,0,0
SN,CS,siddi,1177,24,0,1,1,0,15,34,49,0,48,0,0,0,0
SN,CS,siddi,1178,25,0,0,0,0,16,34,50,0,50,0,0,0,0
SN,CS,siddi,1179,25,0,0,0,0,16,34,50,0,50,0,0,0,0
SN,CS,siddi,1180,24,1,0,0,1,16,34,49,0,50,1,0,0,0
SN,CS,siddi,1181,23,2,0,0,2,16,34,49,0,49,2,0,0,0
SN,CS,siddi,1182,22,3,0,1,3,17,33,49,0,48,2,0,0,0
SN,CS,siddi,1183,21,3,0,1,4,17,33,49,1,47,3,0,0,0
SN,CS,siddi,1184,20,4,0,1,5,17,32,49,1,46,5,0,0,0
SN,CS,siddi,1185,19,4,0,1,6,17,32,49,2,45,6,0,0,0
SN,CS,siddi,1186,20,4,0,1,6,18,31,47,2,47,6,0,0,0
SN,CS,siddi,1187,21,4,0,1,6,20,29,45,2,49,6,0,0,0
SN,CS,siddi,1188,23,4,0,1,6,21,28,43,2,50,6,0,0,0
SN,CS,siddi,1189,24,4,0,1,6,23,26,41,2,52,6,0,0,0
SN,CS,siddi,1190,25,4,0,1,6,24,25,39,2,54,6,0,0,0
SN,CS,siddi,1191,26,4,0,1,6,26,24,37,2,54,6,0,1,0
SN,CS,siddi,1192,28,4,0,1,6,28,23,35,2,53,6,0,2,0
SN,CS,siddi,1193,29,4,0,1,6,29,22,33,2,55,6,0,2,0
SN,CS,siddi,1194,30,4,0,1,6,30,21,31,2,57,6,0,2,0
SN,CS,siddi,1195,31,4,0,1,6,31,20,29,2,59,6,0,2,0
SN,CS,siddi,1196,32,4,0,1,6,32,19,27,2,61,6,0,2,0
SN,CS,siddi,1197,33,4,0,1,6,33,18,25,2,63,6,0,2,0
SN,CS,siddi,1198,34,4,0,1,6,35,16,23,2,65,6,0,2,0
SN,CS,siddi,1199,35,4,0,1,6,37,14,21,2,67,6,0,2,0
SN,CS,siddi,1200,37,4,0,1,6,38,13,19,2,68,6,0,2,0
SN,CS,siddi,1201,38,4,0,1,6,40,11,17,2,70,6,0,2,0
SN,CS,siddi,1202,39,4,0,1,6,41,10,15,2,72,6,0,2,0
SN,CS,siddi,1203,40,4,0,1,6,42,9,13,2,74,6,0,2,0
SN,CS,siddi,1204,41,4,0,1,6,43,8,11,2,76,6,0,2,0
SN,CS,siddi,1205,43,3,0,1,5,44,7,10,2,78,5,0,2,0
SN,CS,siddi,1206,44,3,0,2,4,44,6,9,2,81,4,0,2,0
SN,CS,siddi,1207,46,2,0,1,3,45,5,7,2,84,4,0,2,0
SN,CS,siddi,1208,48,2,0,1,2,46,4,5,1,87,3,0,2,0
SN,CS,siddi,1209,50,1,0,1,1,47,4,3,1,90,1,0,2,0
SN,CS,siddi,1210,52,1,0,1,0,48,3,1,0,93,0,0,2,0
SN,CS,siddi,1211,52,1,0,1,0,48,3,1,0,93,0,0,2,0
SN,CS,siddi,1212,52,1,0,1,0,48,3,1,0,93,0,0,2,0
SN,CS,siddi,1213,50,1,0,1,0,48,5,1,0,92,0,0,3,0
SN,CS,siddi,1214,50,1,0,1,0,48,5,1,0,92,0,0,3,0
SN,CS,siddi,1215,50,1,0,1,0,48,5,1,0,92,0,0,3,0
SN,CS,siddi,1216,50,1,0,1,0,48,4,1,0,94,0,0,2,0
SN,CS,siddi,1217,49,1,0,1,0,48,3,1,0,97,0,0,1,0
SN,CS,siddi,1218,49,1,0,1,0,48,3,1,0,97,0,0,1,0
SN,CS,siddi,1219,49,1,0,1,0,48,3,1,0,97,0,0,1,0
SN,CS,siddi,1220,49,1,0,1,0,48,3,1,0,97,0,0,1,0
SN,CS,siddi,1221,49,1,0,1,0,48,3,1,0,97,0,0,1,0
SN,CS,siddi,1222,48,1,1,1,2,48,4,1,0,93,1,0,1,0
SN,CS,siddi,1223,47,1,2,2,2,47,4,2,0,90,1,0,1,0
SN,CS,siddi,1224,46,1,3,3,6,47,7,5,0,86,1,0,1,0
SN,CS,siddi,1225,43,1,4,3,7,46,8,5,0,84,1,0,1,0
SN,CS,siddi,1226,41,1,5,4,7,44,9,6,0,80,1,0,1,0
SN,CS,siddi,1227,40,2,5,5,8,44,8,6,0,77,1,0,1,0
SN,CS,siddi,1228,38,3,5,6,9,43,8,7,0,74,1,0,1,0
SN,CS,siddi,1229,36,4,5,7,9,42,9,8,0,71,1,0,1,0
SN,CS,siddi,1230,36,5,5,7,9,42,9,8,0,68,1,0,1,0
SN,CS,siddi,1231,35,4,5,8,10,41,9,8,1,65,1,0,1,0
SN,CS,siddi,1232,35,5,5,8,11,39,9,9,1,62,1,0,1,0
SN,CS,siddi,1233,33,6,5,8,12,40,9,9,1,59,1,0,1,0
SN,CS,siddi,1234,33,7,5,8,12,38,9,9,1,58,1,0,1,0
SN,CS,siddi,1235,31,8,5,8,13,37,11,9,1,55,1,0,1,0
SN,CS,siddi,1236,30,9,5,8,13,37,12,9,1,52,1,0,1,0
SN,CS,siddi,1237,29,10,5,8,15,36,12,9,1,49,1,0,1,0
SN,CS,siddi,1238,29,11,5,8,16,34,10,10,1,49,1,0,0,0
SN,CS,siddi,1239,29,12,5,9,16,33,10,10,1,46,1,0,0,0
SN,CS,siddi,1240,28,13,5,9,17,32,10,11,1,43,1,0,0,0
SN,CS,siddi,1241,27,14,5,10,18,30,10,12,1,40,1,0,0,0
SN,CS,siddi,1242,26,15,5,11,18,28,11,13,1,37,1,0,0,0
SN,CS,siddi,1243,24,16,5,11,19,27,12,13,1,35,1,0,0,0
SN,CS,siddi,1244,22,17,5,12,20,25,13,14,1,32,1,0,0,0
SN,CS,siddi,1245,20,18,5,13,22,24,13,14,1,29,1,0,0,0
SN,CS,siddi,1246,19,18,5,13,23,24,13,15,1,25,1,0,0,0
SN,CS,siddi,1247,19,19,4,13,22,23,12,16,1,26,0,0,0,0
SN,CS,siddi,1248,18,20,3,13,23,24,12,15,1,26,0,0,0,0
SN,CS,siddi,1249,19,20,2,17,24,27,11,12,1,28,3,0,0,0
SN,CS,siddi,1250,22,20,1,20,29,33,13,13,1,31,4,0,0,0
SN,CS,siddi,1251,24,21,0,21,31,38,12,14,1,36,4,0,0,0
SN,CS,siddi,1252,25,20,0,21,30,40,13,14,1,36,5,0,0,0
SN,CS,siddi,1253,26,19,0,25,30,41,14,16,1,36,5,0,1,0
SN,CS,siddi,1254,28,18,0,27,31,47,13,16,1,36,5,0,1,0
SN,CS,siddi,1255,28,17,0,32,35,52,13,16,1,37,5,0,1,0
SN,CS,siddi,1256,36,17,0,37,37,61,22,18,1,46,9,0,1,0
SN,CS,siddi,1257,35,17,0,38,37,63,22,17,1,46,10,0,1,0
SN,CS,siddi,1258,36,16,0,40,43,62,23,18,1,47,10,0,1,1
SN,CS,siddi,1259,34,15,0,43,45,64,24,19,2,46,10,0,1,1
SN,CS,siddi,1260,35,14,0,47,45,66,22,20,3,47,11,0,1,1
SN,CS,siddi,1261,34,13,0,49,45,65,22,21,3,47,11,0,1,1
SN,CS,siddi,1262,34,12,0,54,46,67,23,22,3,50,13,0,2,1
SN,CS,siddi,1263,36,11,1,60,51,73,24,24,3,52,14,0,2,1
SN,CS,siddi,1264,43,10,1,72,63,94,26,32,4,62,23,0,2,1
SN,CS,siddi,1265,49,10,1,77,66,95,30,33,4,63,23,0,2,1
SN,CS,siddi,1266,49,10,1,79,69,99,32,35,4,67,25,0,2,1
SN,CS,siddi,1267,50,9,1,80,71,100,33,35,4,68,26,0,2,1
SN,CS,siddi,1268,52,8,1,81,70,100,32,36,4,67,27,0,2,1
SN,CS,siddi,1269,53,7,2,83,69,101,32,36,4,71,28,0,2,1
SN,CS,siddi,1270,55,6,2,89,71,102,36,39,4,76,32,0,2,2
SN,CS,siddi,1271,63,6,2,100,78,105,41,45,5,88,38,0,2,2
SN,CS,siddi,1272,67,5,2,102,79,106,44,48,5,89,42,0,2,2
SN,CS,siddi,1273,69,4,2,106,78,107,47,48,5,88,46,0,2,2
SN,CS,siddi,1274,71,4,2,106,73,103,47,51,5,88,45,0,3,2
SN,CS,siddi,1275,68,4,3,105,70,98,47,50,5,88,47,0,3,2
SN,CS,siddi,1276,68,4,3,105,72,98,51,53,5,85,49,0,3,2
SN,CS,siddi,1277,71,4,3,106,73,99,54,54,5,90,51,0,3,2
SN,CS,siddi,1278,70,4,3,103,72,97,53,52,5,89,51,1,2,2
SN,CS,siddi,1279,69,5,3,101,72,91,53,51,5,89,52,1,2,2
SN,CS,siddi,1280,71,5,3,99,69,86,58,53,6,91,54,1,2,2
SN,CS,siddi,1281,66,5,4,96,67,78,51,53,5,82,52,1,2,2
SN,CS,siddi,1282,66,5,4,96,70,80,59,56,5,86,52,1,2,2
SN,CS,siddi,1283,66,5,4,94,66,79,61,55,5,85,53,1,2,1
SN,CS,siddi,1284,72,5,4,93,65,89,64,61,4,88,56,1,2,1
SN,CS,siddi,1285,72,6,4,91,67,90,66,63,3,88,60,1,2,1
SN,CS,siddi,1286,73,7,4,93,70,92,68,66,3,88,63,1,2,1
SN,CS,siddi,1287,73,7,4,88,69,90,73,69,3,84,63,1,1,1
SN,CS,siddi,1288,73,7,3,83,67,85,74,73,3,86,64,1,1,1
SN,CS,siddi,1289,64,7,3,73,57,63,72,67,2,76,55,1,1,1
SN,CS,siddi,1290,60,7,3,72,54,62,70,66,2,75,56,1,1,1
SN,CS,siddi,1291,61,6,3,74,51,60,69,65,2,72,54,1,2,1
SN,CS,siddi,1292,64,6,3,73,52,62,72,67,2,72,53,1,3,1
SN,CS,siddi,1293,65,6,3,73,54,64,74,71,2,74,52,1,3,2
SN,CS,siddi,1294,66,6,2,73,56,66,73,76,2,71,52,1,4,2
SN,CS,siddi,1295,64,7,2,68,54,64,73,76,2,68,49,1,4,1
SN,CS,siddi,1296,59,7,2,62,50,61,69,71,2,62,47,1,4,1
SN,CS,siddi,1297,55,8,2,61,49,59,66,68,2,60,43,1,4,1
SN,CS,siddi,1298,57,9,2,60,61,64,70,72,2,69,42,1,4,1
SN,CS,siddi,1299,55,9,2,60,64,67,69,71,2,71,42,1,3,1
SN,CS,siddi,1300,57,9,2,61,67,72,66,72,2,71,42,1,3,1
SN,CS,siddi,1301,68,8,2,71,72,72,68,73,2,78,45,1,3,1
SN,CS,siddi,1302,63,8,2,69,73,70,64,73,2,72,42,1,3,1
SN,CS,siddi,1303,64,8,2,68,76,71,64,72,2,73,42,0,3,1
SN,CS,siddi,1304,64,7,2,68,79,71,66,73,2,76,41,0,4,1
SN,CS,siddi,1305,67,8,2,71,84,77,63,75,1,73,46,0,4,1
SN,CS,siddi,1306,64,8,1,67,85,78,61,73,1,72,44,0,4,1
SN,CS,siddi,1307,63,8,1,66,82,83,54,74,1,73,44,0,4,1
SN,CS,siddi,1308,64,8,1,67,82,83,51,75,1,75,44,1,4,1
SN,CS,siddi,1309,58,8,1,66,83,73,48,68,1,71,41,1,4,1
SN,CS,siddi,1310,57,8,1,64,82,71,46,65,1,70,36,1,4,1
SN,CS,siddi,1311,56,8,1,60,80,69,43,61,1,72,33,1,4,1
SN,CS,siddi,1312,55,9,1,61,78,69,39,57,1,73,31,1,4,1
SN,CS,siddi,1313,53,10,1,60,76,69,37,50,1,68,29,1,4,1
SN,CS,siddi,1314,53,11,1,57,75,69,37,50,1,69,29,1,4,1
SN,CS,siddi,1315,51,10,1,53,75,69,36,49,2,69,28,1,4,1
SN,CS,siddi,1316,50,11,1,48,76,68,35,47,2,68,28,1,3,1
SN,CS,siddi,1317,46,11,1,47,75,67,31,44,2,66,28,1,3,1
SN,CS,siddi,1318,44,11,1,46,73,66,29,39,3,65,28,1,3,0
SN,CS,siddi,1319,42,12,1,44,71,65,29,34,3,64,27,1,2,0
SN,CS,siddi,1320,42,12,1,43,69,66,26,32,3,62,26,1,2,0
SN,CS,siddi,1321,38,13,1,39,65,65,25,32,2,57,22,1,2,0
SN,CS,siddi,1322,37,12,1,40,64,66,25,32,3,58,22,1,2,0
SN,CS,siddi,1323,33,11,1,37,53,58,19,28,4,51,19,1,2,0
SN,CS,siddi,1324,32,12,1,32,52,55,18,26,4,48,17,1,2,0
SN,CS,siddi,1325,30,13,0,30,48,48,18,26,4,45,14,1,2,0
SN,CS,siddi,1326,17,14,0,18,41,43,13,21,4,37,9,1,2,0
SN,CS,siddi,1327,17,15,0,19,40,43,13,20,4,38,9,1,2,0
SN,CS,siddi,1328,16,16,0,19,39,42,13,21,4,38,9,1,2,0
SN,CS,siddi,1329,15,17,0,19,37,42,11,20,4,35,9,1,1,0
SN,CS,siddi,1330,10,17,0,13,31,36,9,16,4,35,2,1,1,0
SN,CS,siddi,1331,10,18,0,14,29,37,9,15,4,36,2,1,1,0
SN,CS,siddi,1332,10,18,0,15,30,29,8,11,4,31,1,1,1,0
SN,CS,siddi,1333,8,19,0,15,28,30,8,10,4,29,0,0,1,0
SN,CS,siddi,1334,8,20,0,14,28,29,7,10,4,30,0,0,1,0
SN,CS,siddi,1335,8,20,0,14,28,28,7,11,4,30,0,0,1,0
SN,CS,siddi,1336,9,20,0,14,27,28,7,12,4,29,0,0,1,0
SN,CS,siddi,1337,9,20,0,13,30,28,5,12,4,29,0,0,1,0
SN,CS,siddi,1338,8,20,0,13,29,28,6,13,4,29,0,0,1,0
SN,CS,siddi,1339,8,20,0,15,28,30,6,11,4,28,0,0,1,0
SN,CS,siddi,1340,8,21,0,15,28,31,5,11,3,28,0,0,1,0
SN,CS,siddi,1341,7,21,0,15,28,31,6,11,3,28,0,0,1,0
SN,CS,siddi,1342,7,22,0,15,27,29,5,12,3,30,0,0,0,0
SN,CS,siddi,1343,8,23,0,15,28,27,5,13,2,29,0,0,0,0
SN,CS,siddi,1344,8,23,0,16,28,25,6,12,2,30,0,0,0,0
SN,CS,siddi,1345,9,23,0,15,29,26,5,11,2,30,0,0,0,0
SN,CS,siddi,1346,11,23,0,15,29,25,5,9,2,31,0,0,0,0
SN,CS,siddi,1347,12,24,0,15,29,24,6,8,1,31,0,0,0,0
SN,CS,siddi,1348,15,25,0,14,29,24,5,8,0,30,0,0,0,0
SN,CS,siddi,1349,14,25,0,15,27,25,6,8,0,30,0,0,0,0
SN,CS,siddi,1350,14,25,0,14,26,26,6,8,0,31,0,0,0,0
SN,CS,siddi,1351,15,25,0,15,25,27,5,7,0,31,0,0,0,0
SN,CS,siddi,1352,16,24,0,14,26,25,5,8,1,31,0,0,0,0
SN,CS,siddi,1353,16,24,0,15,24,27,5,7,1,31,0,0,0,0
SN,CS,siddi,1354,16,24,0,14,23,28,5,8,1,31,0,0,0,0
SN,CS,siddi,1355,14,24,0,16,24,27,5,8,1,31,0,0,0,0
SN,CS,siddi,1356,14,24,0,15,25,25,6,9,1,31,0,0,0,0
SN,CS,siddi,1357,16,24,0,15,23,25,6,9,1,31,0,0,0,0
SN,CS,siddi,1358,17,24,0,16,22,23,6,9,1,32,0,0,0,0
SN,CS,siddi,1359,17,24,0,17,22,23,6,9,1,31,0,0,0,0
SN,CS,siddi,1360,19,24,0,17,22,22,6,8,1,31,0,0,0,0
SN,CS,siddi,1361,20,24,0,17,22,23,6,7,1,30,0,0,0,0
SN,CS,siddi,1362,21,24,0,17,20,22,6,8,1,31,0,0,0,0
SN,CS,siddi,1363,22,24,0,17,20,22,5,7,1,32,0,0,0,0
SN,CS,siddi,1364,22,24,0,15,22,21,5,8,1,32,0,0,0,0
SN,CS,siddi,1365,21,24,0,15,22,21,5,8,1,33,0,0,0,0
SN,CS,siddi,1366,21,24,0,17,20,22,4,8,1,33,0,0,0,0
SN,CS,siddi,1367,20,24,0,17,21,23,4,8,1,32,0,0,0,0
SN,CS,siddi,1368,19,24,0,17,20,26,4,7,1,32,0,0,0,0
SN,CS,siddi,1369,19,23,0,15,22,27,3,8,2,31,0,0,0,0
SN,CS,siddi,1370,18,23,0,16,23,26,3,8,2,31,0,0,0,0
SN,CS,siddi,1371,16,23,0,15,24,28,4,8,2,30,0,0,0,0
SN,CS,siddi,1372,15,23,0,14,24,30,3,8,2,31,3,0,0,0
SN,CS,siddi,1373,12,23,0,15,23,32,3,8,2,32,6,0,0,0
SN,CS,siddi,1374,13,23,0,14,24,30,2,9,2,33,6,0,0,0
SN,CS,siddi,1375,15,23,0,14,24,29,2,9,2,32,6,0,0,0
SN,CS,siddi,1376,14,23,0,14,24,29,3,9,2,32,6,0,0,0
SN,CS,siddi,1377,13,23,0,15,22,31,4,8,2,32,6,0,0,0
SN,CS,siddi,1378,14,23,0,13,22,30,4,10,2,32,6,0,0,0
SN,CS,siddi,1379,15,23,0,13,21,29,4,10,2,33,6,0,0,0
SN,CS,siddi,1380,15,22,0,11,22,29,5,10,3,33,6,0,0,0
SN,CS,siddi,1381,17,22,0,11,22,29,4,9,3,33,6,0,0,0
SN,CS,siddi,1382,18,21,0,11,26,28,7,12,3,33,6,0,0,0
SN,CS,siddi,1383,17,21,0,10,28,29,7,13,3,31,7,0,0,0
SN,CS,siddi,1384,17,21,0,10,26,28,8,13,3,31,7,0,0,0
