Text_Type,Book,Chapter,Window,LLG,LGG,LL,G,GGL,GLG,GLL,LGL,LG,GGG,LLL,GG,GL,L
SN,CS,indriya,1,63,81,1,43,99,116,42,101,2,104,25,8,4,8
SN,CS,indriya,2,63,79,1,44,99,118,42,102,2,103,25,8,4,8
SN,CS,indriya,3,63,80,1,45,99,118,41,103,2,104,25,7,4,8
SN,CS,indriya,4,58,65,1,46,93,107,38,99,2,83,20,7,4,8
SN,CS,indriya,5,58,66,1,47,92,106,36,98,2,83,19,7,3,8
SN,CS,indriya,6,55,66,1,48,93,103,34,97,2,84,17,7,2,8
SN,CS,indriya,7,54,64,1,48,91,99,32,95,2,84,17,8,2,7
SN,CS,indriya,8,54,65,1,48,90,98,29,94,3,81,16,8,1,7
SN,CS,indriya,9,53,62,1,49,88,101,28,96,3,81,15,8,1,6
SN,CS,indriya,10,52,58,1,50,85,96,25,97,3,78,13,8,0,6
SN,CS,indriya,11,52,59,1,51,83,96,24,97,3,77,13,8,0,6
SN,CS,indriya,12,51,51,1,51,79,95,23,97,3,74,12,8,0,6
SN,CS,indriya,13,51,51,1,52,78,95,22,97,3,73,12,8,0,6
SN,CS,indriya,14,52,51,1,52,78,97,23,98,3,72,12,8,0,6
SN,CS,indriya,15,53,52,1,52,77,97,25,99,3,70,12,8,0,6
SN,CS,indriya,16,53,52,1,52,75,100,26,99,3,70,12,7,0,7
SN,CS,indriya,17,54,47,1,53,71,98,26,99,3,68,11,6,0,7
SN,CS,indriya,18,55,47,1,54,68,95,25,98,3,66,10,6,0,7
SN,CS,indriya,19,54,49,1,55,66,95,26,98,3,66,9,6,0,7
SN,CS,indriya,20,49,43,1,55,62,88,27,94,4,63,6,6,0,6
SN,CS,indriya,21,50,43,1,55,63,88,28,94,4,60,6,6,0,6
SN,CS,indriya,22,50,41,1,55,62,89,27,96,4,60,5,5,0,6
SN,CS,indriya,23,48,39,1,55,60,87,27,93,4,57,2,6,0,5
SN,CS,indriya,24,46,38,1,55,56,87,27,90,4,57,2,6,0,5
SN,CS,indriya,25,45,38,1,54,57,87,28,91,4,58,2,6,0,6
SN,CS,indriya,26,45,37,1,55,54,88,27,87,4,60,2,5,0,6
SN,CS,indriya,27,46,37,1,55,51,84,26,86,4,59,3,4,0,7
SN,CS,indriya,28,49,41,1,55,56,89,28,87,4,69,3,5,0,6
SN,CS,indriya,29,49,41,1,55,52,87,28,86,4,70,3,4,1,6
SN,CS,indriya,30,50,44,1,55,55,89,32,89,4,79,4,4,1,6
SN,CS,indriya,31,53,47,0,56,53,91,34,93,4,86,6,4,1,6
SN,CS,indriya,32,54,47,0,56,56,91,34,92,4,86,5,4,1,6
SN,CS,indriya,33,53,49,0,55,55,92,35,91,4,87,5,4,1,6
SN,CS,indriya,34,52,49,0,54,55,94,35,91,4,87,6,5,1,6
SN,CS,indriya,35,52,51,0,53,56,94,36,90,4,87,6,5,1,6
SN,CS,indriya,36,53,52,0,53,56,95,36,89,4,86,6,5,1,6
SN,CS,indriya,37,59,60,0,53,61,104,36,98,4,90,10,5,1,6
SN,CS,indriya,38,58,62,0,52,64,106,36,97,4,92,11,6,1,6
SN,CS,indriya,39,59,62,0,51,64,107,36,98,4,93,12,7,1,6
SN,CS,indriya,40,59,64,0,50,64,109,37,98,4,92,12,7,1,6
SN,CS,indriya,41,60,68,0,50,65,106,37,97,4,94,13,7,1,6
SN,CS,indriya,42,61,68,0,49,65,105,37,96,5,96,13,7,1,6
SN,CS,indriya,43,61,68,0,48,64,106,37,95,5,97,13,7,1,7
SN,CS,indriya,44,61,68,0,48,67,107,37,94,5,97,13,7,1,7
SN,CS,indriya,45,61,69,0,47,66,107,38,92,5,96,13,8,1,7
SN,CS,indriya,46,61,68,0,47,68,108,38,92,5,94,13,8,1,7
SN,CS,indriya,47,60,68,0,47,68,109,38,93,5,93,13,8,1,8
SN,CS,indriya,48,60,69,0,47,67,111,38,92,5,92,13,8,1,8
SN,CS,indriya,49,59,70,0,47,67,111,38,92,5,92,13,8,1,8
SN,CS,indriya,50,60,70,0,48,66,109,37,94,4,92,13,8,1,8
SN,CS,indriya,51,60,70,0,49,66,109,37,95,4,91,13,8,1,7
SN,CS,indriya,52,60,69,0,50,66,111,35,96,4,91,13,8,1,7
SN,CS,indriya,53,60,68,0,50,66,111,34,99,4,92,13,7,1,8
SN,CS,indriya,54,61,69,0,50,62,112,35,99,4,92,13,7,1,8
SN,CS,indriya,55,61,67,0,49,62,112,36,100,4,92,13,7,1,9
SN,CS,indriya,56,61,67,0,49,60,114,36,101,4,91,13,7,1,9
SN,CS,indriya,57,60,65,0,49,61,115,36,101,4,92,13,7,1,9
SN,CS,indriya,58,61,65,0,49,62,112,36,102,4,92,13,7,1,9
SN,CS,indriya,59,61,66,0,49,61,110,36,103,4,93,13,7,1,9
SN,CS,indriya,60,61,66,0,48,61,110,36,102,4,94,13,7,1,10
SN,CS,indriya,61,61,65,0,47,62,109,36,103,4,94,13,7,1,11
SN,CS,indriya,62,61,65,0,48,61,109,36,104,3,95,13,7,1,11
SN,CS,indriya,63,61,65,0,48,61,108,36,104,3,96,13,7,1,11
SN,CS,indriya,64,62,66,0,48,62,107,36,103,3,95,13,7,1,11
SN,CS,indriya,65,61,66,0,47,62,107,36,103,3,96,13,7,1,12
SN,CS,indriya,66,62,65,0,47,61,107,36,103,3,97,13,7,1,12
SN,CS,indriya,67,62,64,0,46,61,107,36,103,3,98,13,7,1,13
SN,CS,indriya,68,63,63,0,46,62,105,36,104,3,98,13,7,1,13
SN,CS,indriya,69,62,63,0,46,64,105,36,103,3,98,13,7,1,13
SN,CS,indriya,70,63,62,0,46,64,104,37,103,3,98,13,7,1,13
SN,CS,indriya,71,63,62,0,45,64,103,38,103,3,98,13,7,1,14
SN,CS,indriya,72,63,62,0,45,64,102,38,104,3,98,13,7,1,14
SN,CS,indriya,73,63,62,0,45,63,102,38,104,3,99,13,7,1,14
SN,CS,indriya,74,64,62,0,45,63,101,39,103,3,99,13,7,1,14
SN,CS,indriya,75,64,62,0,46,63,103,37,103,3,99,13,7,1,13
SN,CS,indriya,76,63,62,0,45,64,105,36,103,3,98,13,7,1,14
SN,CS,indriya,77,63,62,0,45,64,104,37,103,3,98,13,7,1,14
SN,CS,indriya,78,63,61,0,45,65,104,37,103,3,98,13,7,1,14
SN,CS,indriya,79,62,61,0,45,66,105,35,103,3,99,13,7,1,14
SN,CS,indriya,80,62,59,0,45,66,105,35,103,3,101,13,7,1,14
SN,CS,indriya,81,63,59,0,45,65,105,35,103,3,101,13,7,1,14
SN,CS,indriya,82,63,59,0,46,65,105,35,105,3,102,13,6,1,14
SN,CS,indriya,83,62,59,0,47,66,106,35,106,2,103,13,6,1,14
SN,CS,indriya,84,63,59,0,47,66,104,36,105,2,104,13,6,1,14
SN,CS,indriya,85,63,59,0,47,67,104,36,105,2,103,13,6,1,14
SN,CS,indriya,86,62,58,0,47,66,105,37,105,2,104,13,6,1,14
SN,CS,indriya,87,62,58,0,47,67,103,36,105,2,106,13,6,1,14
SN,CS,indriya,88,62,58,0,47,67,104,35,104,2,107,13,6,1,14
SN,CS,indriya,89,62,58,0,46,67,103,35,104,2,108,13,6,1,15
SN,CS,indriya,90,61,58,0,46,67,105,33,104,2,109,13,6,1,15
SN,CS,indriya,91,62,59,0,46,67,103,32,105,2,109,13,6,1,15
SN,CS,indriya,92,60,59,0,45,68,104,32,104,3,110,13,6,1,15
SN,CS,indriya,93,59,59,0,45,69,104,33,104,3,109,13,6,1,15
SN,CS,indriya,94,60,57,0,44,71,103,33,103,4,111,13,6,1,15
SN,CS,indriya,95,60,58,0,44,69,104,33,104,3,109,13,6,1,16
SN,CS,indriya,96,59,60,0,43,68,105,32,103,3,110,13,6,1,16
SN,CS,indriya,97,59,58,0,43,67,104,33,101,3,109,13,7,1,16
SN,CS,indriya,98,58,57,0,44,68,106,32,102,3,110,13,6,1,16
SN,CS,indriya,99,58,58,0,44,68,106,31,102,3,110,13,6,1,16
SN,CS,indriya,100,58,58,0,45,69,107,30,102,3,109,13,6,1,15
SN,CS,indriya,101,57,55,0,45,69,103,31,101,3,107,13,6,1,15
SN,CS,indriya,102,56,54,0,46,68,103,31,101,3,107,12,6,1,14
SN,CS,indriya,103,53,50,0,47,63,99,30,100,3,96,11,5,1,14
SN,CS,indriya,104,52,49,0,48,63,101,30,101,3,95,11,5,0,14
SN,CS,indriya,105,52,46,0,48,61,99,26,98,3,87,10,5,0,14
SN,CS,indriya,106,48,42,0,48,62,95,24,95,3,81,8,5,0,14
SN,CS,indriya,107,47,40,0,49,59,95,24,96,3,82,8,5,0,14
SN,CS,indriya,108,48,39,0,50,58,96,23,97,3,80,8,5,0,14
SN,CS,indriya,109,48,39,0,50,57,96,23,98,3,79,7,4,0,15
SN,CS,indriya,110,49,37,0,51,56,95,22,98,3,80,7,4,0,15
SN,CS,indriya,111,49,37,0,50,55,95,22,99,3,79,7,4,0,16
SN,CS,indriya,112,43,29,0,50,50,85,22,90,3,76,3,4,0,16
SN,CS,indriya,113,43,27,0,51,47,84,22,91,3,74,2,3,0,16
SN,CS,indriya,114,42,28,0,52,46,82,22,90,3,74,1,2,0,16
SN,CS,indriya,115,42,26,0,52,46,79,21,90,3,76,1,2,0,17
SN,CS,indriya,116,41,22,0,52,45,81,21,90,3,76,0,2,0,17
SN,CS,indriya,117,41,22,0,53,45,80,21,92,2,74,0,2,0,17
SN,CS,indriya,118,41,23,0,54,45,79,21,93,2,73,0,2,0,16
SN,CS,indriya,119,41,23,0,54,42,77,22,93,2,74,0,2,0,16
SN,CS,indriya,120,41,23,0,55,44,77,21,94,2,74,0,1,0,16
SN,CS,indriya,121,41,23,0,55,42,77,21,95,2,75,0,1,0,16
SN,CS,indriya,122,41,22,0,56,42,76,21,96,2,76,0,1,0,15
SN,CS,indriya,123,41,21,0,56,43,74,21,96,2,78,0,1,0,15
SN,CS,indriya,124,40,20,0,56,43,75,21,96,2,79,0,1,0,15
SN,CS,indriya,125,39,21,0,56,43,77,21,95,2,78,0,1,0,15
SN,CS,indriya,126,40,21,0,56,45,75,21,94,2,78,0,1,0,15
SN,CS,indriya,127,40,22,0,56,45,75,21,93,2,78,0,1,0,15
SN,CS,indriya,128,39,22,0,57,45,76,21,91,2,80,0,1,0,14
SN,CS,indriya,129,40,22,0,57,45,76,20,91,2,80,0,1,0,14
SN,CS,indriya,130,39,22,0,58,45,77,19,91,2,81,0,1,0,13
SN,CS,indriya,131,38,22,0,58,45,77,19,90,2,83,0,1,0,13
SN,CS,indriya,132,38,22,0,58,44,77,21,91,2,81,0,1,0,13
SN,CS,indriya,133,37,23,0,58,45,77,20,90,2,82,0,1,0,13
SN,CS,indriya,134,36,22,0,57,46,78,20,89,2,83,0,1,0,14
SN,CS,indriya,135,36,22,0,58,47,78,19,90,2,82,0,1,0,13
SN,CS,indriya,136,36,22,0,59,48,77,19,91,2,81,0,1,0,12
SN,CS,indriya,137,36,22,0,59,46,77,19,92,2,82,0,1,0,12
SN,CS,indriya,138,35,22,0,59,45,78,19,92,2,83,0,1,0,12
SN,CS,indriya,139,35,21,0,59,46,78,20,92,2,82,0,1,0,12
SN,CS,indriya,140,36,21,0,60,46,76,20,92,2,83,0,1,0,11
SN,CS,indriya,141,36,21,0,60,47,76,19,92,2,83,0,1,0,11
SN,CS,indriya,142,36,21,0,61,46,77,19,92,2,83,0,1,0,10
SN,CS,indriya,143,35,23,0,60,46,77,19,92,2,82,0,1,0,11
SN,CS,indriya,144,35,23,0,60,44,79,20,92,2,81,0,1,0,11
SN,CS,indriya,145,35,24,0,59,44,79,20,92,2,80,0,1,0,12
SN,CS,indriya,146,36,25,0,60,44,78,19,93,2,79,0,1,0,11
SN,CS,indriya,147,36,24,0,60,44,79,20,92,2,79,0,1,0,11
SN,CS,indriya,148,36,24,0,60,45,78,20,92,2,79,0,1,0,11
SN,CS,indriya,149,36,24,0,61,45,77,19,93,2,80,0,1,0,10
SN,CS,indriya,150,35,24,0,61,46,76,19,93,2,81,0,1,0,10
SN,CS,indriya,151,36,24,0,62,46,74,19,93,2,82,0,1,0,9
SN,CS,indriya,152,37,24,0,62,45,73,19,94,2,82,0,1,0,9
SN,CS,indriya,153,37,23,0,61,46,73,19,94,2,82,0,1,0,10
SN,CS,indriya,154,37,23,0,60,45,73,19,94,2,83,0,1,0,11
SN,CS,indriya,155,37,24,0,59,46,73,19,94,2,81,0,1,0,12
SN,CS,indriya,156,37,24,0,59,47,73,19,93,2,81,0,1,0,12
SN,CS,indriya,157,38,24,0,59,47,72,19,93,2,81,0,1,0,12
SN,CS,indriya,158,38,23,0,59,46,73,20,93,2,81,0,1,0,12
SN,CS,indriya,159,37,24,0,59,48,72,19,94,2,80,0,1,0,12
SN,CS,indriya,160,37,25,0,59,47,71,19,94,2,81,0,1,0,12
SN,CS,indriya,161,37,26,0,59,46,70,19,95,2,81,0,1,0,12
SN,CS,indriya,162,37,27,0,59,45,72,19,95,2,79,0,1,0,12
SN,CS,indriya,163,37,27,0,59,44,72,19,95,2,80,0,1,0,12
SN,CS,indriya,164,36,28,0,60,44,73,18,95,2,80,0,1,0,11
SN,CS,indriya,165,36,27,0,59,45,72,18,96,2,80,0,1,0,12
SN,CS,indriya,166,35,26,0,60,45,73,18,95,2,82,0,1,0,11
SN,CS,indriya,167,36,27,0,61,45,72,18,96,1,80,0,1,0,11
SN,CS,indriya,168,36,26,0,61,44,73,17,96,1,82,0,1,0,11
SN,CS,indriya,169,35,26,0,62,42,74,16,97,0,83,0,1,0,11
SN,CS,indriya,170,34,25,0,63,42,74,15,98,0,85,0,1,0,10
SN,CS,indriya,171,34,24,0,64,43,72,16,100,0,84,0,1,0,10
SN,CS,indriya,172,33,23,0,65,43,73,15,101,0,87,0,0,0,10
SN,CS,indriya,173,33,25,0,65,42,72,15,101,0,87,0,0,0,10
SN,CS,indriya,174,33,24,0,65,41,71,16,102,0,88,0,0,0,10
SN,CS,indriya,175,33,24,0,65,40,71,16,102,0,89,0,0,0,10
SN,CS,indriya,176,32,24,0,65,42,70,15,104,0,88,0,0,0,10
SN,CS,indriya,177,31,24,0,65,42,70,16,104,0,88,0,0,0,10
SN,CS,indriya,178,31,25,0,65,43,69,15,103,0,89,0,0,0,10
SN,CS,indriya,179,31,25,0,65,44,68,15,103,0,89,0,0,0,10
SN,CS,indriya,180,31,25,0,65,43,68,16,104,0,88,0,0,0,10
SN,CS,indriya,181,32,27,0,65,42,67,17,103,0,87,0,0,0,10
SN,CS,indriya,182,33,27,0,65,44,64,17,103,0,87,0,0,0,10
SN,CS,indriya,183,32,26,0,65,45,64,17,103,0,88,0,0,0,10
SN,CS,indriya,184,33,27,0,66,45,62,17,102,0,89,0,0,0,9
SN,CS,indriya,185,32,28,0,66,44,63,17,102,0,89,0,0,0,9
SN,CS,indriya,186,32,27,0,66,46,63,17,100,1,91,0,0,0,8
SN,CS,indriya,187,33,27,0,66,46,64,17,100,1,89,0,0,0,8
SN,CS,indriya,188,35,29,0,65,46,63,17,98,1,89,0,0,0,8
SN,CS,indriya,189,36,29,0,64,46,62,18,97,1,87,0,1,0,8
SN,CS,indriya,190,37,29,0,65,45,62,18,98,1,86,0,1,0,7
SN,CS,indriya,191,37,30,0,64,45,61,19,99,1,84,0,1,0,8
SN,CS,indriya,192,36,30,0,64,44,62,19,98,1,86,0,1,0,8
SN,CS,indriya,193,35,30,0,63,45,63,19,97,1,86,0,1,0,9
SN,CS,indriya,194,35,30,0,63,46,64,19,97,1,84,0,1,0,9
SN,CS,indriya,195,35,29,0,62,46,64,19,97,1,85,0,1,0,10
SN,CS,indriya,196,34,29,0,62,46,64,19,97,1,86,0,1,0,10
SN,CS,indriya,197,35,29,0,62,46,64,19,97,1,85,0,1,0,10
SN,CS,indriya,198,34,30,0,62,45,66,19,97,1,84,0,1,0,10
SN,CS,indriya,199,34,31,0,62,45,65,19,97,1,84,0,1,0,10
SN,CS,indriya,200,34,30,0,62,45,64,20,97,1,85,0,1,0,10
SN,CS,indriya,201,34,31,0,62,43,65,20,97,1,85,0,1,0,10
SN,CS,indriya,202,34,30,0,62,43,64,21,97,1,86,0,1,0,10
SN,CS,indriya,203,36,30,0,62,44,63,21,97,1,84,0,1,0,10
SN,CS,indriya,204,34,31,0,62,44,64,21,97,1,84,0,1,0,10
SN,CS,indriya,205,36,31,0,62,44,63,22,96,1,83,0,1,0,10
SN,CS,indriya,206,36,32,0,62,45,63,22,96,1,81,0,1,0,10
SN,CS,indriya,207,36,32,0,61,45,62,21,98,1,81,0,1,0,11
SN,CS,indriya,208,37,32,0,60,43,63,21,98,1,81,0,1,0,12
SN,CS,indriya,209,37,33,0,61,42,65,21,98,1,79,0,1,0,11
SN,CS,indriya,210,37,33,0,61,42,66,21,97,1,79,0,1,0,11
SN,CS,indriya,211,37,33,0,61,40,68,21,96,1,80,0,1,0,11
SN,CS,indriya,212,36,34,0,61,41,69,21,95,1,79,0,1,0,11
SN,CS,indriya,213,37,35,0,61,41,70,20,95,1,77,0,1,0,11
SN,CS,indriya,214,36,36,0,61,39,71,19,95,1,79,0,1,0,11
SN,CS,indriya,215,37,36,0,61,40,72,18,95,1,77,0,1,0,11
SN,CS,indriya,216,36,36,0,61,40,72,18,95,1,78,0,1,0,11
SN,CS,indriya,217,36,36,0,61,39,72,18,95,1,79,0,1,0,11
SN,CS,indriya,218,37,34,0,62,38,73,18,95,1,80,0,1,0,10
SN,CS,indriya,219,38,34,0,62,37,72,17,97,1,80,0,1,0,10
SN,CS,indriya,220,37,34,0,63,38,72,16,98,1,80,0,1,0,9
SN,CS,indriya,221,37,33,0,63,38,73,17,97,1,80,0,1,0,9
SN,CS,indriya,222,38,33,0,63,38,72,16,98,1,80,0,1,0,9
SN,CS,indriya,223,39,33,0,63,37,73,16,97,1,80,0,1,0,9
SN,CS,indriya,224,39,33,0,63,37,74,16,96,1,80,0,1,0,9
SN,CS,indriya,225,40,33,0,63,36,73,16,97,1,80,0,1,0,9
SN,CS,indriya,226,39,33,0,62,35,74,18,97,1,79,0,1,0,10
SN,CS,indriya,227,39,33,0,62,36,74,18,96,1,79,0,1,0,10
SN,CS,indriya,228,38,33,0,63,34,75,19,97,1,79,0,1,0,9
SN,CS,indriya,229,38,33,0,64,34,75,19,97,1,79,0,1,0,8
SN,CS,indriya,230,37,34,0,65,34,76,19,97,1,78,0,1,0,7
SN,CS,indriya,231,35,34,0,65,34,76,19,97,1,80,0,1,0,7
SN,CS,indriya,232,34,34,0,65,35,77,19,97,1,79,0,1,0,7
SN,CS,indriya,233,36,34,0,65,35,76,19,97,1,78,0,1,0,7
SN,CS,indriya,234,37,33,0,64,33,77,20,95,2,81,0,1,0,7
SN,CS,indriya,235,36,32,0,64,34,78,20,95,2,81,0,1,0,7
SN,CS,indriya,236,36,33,0,63,34,80,19,93,2,81,0,1,0,7
SN,CS,indriya,237,37,33,0,62,34,77,20,92,2,81,0,2,0,7
SN,CS,indriya,238,37,34,0,62,34,76,20,92,2,81,0,2,0,7
SN,CS,indriya,239,37,35,0,62,34,75,20,92,2,81,0,2,0,7
SN,CS,indriya,240,37,36,0,62,34,75,20,91,2,81,0,2,0,7
SN,CS,indriya,241,38,36,0,62,35,73,20,91,2,81,0,2,0,7
SN,CS,indriya,242,37,35,0,62,35,73,20,91,2,83,0,2,0,7
SN,CS,indriya,243,37,35,0,62,35,73,20,92,2,82,0,2,0,7
SN,CS,indriya,244,37,35,0,62,36,73,20,92,2,81,0,2,0,7
SN,CS,indriya,245,37,35,0,62,39,73,20,91,2,79,0,2,0,7
SN,CS,indriya,246,37,34,0,62,39,75,19,90,2,80,0,2,0,7
SN,CS,indriya,247,37,34,0,62,40,75,19,90,2,79,0,2,0,7
SN,CS,indriya,248,37,32,0,62,42,75,19,91,2,78,0,2,0,7
SN,CS,indriya,249,37,32,0,62,44,77,18,90,2,76,0,2,0,7
SN,CS,indriya,250,37,32,0,61,44,76,18,91,2,76,0,2,0,8
SN,CS,indriya,251,37,32,0,61,42,77,18,89,2,79,0,2,0,8
SN,CS,indriya,252,37,31,0,61,42,77,18,89,2,80,0,2,0,8
SN,CS,indriya,253,37,30,0,60,41,78,18,89,2,81,0,2,0,9
SN,CS,indriya,254,37,31,0,60,40,78,18,89,2,81,0,2,0,9
SN,CS,indriya,255,36,31,0,60,40,77,17,89,2,84,0,2,0,9
SN,CS,indriya,256,35,30,0,60,40,78,17,89,2,85,0,2,0,9
SN,CS,indriya,257,34,31,0,60,38,79,17,89,2,86,0,2,0,9
SN,CS,indriya,258,34,31,0,60,38,79,17,89,2,86,0,2,0,9
SN,CS,indriya,259,34,30,0,60,38,80,18,89,2,85,0,2,0,9
SN,CS,indriya,260,34,29,0,60,39,80,18,90,2,84,0,2,0,9
SN,CS,indriya,261,33,30,0,61,38,80,18,91,1,83,0,2,0,9
SN,CS,indriya,262,32,30,0,61,37,79,19,91,1,85,0,2,0,9
SN,CS,indriya,263,30,29,0,62,37,79,20,92,1,85,0,2,0,9
SN,CS,indriya,264,29,29,0,63,37,81,19,93,1,86,0,1,0,9
SN,CS,indriya,265,27,30,0,63,37,82,19,92,1,87,0,1,0,9
SN,CS,indriya,266,27,29,0,63,38,82,18,91,1,89,0,1,0,9
SN,CS,indriya,267,27,29,0,63,38,82,18,92,1,88,0,1,0,9
SN,CS,indriya,268,27,29,0,64,37,82,18,92,1,89,0,1,0,8
SN,CS,indriya,269,27,29,0,64,36,81,17,93,1,91,0,1,0,8
SN,CS,indriya,270,26,29,0,65,36,81,17,94,1,91,0,1,0,7
SN,CS,indriya,271,26,29,0,65,37,81,18,94,1,89,0,1,0,7
SN,CS,indriya,272,25,30,0,65,38,80,18,93,1,90,0,1,0,7
SN,CS,indriya,273,26,30,0,64,38,78,18,93,1,91,0,1,0,8
SN,CS,indriya,274,27,30,0,64,37,79,18,93,1,90,0,1,0,8
SN,CS,indriya,275,29,30,0,64,37,78,17,94,1,89,0,1,0,8
SN,CS,indriya,276,29,29,0,64,37,78,17,94,1,90,0,1,0,8
SN,CS,indriya,277,30,29,0,64,37,78,17,94,1,89,0,1,0,8
SN,CS,indriya,278,29,30,0,64,37,79,17,94,1,88,0,1,0,8
SN,CS,indriya,279,30,28,0,63,38,77,17,95,1,89,0,1,0,9
SN,CS,indriya,280,28,29,0,63,39,77,16,96,1,88,1,1,0,9
SN,CS,indriya,281,29,28,0,62,39,76,16,96,1,89,1,1,0,10
SN,CS,indriya,282,29,29,0,63,41,76,15,93,1,90,1,1,0,9
SN,CS,indriya,283,30,29,0,64,41,75,15,93,1,90,1,1,0,8
SN,CS,indriya,284,30,30,0,64,43,72,15,93,1,90,1,1,0,8
SN,CS,indriya,285,30,30,0,63,42,72,15,94,1,90,1,1,0,9
SN,CS,indriya,286,31,30,0,63,43,71,15,93,1,90,1,1,0,9
SN,CS,indriya,287,32,29,0,62,43,71,15,93,1,90,1,1,0,10
SN,CS,indriya,288,31,29,0,62,43,70,16,94,1,90,1,1,0,10
SN,CS,indriya,289,31,28,0,61,44,70,16,94,1,90,1,1,0,11
SN,CS,indriya,290,29,28,0,61,46,70,16,94,1,90,1,1,0,11
SN,CS,indriya,291,29,28,0,61,46,71,16,94,1,89,1,1,0,11
SN,CS,indriya,292,29,28,0,61,46,70,16,95,1,89,1,1,0,11
SN,CS,indriya,293,29,29,0,61,47,69,16,94,1,89,1,1,0,11
SN,CS,indriya,294,29,29,0,61,48,69,16,92,1,90,1,1,0,11
SN,CS,indriya,295,29,29,0,61,47,71,16,91,1,90,1,1,0,11
SN,CS,indriya,296,29,29,0,60,48,71,16,91,2,90,1,1,0,11
SN,CS,indriya,297,29,29,0,60,49,70,16,91,2,90,1,1,0,11
SN,CS,indriya,298,28,31,0,59,49,70,17,90,2,89,1,1,0,11
SN,CS,indriya,299,28,32,0,58,48,69,18,89,2,88,1,2,0,11
SN,CS,indriya,300,27,32,0,58,48,69,18,90,2,88,1,2,0,11
SN,CS,indriya,301,27,33,0,59,48,69,16,90,2,89,1,2,0,10
SN,CS,indriya,302,26,34,0,59,48,70,15,90,2,89,1,2,0,10
SN,CS,indriya,303,26,35,0,59,48,71,14,89,2,89,1,2,0,10
SN,CS,indriya,304,26,36,0,59,48,72,15,89,2,86,1,2,0,10
SN,CS,indriya,305,26,34,0,59,48,73,15,89,2,87,1,2,0,10
SN,CS,indriya,306,27,35,0,59,47,74,15,89,2,85,1,2,0,10
SN,CS,indriya,307,28,36,0,59,46,73,16,88,2,85,1,2,0,10
SN,CS,indriya,308,27,37,0,59,46,74,15,88,2,85,1,2,0,10
SN,CS,indriya,309,26,38,0,60,47,74,14,89,1,83,1,2,0,10
SN,CS,indriya,310,26,39,0,60,45,74,14,89,1,84,1,2,0,10
SN,CS,indriya,311,26,37,0,61,45,72,14,91,1,86,1,2,0,10
SN,CS,indriya,312,25,36,0,62,45,74,13,92,1,88,1,1,0,10
SN,CS,indriya,313,25,35,0,62,46,75,13,92,1,87,1,1,0,10
SN,CS,indriya,314,25,33,0,61,47,76,13,92,1,87,1,1,0,11
SN,CS,indriya,315,25,33,0,62,46,76,13,92,1,88,1,1,0,10
SN,CS,indriya,316,25,34,0,62,46,77,13,92,1,86,1,1,0,10
SN,CS,indriya,317,26,34,0,61,45,76,13,93,1,86,1,1,0,11
SN,CS,indriya,318,26,35,0,61,44,76,13,92,1,87,1,1,0,11
SN,CS,indriya,319,26,37,0,61,44,76,13,92,1,85,1,1,0,11
SN,CS,indriya,320,26,38,0,61,41,77,13,92,1,86,1,1,0,11
SN,CS,indriya,321,27,39,0,61,41,75,13,92,1,86,1,1,0,11
SN,CS,indriya,322,27,39,0,61,40,75,13,93,1,86,1,1,0,11
SN,CS,indriya,323,27,40,0,61,38,75,13,92,1,88,1,1,0,11
SN,CS,indriya,324,27,40,0,60,37,75,13,92,1,89,1,1,0,12
SN,CS,indriya,325,28,40,0,61,37,75,13,91,1,89,1,1,0,11
SN,CS,indriya,326,28,41,0,61,37,76,13,91,1,87,1,1,0,11
SN,CS,indriya,327,28,42,0,60,37,76,13,92,1,85,1,1,0,12
SN,CS,indriya,328,28,42,0,61,37,77,13,92,1,84,1,1,0,11
SN,CS,indriya,329,29,41,0,60,38,76,13,93,1,83,1,1,0,12
SN,CS,indriya,330,29,41,0,60,38,77,14,92,1,82,1,1,0,12
SN,CS,indriya,331,29,40,0,60,41,76,13,93,1,81,1,1,0,12
SN,CS,indriya,332,30,39,0,60,42,75,14,93,1,80,1,1,0,12
SN,CS,indriya,333,31,41,0,60,42,73,14,93,1,79,1,1,0,12
SN,CS,indriya,334,30,41,0,60,42,73,13,94,1,80,1,1,0,12
SN,CS,indriya,335,30,42,0,59,41,72,14,94,1,80,1,1,0,13
SN,CS,indriya,336,31,41,0,59,43,71,14,94,1,79,1,1,0,13
SN,CS,indriya,337,32,41,0,59,43,70,14,94,1,79,1,1,0,13
SN,CS,indriya,338,34,40,0,59,44,69,13,94,1,79,1,1,0,13
SN,CS,indriya,339,35,39,0,59,44,69,13,95,1,78,1,1,0,13
SN,CS,indriya,340,37,38,0,59,44,68,13,95,1,78,1,1,0,13
SN,CS,indriya,341,37,38,0,60,46,68,13,95,1,76,1,1,0,12
SN,CS,indriya,342,38,38,0,60,47,67,13,94,1,76,1,1,0,12
SN,CS,indriya,343,38,38,0,60,48,67,13,94,1,75,1,1,0,12
SN,CS,indriya,344,38,38,0,59,50,67,13,93,1,74,1,1,0,13
SN,CS,indriya,345,38,38,0,59,49,68,14,92,1,74,1,1,0,13
SN,CS,indriya,346,39,40,0,59,48,67,13,91,1,75,1,1,0,13
SN,CS,indriya,347,39,40,0,59,49,67,13,91,1,74,1,1,0,13
SN,CS,indriya,348,40,41,0,59,49,69,13,92,1,73,1,1,0,13
SN,CS,indriya,349,39,40,0,58,51,68,14,95,1,73,1,1,0,13
SN,CS,indriya,350,39,42,0,57,51,71,14,93,1,75,1,1,0,13
SN,CS,indriya,351,39,43,0,56,51,70,15,92,1,73,1,2,0,13
SN,CS,indriya,352,38,44,0,56,52,70,14,92,1,73,1,2,0,13
SN,CS,indriya,353,37,43,0,56,52,70,14,92,1,75,1,2,0,13
SN,CS,indriya,354,37,43,0,57,52,70,14,91,1,76,1,2,0,12
SN,CS,indriya,355,38,42,0,57,52,71,14,90,1,77,0,2,0,12
SN,CS,indriya,356,39,43,0,58,51,71,14,90,1,76,0,2,0,11
SN,CS,indriya,357,39,43,0,58,51,71,15,90,1,75,0,2,0,11
SN,CS,indriya,358,37,43,0,57,52,72,15,90,1,75,0,2,0,12
SN,CS,indriya,359,37,42,0,57,50,74,15,91,1,75,0,2,0,12
SN,CS,indriya,360,36,43,0,57,51,74,15,90,1,75,0,2,0,12
SN,CS,indriya,361,35,43,0,57,50,74,16,90,1,76,0,2,0,12
SN,CS,indriya,362,35,43,0,58,49,73,16,90,1,78,0,2,0,11
SN,CS,indriya,363,36,43,0,58,50,73,15,89,1,78,0,2,0,11
SN,CS,indriya,364,37,44,0,58,50,73,15,89,1,76,0,2,0,11
SN,CS,indriya,365,38,44,0,58,48,73,15,90,1,76,0,2,0,11
SN,CS,indriya,366,39,44,0,58,48,71,15,91,1,76,0,2,0,11
SN,CS,indriya,367,40,45,0,58,48,70,16,90,1,75,0,2,0,11
SN,CS,indriya,368,39,44,0,57,47,72,17,90,1,75,0,2,0,12
SN,CS,indriya,369,40,44,0,56,46,71,17,91,1,75,0,2,0,13
SN,CS,indriya,370,40,43,0,56,46,70,18,92,1,75,0,2,0,13
SN,CS,indriya,371,40,43,0,57,45,71,18,92,0,74,0,2,0,13
SN,CS,indriya,372,39,43,0,57,44,72,19,91,0,75,0,2,0,13
SN,CS,indriya,373,40,41,0,58,44,72,18,93,0,75,0,2,0,13
SN,CS,indriya,374,39,40,0,59,45,72,18,95,0,76,0,1,0,13
SN,CS,indriya,375,39,40,0,59,45,74,18,94,0,75,0,1,0,13
SN,CS,indriya,376,40,39,0,58,45,74,18,95,0,74,0,1,0,14
SN,CS,indriya,377,40,39,0,58,44,74,18,95,0,75,0,1,0,14
SN,CS,indriya,378,41,38,0,58,45,74,18,95,0,74,0,1,0,14
SN,CS,indriya,379,41,38,0,58,45,73,17,95,0,76,0,1,0,14
SN,CS,indriya,380,41,38,0,58,45,72,18,95,0,76,0,1,0,14
SN,CS,indriya,381,40,40,0,58,45,71,19,95,0,75,0,1,0,14
SN,CS,indriya,382,40,39,0,57,46,72,18,95,0,75,0,1,0,15
SN,CS,indriya,383,39,39,0,57,46,73,18,95,0,75,0,1,0,15
SN,CS,indriya,384,39,38,0,57,45,73,19,95,0,76,0,1,0,15
SN,CS,indriya,385,39,37,0,56,45,74,20,96,0,74,0,1,0,16
SN,CS,indriya,386,39,37,0,55,46,77,20,95,0,71,0,1,0,17
SN,CS,indriya,387,39,38,0,55,47,76,20,95,0,70,0,1,0,17
SN,CS,indriya,388,39,40,0,55,46,75,21,95,0,69,0,1,0,17
SN,CS,indriya,389,39,40,0,56,46,74,21,95,0,70,0,1,0,16
SN,CS,indriya,390,40,39,0,56,46,74,21,96,0,69,0,1,0,16
SN,CS,indriya,391,39,38,0,55,47,74,21,96,0,70,0,1,0,17
SN,CS,indriya,392,39,38,0,55,47,75,22,94,1,71,0,1,0,16
SN,CS,indriya,393,39,38,0,54,47,75,22,94,1,71,0,1,0,17
SN,CS,indriya,394,39,37,0,54,47,76,22,94,1,71,0,1,0,17
SN,CS,indriya,395,40,36,0,54,47,74,22,95,1,72,0,1,0,17
SN,CS,indriya,396,39,36,0,54,47,75,22,95,1,72,0,1,0,17
SN,CS,indriya,397,40,37,0,53,47,74,23,93,1,70,0,2,0,17
SN,CS,indriya,398,40,36,0,53,48,74,23,94,1,69,0,2,0,17
SN,CS,indriya,399,40,36,0,53,47,75,23,94,1,69,0,2,0,17
SN,CS,indriya,400,39,36,0,52,46,75,23,94,1,71,0,2,0,18
SN,CS,indriya,401,40,35,0,52,46,75,23,94,1,71,0,2,0,18
SN,CS,indriya,402,41,34,0,53,47,76,22,93,1,71,0,2,0,17
SN,CS,indriya,403,41,35,0,53,49,73,22,93,1,71,0,2,0,17
SN,CS,indriya,404,40,36,0,54,48,73,22,92,1,73,0,2,0,16
SN,CS,indriya,405,40,36,0,54,48,74,21,92,1,73,0,2,0,16
SN,CS,indriya,406,41,36,0,54,45,76,21,92,1,73,0,2,0,16
SN,CS,indriya,407,40,37,0,54,44,78,20,92,1,73,0,2,0,16
SN,CS,indriya,408,40,35,0,54,43,79,21,92,1,74,0,2,0,16
SN,CS,indriya,409,40,35,0,54,43,79,21,92,1,74,0,2,0,16
SN,CS,indriya,410,40,34,0,55,43,80,21,92,1,74,0,2,0,15
SN,CS,indriya,411,40,34,0,55,40,82,21,92,1,75,0,2,0,15
SN,CS,indriya,412,41,34,0,55,41,82,20,92,1,74,0,2,0,15
SN,CS,indriya,413,40,34,0,55,40,84,20,92,1,74,0,2,0,15
SN,CS,indriya,414,40,34,0,55,41,83,20,91,1,75,0,2,0,15
SN,CS,indriya,415,39,34,0,55,41,83,20,91,1,76,0,2,0,15
SN,CS,indriya,416,39,34,0,55,40,82,20,91,1,78,0,2,0,15
SN,CS,indriya,417,39,34,0,55,39,82,20,91,1,79,0,2,0,15
SN,CS,indriya,418,39,34,0,55,38,82,20,91,1,80,0,2,0,15
SN,CS,indriya,419,39,34,0,56,37,82,20,91,1,81,0,2,0,14
SN,CS,indriya,420,39,34,0,56,36,83,20,91,1,81,0,2,0,14
SN,CS,indriya,421,38,32,0,56,37,84,20,91,1,82,0,2,0,14
SN,CS,indriya,422,38,32,0,56,35,85,20,91,1,83,0,2,0,14
SN,CS,indriya,423,36,30,0,57,36,84,20,90,1,84,0,2,0,13
SN,CS,indriya,424,37,30,0,58,36,83,19,87,1,85,0,2,0,13
SN,CS,indriya,425,35,28,0,59,37,81,19,88,1,84,0,2,0,13
SN,CS,indriya,426,35,27,0,60,39,81,18,89,1,85,0,1,0,13
SN,CS,indriya,427,35,26,0,60,39,81,18,89,1,86,0,1,0,13
SN,CS,indriya,428,36,26,0,60,39,81,18,89,1,85,0,1,0,13
SN,CS,indriya,429,36,26,0,60,38,81,19,89,1,85,0,1,0,13
SN,CS,indriya,430,36,26,0,60,39,80,19,89,1,85,0,1,0,13
SN,CS,indriya,431,34,25,0,60,39,81,19,89,1,87,0,1,0,13
SN,CS,indriya,432,35,25,0,60,37,82,18,89,1,88,0,1,0,13
SN,CS,indriya,433,35,24,0,61,36,82,19,89,1,89,0,1,0,12
SN,CS,indriya,434,36,23,0,60,38,80,19,87,2,91,1,1,0,12
SN,CS,indriya,435,36,23,0,61,38,80,19,88,2,90,1,1,0,11
SN,CS,indriya,436,36,24,0,60,38,79,18,88,2,90,1,2,0,11
SN,CS,indriya,437,36,25,0,59,38,79,19,87,2,87,1,3,0,11
SN,CS,indriya,438,36,25,0,59,37,78,19,87,2,89,1,3,0,11
SN,CS,indriya,439,36,25,0,60,36,77,20,88,2,89,1,3,0,10
SN,CS,indriya,440,36,25,0,60,36,76,20,88,2,90,1,3,0,10
SN,CS,indriya,441,36,25,0,60,36,76,20,87,2,91,1,3,0,10
SN,CS,indriya,442,35,25,0,60,36,77,19,87,2,92,1,3,0,10
SN,CS,indriya,443,35,25,0,61,37,76,19,87,2,92,1,3,0,9
SN,CS,indriya,444,34,26,0,62,37,76,20,86,2,92,1,3,0,8
SN,CS,indriya,445,34,26,0,62,39,75,19,85,2,93,1,3,0,8
SN,CS,indriya,446,33,26,0,62,39,74,19,85,2,95,1,3,0,8
SN,CS,indriya,447,34,27,0,62,39,73,18,85,2,95,1,3,0,8
SN,CS,indriya,448,34,28,0,62,39,73,18,84,2,95,1,3,0,8
SN,CS,indriya,449,34,29,0,61,39,75,17,83,2,94,1,3,0,9
SN,CS,indriya,450,34,29,0,61,40,74,18,82,2,94,1,3,0,9
SN,CS,indriya,451,33,29,0,62,40,75,18,81,2,95,1,3,0,8
SN,CS,indriya,452,33,28,0,61,41,73,19,82,2,95,1,3,0,9
SN,CS,indriya,453,32,29,0,60,40,72,19,82,2,97,1,3,0,10
SN,CS,indriya,454,33,29,0,59,40,72,19,82,2,96,1,3,0,11
SN,CS,indriya,455,34,30,0,58,39,71,18,83,2,96,1,3,0,12
SN,CS,indriya,456,34,27,0,58,40,73,17,83,2,97,1,3,0,12
SN,CS,indriya,457,33,28,0,58,40,73,17,83,2,97,1,3,0,12
SN,CS,indriya,458,33,28,0,58,40,71,17,83,2,99,1,3,0,12
SN,CS,indriya,459,33,28,0,57,40,70,17,85,2,98,1,3,0,13
SN,CS,indriya,460,34,29,0,58,40,68,16,85,2,99,1,3,0,12
SN,CS,indriya,461,35,29,0,58,39,65,17,86,2,100,1,3,0,12
SN,CS,indriya,462,35,29,0,57,40,64,18,86,2,99,1,3,0,13
SN,CS,indriya,463,35,28,0,57,41,65,17,86,2,99,1,3,0,13
SN,CS,indriya,464,35,28,0,57,41,67,17,86,2,97,1,3,0,13
SN,CS,indriya,465,35,29,0,57,42,67,17,85,2,96,1,3,0,13
SN,CS,indriya,466,35,30,0,57,41,67,17,86,2,95,1,3,0,13
SN,CS,indriya,467,35,32,0,58,41,66,17,87,1,92,1,3,0,13
SN,CS,indriya,468,35,33,0,59,42,66,17,87,1,90,1,3,0,12
SN,CS,indriya,469,37,32,0,59,41,65,17,88,1,90,1,3,0,12
SN,CS,indriya,470,37,32,0,59,41,66,17,87,1,90,1,3,0,12
SN,CS,indriya,471,38,31,0,59,41,65,17,88,1,90,1,3,0,12
SN,CS,indriya,472,37,30,0,60,42,65,17,90,1,91,1,2,0,12
SN,CS,indriya,473,38,30,0,59,41,65,17,90,1,91,1,2,0,13
SN,CS,indriya,474,38,30,0,60,42,64,17,91,1,90,1,2,0,12
SN,CS,indriya,475,38,32,0,60,42,63,19,91,1,87,1,2,0,12
SN,CS,indriya,476,38,32,0,60,44,61,19,92,1,86,1,2,0,12
SN,CS,indriya,477,38,33,0,60,43,59,19,92,1,88,1,2,0,12
SN,CS,indriya,478,38,32,0,60,42,59,19,94,1,88,1,2,0,12
SN,CS,indriya,479,39,31,0,60,43,59,19,94,1,87,1,2,0,12
SN,CS,indriya,480,39,32,0,60,45,57,20,94,1,85,1,2,0,12
SN,CS,indriya,481,38,32,0,60,45,57,21,93,1,86,1,2,0,12
SN,CS,indriya,482,39,33,0,60,45,55,22,93,1,85,1,2,0,12
SN,CS,indriya,483,39,33,0,60,46,55,21,93,1,85,1,2,0,12
SN,CS,indriya,484,39,34,0,60,48,54,21,93,1,83,1,2,0,12
SN,CS,indriya,485,39,34,0,60,48,54,22,92,1,83,1,2,0,12
SN,CS,indriya,486,38,34,0,60,49,52,22,92,1,85,1,2,0,12
SN,CS,indriya,487,36,34,0,60,51,53,22,92,1,84,1,2,0,12
SN,CS,indriya,488,35,36,0,59,52,51,22,93,1,83,1,2,0,13
SN,CS,indriya,489,35,36,0,59,52,51,22,93,1,83,1,2,0,13
SN,CS,indriya,490,34,36,0,58,52,54,22,92,2,82,2,2,0,13
SN,CS,indriya,491,34,37,0,58,51,55,22,92,2,81,2,2,0,13
SN,CS,indriya,492,34,39,0,57,51,56,23,92,2,81,2,2,0,13
SN,CS,indriya,493,35,39,0,56,51,54,24,91,2,80,2,3,0,13
SN,CS,indriya,494,36,39,0,56,51,54,24,91,2,79,2,3,0,13
SN,CS,indriya,495,36,39,0,56,51,54,23,91,2,80,2,3,0,13
SN,CS,indriya,496,38,39,0,55,52,53,23,91,2,78,2,3,0,14
SN,CS,indriya,497,39,39,0,55,53,51,24,91,2,77,2,3,0,14
SN,CS,indriya,498,39,39,0,55,52,52,24,91,2,77,2,3,0,14
SN,CS,indriya,499,38,40,0,54,51,54,24,91,2,76,2,3,0,15
SN,CS,indriya,500,38,41,0,54,50,54,25,91,2,75,2,3,0,15
SN,CS,indriya,501,38,42,0,54,48,56,25,91,2,74,2,3,0,15
SN,CS,indriya,502,39,43,0,54,48,55,25,91,2,73,2,3,0,15
SN,CS,indriya,503,38,44,0,54,47,56,25,92,2,72,2,3,0,15
SN,CS,indriya,504,38,45,0,54,49,56,24,92,2,70,2,3,0,15
SN,CS,indriya,505,37,46,0,54,47,59,24,92,2,69,2,3,0,15
SN,CS,indriya,506,37,46,0,54,48,57,24,93,2,69,2,3,0,15
SN,CS,indriya,507,36,45,0,54,48,58,24,93,2,70,2,3,0,15
SN,CS,indriya,508,36,45,0,54,50,59,23,93,2,68,2,3,0,15
SN,CS,indriya,509,36,45,0,55,48,60,24,94,1,67,1,3,0,15
SN,CS,indriya,510,37,44,0,54,48,59,25,93,1,68,1,3,0,16
SN,CS,indriya,511,38,43,0,55,50,59,25,93,1,67,1,2,0,16
SN,CS,indriya,512,37,42,0,55,51,60,24,94,1,69,1,1,0,17
SN,CS,indriya,513,36,41,0,55,52,62,24,94,1,68,1,1,0,17
SN,CS,indriya,514,36,40,0,55,52,64,23,94,1,68,1,1,0,17
SN,CS,indriya,515,35,40,0,55,52,65,23,93,1,69,1,1,0,17
SN,CS,indriya,516,36,41,0,54,51,65,24,93,1,67,1,1,0,18
SN,CS,indriya,517,36,40,0,54,51,67,24,93,1,66,1,1,0,18
SN,CS,indriya,518,36,41,0,54,51,66,23,94,1,66,1,1,0,18
SN,CS,indriya,519,35,40,0,54,51,68,22,95,1,66,1,1,0,18
SN,CS,indriya,520,35,40,0,54,49,70,23,96,1,64,1,1,0,18
SN,CS,indriya,521,35,40,0,54,50,71,22,96,1,63,1,1,0,18
SN,CS,indriya,522,35,40,0,54,51,71,22,96,1,62,1,1,0,18
SN,CS,indriya,523,34,39,0,53,53,71,22,96,1,62,1,1,0,19
SN,CS,indriya,524,35,38,0,54,53,70,23,96,1,62,1,1,0,18
SN,CS,indriya,525,35,38,0,54,52,70,22,97,1,63,1,1,0,18
SN,CS,indriya,526,36,38,0,54,52,69,22,99,1,61,1,1,0,18
SN,CS,indriya,527,37,38,0,55,51,70,22,98,1,61,1,1,0,17
SN,CS,indriya,528,39,37,0,55,52,69,22,98,1,60,1,1,0,17
SN,CS,indriya,529,38,36,0,56,53,69,22,99,1,60,1,1,0,16
SN,CS,indriya,530,38,35,0,57,55,69,22,99,1,59,1,1,0,15
SN,CS,indriya,531,38,37,0,57,55,67,23,99,1,58,1,1,0,15
SN,CS,indriya,532,39,36,0,58,54,66,23,100,1,59,1,1,0,14
SN,CS,indriya,533,39,35,0,58,55,66,23,100,1,59,1,1,0,14
SN,CS,indriya,534,40,36,0,59,55,66,22,98,1,60,1,1,0,13
SN,CS,indriya,535,40,35,0,59,55,66,23,97,1,61,1,1,0,13
SN,CS,indriya,536,40,36,0,60,56,66,22,96,1,61,1,1,0,12
SN,CS,indriya,537,40,35,0,61,54,67,22,96,1,63,1,1,0,11
SN,CS,indriya,538,40,34,0,61,53,68,22,96,1,64,1,1,0,11
SN,CS,indriya,539,41,34,0,61,53,66,22,96,1,65,1,1,0,11
SN,CS,indriya,540,41,33,0,61,53,65,22,98,1,65,1,1,0,11
SN,CS,indriya,541,41,33,0,62,53,65,22,97,1,66,1,1,0,10
SN,CS,indriya,542,40,31,0,62,53,66,21,97,1,69,1,1,0,10
SN,CS,indriya,543,41,29,0,62,52,66,23,97,1,69,1,1,0,10
SN,CS,indriya,544,40,29,0,61,54,65,23,96,1,70,1,1,0,11
SN,CS,indriya,545,39,31,0,61,54,66,23,96,1,68,1,1,0,11
SN,CS,indriya,546,38,32,0,61,53,67,24,95,1,68,1,1,0,11
SN,CS,indriya,547,38,32,0,60,53,67,23,95,1,69,1,1,0,12
SN,CS,indriya,548,39,32,0,61,53,66,23,94,1,70,1,1,0,11
SN,CS,indriya,549,39,32,0,61,52,66,23,93,1,72,1,1,0,11
SN,CS,indriya,550,40,30,0,61,53,67,21,94,1,72,1,1,0,11
SN,CS,indriya,551,40,30,0,61,52,68,21,93,1,73,1,1,0,11
SN,CS,indriya,552,40,29,0,61,53,68,21,94,1,72,1,1,0,11
SN,CS,indriya,553,41,29,0,61,52,68,22,93,1,72,1,1,0,11
SN,CS,indriya,554,40,30,0,61,51,69,23,93,1,71,1,1,0,11
SN,CS,indriya,555,41,31,0,61,49,70,22,93,1,71,1,1,0,11
SN,CS,indriya,556,41,31,0,60,49,71,22,93,1,70,1,1,0,12
SN,CS,indriya,557,40,30,0,59,50,72,21,94,1,70,1,1,0,13
SN,CS,indriya,558,39,30,0,58,49,74,22,94,1,69,1,1,0,14
SN,CS,indriya,559,40,29,0,58,48,75,22,93,1,70,1,1,0,14
SN,CS,indriya,560,42,30,0,58,49,74,20,93,1,69,1,1,0,14
SN,CS,indriya,561,42,30,0,58,48,77,20,94,1,66,1,1,0,14
SN,CS,indriya,562,44,30,0,58,46,77,20,94,1,66,1,1,0,14
SN,CS,indriya,563,44,29,0,59,45,79,21,93,1,66,1,1,0,13
SN,CS,indriya,564,43,29,0,58,44,79,21,93,1,68,1,1,0,14
SN,CS,indriya,565,43,30,0,59,44,78,21,95,0,66,0,1,0,14
SN,CS,indriya,566,44,29,0,59,43,79,21,95,0,66,0,1,0,14
SN,CS,indriya,567,45,28,0,60,43,79,20,95,0,63,0,1,0,14
SN,CS,indriya,568,44,28,0,60,44,81,21,96,0,63,0,0,0,14
SN,CS,indriya,569,43,29,0,60,43,81,21,97,0,63,0,0,0,14
SN,CS,indriya,570,43,29,0,60,44,81,21,97,0,62,0,0,0,14
SN,CS,indriya,571,42,29,0,61,43,82,21,97,0,63,0,0,0,13
SN,CS,indriya,572,42,28,0,61,43,82,20,97,0,65,0,0,0,13
SN,CS,indriya,573,42,29,0,61,43,80,22,97,0,64,0,0,0,13
SN,CS,indriya,574,44,28,0,62,44,78,22,97,0,64,0,0,0,12
SN,CS,indriya,575,44,27,0,62,45,79,21,97,0,64,0,0,0,12
SN,CS,indriya,576,43,26,0,62,46,78,21,97,0,66,0,0,0,12
SN,CS,indriya,577,42,25,0,62,46,80,22,97,0,65,0,0,0,12
SN,CS,indriya,578,42,26,0,61,46,80,22,96,0,65,0,0,0,13
SN,CS,indriya,579,41,25,0,61,44,81,23,97,0,66,0,0,0,13
SN,CS,indriya,580,42,24,0,61,45,78,24,97,0,67,0,0,0,13
SN,CS,indriya,581,43,24,0,60,44,79,25,97,0,65,0,0,0,14
SN,CS,indriya,582,44,24,0,60,44,78,27,97,0,63,0,0,0,14
SN,CS,indriya,583,45,24,0,59,42,76,27,97,0,66,0,0,0,15
SN,CS,indriya,584,45,25,0,59,42,75,26,98,0,66,0,0,0,15
SN,CS,indriya,585,44,25,0,59,41,76,25,99,0,67,0,0,0,15
SN,CS,indriya,586,43,25,0,59,39,77,26,99,0,68,0,0,0,15
SN,CS,indriya,587,43,25,0,59,38,78,27,99,0,67,0,0,0,15
SN,CS,indriya,588,44,25,0,59,38,76,27,99,0,68,0,0,0,15
SN,CS,indriya,589,43,26,0,59,38,76,28,98,0,68,0,0,0,15
SN,CS,indriya,590,44,26,0,59,37,76,28,98,0,68,0,0,0,15
SN,CS,indriya,591,43,25,0,60,38,77,27,98,0,69,0,0,0,14
SN,CS,indriya,592,44,25,0,59,38,74,27,98,0,71,0,0,0,15
SN,CS,indriya,593,44,25,0,59,37,76,27,97,0,71,0,0,0,15
SN,CS,indriya,594,45,25,0,59,38,75,27,96,0,71,0,0,0,15
SN,CS,indriya,595,46,25,0,58,39,73,26,96,0,72,0,0,0,16
SN,CS,indriya,596,46,25,0,58,38,72,27,97,0,72,0,0,0,16
SN,CS,indriya,597,45,25,0,58,37,73,27,97,0,73,0,0,0,16
SN,CS,indriya,598,45,25,0,59,35,73,27,98,0,74,0,0,0,15
SN,CS,indriya,599,45,26,0,58,34,72,26,98,0,76,0,0,0,16
SN,CS,indriya,600,46,26,0,57,34,72,26,98,0,75,0,0,0,17
SN,CS,indriya,601,46,26,0,56,34,72,26,96,0,77,0,0,0,18
SN,CS,indriya,602,46,26,0,56,37,71,25,96,0,76,0,0,0,18
SN,CS,indriya,603,45,26,0,57,38,71,25,97,0,75,0,0,0,17
SN,CS,indriya,604,45,26,0,57,37,71,25,96,0,77,0,0,0,17
SN,CS,indriya,605,44,27,0,56,36,72,25,95,0,78,0,0,0,18
SN,CS,indriya,606,44,25,0,56,35,73,25,95,0,80,0,0,0,18
SN,CS,indriya,607,43,25,0,56,36,74,26,94,0,79,0,0,0,18
SN,CS,indriya,608,44,26,0,56,36,74,26,94,0,77,0,0,0,18
SN,CS,indriya,609,44,25,0,55,36,76,27,94,1,75,0,0,0,18
SN,CS,indriya,610,44,25,0,55,37,76,27,94,1,74,0,0,0,18
SN,CS,indriya,611,44,24,0,55,37,77,27,94,1,74,0,0,0,18
SN,CS,indriya,612,45,24,0,55,37,78,26,95,1,72,0,0,0,18
SN,CS,indriya,613,45,26,0,55,38,76,26,95,1,71,0,0,0,18
SN,CS,indriya,614,45,27,0,55,37,75,26,95,1,72,0,0,0,18
SN,CS,indriya,615,45,28,0,55,36,76,27,93,1,72,0,0,0,18
SN,CS,indriya,616,46,28,0,55,35,77,27,93,1,71,0,0,0,18
SN,CS,indriya,617,46,28,0,55,35,79,28,93,1,68,0,0,0,18
SN,CS,indriya,618,46,29,0,55,36,78,26,93,1,69,0,0,0,18
SN,CS,indriya,619,45,29,0,56,35,80,26,93,1,69,0,0,0,17
SN,CS,indriya,620,45,27,0,56,35,79,27,93,1,71,0,0,0,17
SN,CS,indriya,621,45,27,0,56,35,80,26,93,1,71,0,0,0,17
SN,CS,indriya,622,45,27,0,57,35,81,26,92,1,71,0,0,0,16
SN,CS,indriya,623,44,28,0,57,35,81,26,93,1,70,0,0,0,16
SN,CS,indriya,624,45,28,0,56,35,79,27,94,1,69,0,0,0,17
SN,CS,indriya,625,44,28,0,56,35,79,27,94,1,70,0,0,0,17
SN,CS,indriya,626,43,28,0,56,35,78,27,96,1,70,0,0,0,17
SN,CS,indriya,627,42,28,0,56,35,80,27,95,1,70,0,0,0,17
SN,CS,indriya,628,42,29,0,56,36,80,26,94,1,70,0,0,0,17
SN,CS,indriya,629,42,29,0,56,37,79,25,94,1,71,0,0,0,17
SN,CS,indriya,630,41,28,0,55,39,79,25,94,1,71,0,0,0,18
SN,CS,indriya,631,41,28,0,55,40,77,25,94,1,72,0,0,0,18
SN,CS,indriya,632,42,27,0,55,40,76,25,94,1,73,0,0,0,18
SN,CS,indriya,633,42,28,0,56,41,74,24,93,1,75,0,0,0,17
SN,CS,indriya,634,41,29,0,55,41,75,24,93,1,74,0,0,0,18
SN,CS,indriya,635,39,29,0,54,40,76,25,93,1,75,0,0,0,19
SN,CS,indriya,636,39,30,0,53,40,75,26,92,1,75,0,0,0,20
SN,CS,indriya,637,37,32,0,53,40,75,26,92,1,75,0,0,0,20
SN,CS,indriya,638,38,31,0,53,40,74,25,93,1,76,0,0,0,20
SN,CS,indriya,639,39,31,0,54,41,73,25,93,1,75,0,0,0,19
SN,CS,indriya,640,40,30,0,53,42,71,25,92,1,77,0,0,0,20
SN,CS,indriya,641,40,31,0,53,42,71,25,92,1,76,0,0,0,20
SN,CS,indriya,642,38,31,0,53,44,70,26,92,1,76,0,0,0,20
SN,CS,indriya,643,40,30,0,54,45,68,24,92,1,76,0,0,0,20
SN,CS,indriya,644,41,29,0,54,46,67,25,91,1,76,0,0,0,20
SN,CS,indriya,645,41,29,0,54,46,66,25,91,1,77,0,0,0,20
SN,CS,indriya,646,41,29,0,54,46,65,26,91,1,77,0,0,0,20
SN,CS,indriya,647,41,29,0,54,45,67,26,91,1,76,0,0,0,20
SN,CS,indriya,648,41,29,0,54,45,69,24,91,1,76,0,0,0,20
SN,CS,indriya,649,39,29,0,54,44,71,24,91,1,77,0,0,0,20
SN,CS,indriya,650,40,31,0,53,43,70,24,91,1,76,0,0,0,21
SN,CS,indriya,651,40,32,0,52,42,70,24,91,1,76,0,0,0,22
SN,CS,indriya,652,40,33,0,51,42,69,23,91,1,77,0,0,0,23
SN,CS,indriya,653,41,32,0,52,42,67,24,91,1,78,0,0,0,22
SN,CS,indriya,654,41,32,0,52,43,67,23,90,1,79,0,0,0,22
SN,CS,indriya,655,40,33,0,52,42,68,23,90,1,79,0,0,0,22
SN,CS,indriya,656,39,33,0,53,42,67,23,90,1,81,0,0,0,21
SN,CS,indriya,657,38,33,0,52,43,68,22,90,1,81,0,0,0,22
SN,CS,indriya,658,38,33,0,53,44,69,22,90,1,79,0,0,0,21
SN,CS,indriya,659,38,32,0,53,45,70,22,89,1,79,0,0,0,21
SN,CS,indriya,660,39,32,0,53,45,71,22,88,1,78,0,0,0,21
SN,CS,indriya,661,40,33,0,53,46,71,21,88,1,76,0,0,0,21
SN,CS,indriya,662,41,33,0,53,46,70,20,88,1,77,0,0,0,21
SN,CS,indriya,663,41,33,0,53,46,70,20,88,1,77,0,0,0,21
SN,CS,indriya,664,42,32,0,53,46,68,21,88,1,78,0,0,0,21
SN,CS,indriya,665,42,32,0,53,47,67,21,89,1,77,0,0,0,21
SN,CS,indriya,666,42,32,0,52,46,67,22,88,2,79,0,0,0,21
SN,CS,indriya,667,41,33,0,53,46,69,22,88,2,77,0,0,0,20
SN,CS,indriya,668,41,32,0,52,48,69,22,91,2,76,0,0,0,20
SN,CS,indriya,669,40,32,0,51,49,69,23,94,2,75,0,0,0,20
