Text_Type,Book,Chapter,Window,L,G,LL,LG,GL,GG,LLL,LLG,LGL,LGG,GLL,GLG,GGL,GGG
SN,CS,siddi,1,23,49,0,0,0,2,0,1,94,2,75,158,144,44
SN,CS,siddi,2,23,50,0,0,0,2,0,1,95,1,76,159,146,43
SN,CS,siddi,3,23,51,0,0,0,1,0,0,96,0,76,162,148,43
SN,CS,siddi,4,23,51,0,0,0,1,0,0,96,0,76,162,147,44
SN,CS,siddi,5,23,51,0,0,0,1,0,0,96,0,76,162,147,44
SN,CS,siddi,6,24,50,0,0,0,1,0,0,97,0,76,162,145,45
SN,CS,siddi,7,24,50,0,0,0,1,0,0,96,0,77,161,146,45
SN,CS,siddi,8,24,50,0,0,0,1,0,0,96,0,77,161,146,45
SN,CS,siddi,9,24,50,0,0,0,1,0,0,95,0,77,160,147,46
SN,CS,siddi,10,25,49,0,0,0,1,0,0,94,0,78,160,148,45
SN,CS,siddi,11,25,49,0,0,0,1,0,0,93,0,78,160,149,45
SN,CS,siddi,12,24,50,0,0,0,1,0,0,93,0,78,160,149,45
SN,CS,siddi,13,24,50,0,0,0,1,0,0,94,0,78,160,148,45
SN,CS,siddi,14,25,49,0,0,0,1,0,0,95,0,78,160,148,44
SN,CS,siddi,15,26,48,0,0,0,1,0,0,95,0,78,160,149,43
SN,CS,siddi,16,26,48,0,0,0,1,0,0,94,0,78,160,150,43
SN,CS,siddi,17,26,48,0,0,0,1,0,0,94,0,78,160,149,44
SN,CS,siddi,18,26,49,0,0,0,0,0,0,91,0,79,162,149,44
SN,CS,siddi,19,26,49,0,0,0,0,0,0,91,0,79,162,149,44
SN,CS,siddi,20,26,49,0,0,0,0,0,0,91,0,79,162,148,45
SN,CS,siddi,21,25,50,0,0,0,0,0,0,91,0,79,161,148,46
SN,CS,siddi,22,25,50,0,0,0,0,0,0,90,0,79,161,148,47
SN,CS,siddi,23,24,51,0,0,0,0,0,0,89,0,79,161,149,47
SN,CS,siddi,24,24,51,0,0,0,0,0,0,89,0,79,160,149,48
SN,CS,siddi,25,24,51,0,0,0,0,0,0,89,0,79,160,150,47
SN,CS,siddi,26,23,52,0,0,0,0,0,0,89,0,79,160,150,47
SN,CS,siddi,27,23,52,0,0,0,0,0,0,90,0,79,160,149,47
SN,CS,siddi,28,23,52,0,0,0,0,0,0,91,0,79,160,148,47
SN,CS,siddi,29,23,52,0,0,0,0,0,0,90,0,79,159,149,48
SN,CS,siddi,30,23,52,0,0,0,0,0,0,90,0,79,159,149,48
SN,CS,siddi,31,22,53,0,0,0,0,0,0,90,0,79,159,149,48
SN,CS,siddi,32,22,53,0,0,0,0,0,0,90,0,79,159,148,49
SN,CS,siddi,33,23,52,0,0,0,0,0,0,90,0,79,159,148,49
SN,CS,siddi,34,22,53,0,0,0,0,0,0,90,0,79,159,148,49
SN,CS,siddi,35,22,53,0,0,0,0,0,0,91,0,79,160,147,48
SN,CS,siddi,36,22,53,0,0,0,0,0,0,91,0,79,159,147,49
SN,CS,siddi,37,23,52,0,0,0,0,0,0,90,0,79,159,148,49
SN,CS,siddi,38,22,53,0,0,0,0,0,0,90,0,79,159,148,49
SN,CS,siddi,39,22,53,0,0,0,0,0,0,90,0,79,159,149,48
SN,CS,siddi,40,22,53,0,0,0,0,0,0,90,0,79,159,149,48
SN,CS,siddi,41,22,53,0,0,0,0,0,0,90,0,79,160,148,48
SN,CS,siddi,42,22,53,0,0,0,0,0,0,89,0,79,160,149,48
SN,CS,siddi,43,21,53,0,0,0,1,0,1,89,2,78,158,149,49
SN,CS,siddi,44,21,53,0,0,0,1,0,1,90,2,78,158,148,49
SN,CS,siddi,45,21,52,0,0,0,2,0,1,89,3,77,157,145,51
SN,CS,siddi,46,21,51,0,0,0,3,0,2,88,4,77,155,142,51
SN,CS,siddi,47,20,52,0,0,0,3,0,2,88,4,76,153,142,52
SN,CS,siddi,48,19,53,0,0,0,3,0,2,88,4,75,153,141,52
SN,CS,siddi,49,20,52,0,0,0,3,0,3,88,4,74,151,140,53
SN,CS,siddi,50,20,52,0,0,0,3,0,4,87,4,73,149,139,55
SN,CS,siddi,51,20,52,0,0,0,3,0,4,87,4,73,147,139,55
SN,CS,siddi,52,19,53,0,0,0,3,0,5,87,4,72,145,136,58
SN,CS,siddi,53,18,54,0,0,0,3,0,7,87,4,71,144,133,59
SN,CS,siddi,54,17,55,0,0,0,3,0,8,87,4,70,142,133,59
SN,CS,siddi,55,17,55,0,0,0,3,0,9,87,4,69,139,132,61
SN,CS,siddi,56,16,56,0,0,0,3,0,10,87,5,68,137,130,62
SN,CS,siddi,57,16,56,0,0,0,3,2,12,94,16,68,144,134,65
SN,CS,siddi,58,16,55,0,0,0,3,6,21,100,29,78,161,145,95
SN,CS,siddi,59,16,54,1,0,0,3,7,24,99,31,79,159,146,96
SN,CS,siddi,60,16,53,1,0,0,3,12,29,109,35,80,167,152,105
SN,CS,siddi,61,15,53,1,0,0,3,13,31,114,41,83,169,150,108
SN,CS,siddi,62,15,52,1,0,0,3,14,43,126,54,89,187,161,130
SN,CS,siddi,63,15,51,1,1,0,3,18,51,132,62,92,198,169,137
SN,CS,siddi,64,14,51,1,1,0,3,21,53,135,64,93,206,177,141
SN,CS,siddi,65,14,51,1,1,0,3,24,58,147,84,94,214,191,170
SN,CS,siddi,66,14,50,1,2,0,3,25,64,158,92,102,226,202,178
SN,CS,siddi,67,13,50,1,3,0,3,26,68,160,96,107,229,204,181
SN,CS,siddi,68,13,49,1,3,0,4,27,70,164,105,108,233,206,191
SN,CS,siddi,69,13,49,1,3,0,4,27,71,167,107,108,234,209,192
SN,CS,siddi,70,14,48,1,3,0,4,27,73,175,115,107,238,211,194
SN,CS,siddi,71,14,47,1,3,0,4,28,80,188,137,114,252,228,210
SN,CS,siddi,72,14,46,1,3,0,4,32,87,201,141,120,263,230,218
SN,CS,siddi,73,14,45,1,3,0,4,32,88,200,143,120,265,232,221
SN,CS,siddi,74,13,45,1,4,0,4,32,89,199,143,121,264,231,221
SN,CS,siddi,75,12,46,1,4,0,4,32,90,199,144,120,262,229,222
SN,CS,siddi,76,12,46,1,4,0,4,32,90,199,145,120,261,227,222
SN,CS,siddi,77,12,46,1,4,0,4,32,91,199,145,119,261,226,221
SN,CS,siddi,78,13,45,1,4,0,4,32,92,200,145,118,258,224,223
SN,CS,siddi,79,12,46,1,4,0,4,32,93,200,146,117,256,222,224
SN,CS,siddi,80,12,46,1,4,0,4,32,93,200,147,116,255,221,224
SN,CS,siddi,81,12,46,1,4,0,4,32,93,199,149,115,254,220,224
SN,CS,siddi,82,12,46,1,4,0,4,32,94,199,149,113,252,218,227
SN,CS,siddi,83,11,47,1,4,0,4,32,94,199,150,112,251,217,227
SN,CS,siddi,84,11,46,1,4,0,5,32,97,198,152,113,252,218,232
SN,CS,siddi,85,10,46,1,4,0,6,32,98,197,153,112,250,216,232
SN,CS,siddi,86,10,46,1,4,0,6,32,98,198,153,112,250,216,231
SN,CS,siddi,87,10,46,1,4,0,6,32,98,199,153,112,249,216,231
SN,CS,siddi,88,10,46,1,4,0,6,32,98,198,153,112,248,217,232
SN,CS,siddi,89,9,47,1,4,0,6,32,98,197,153,112,249,217,232
SN,CS,siddi,90,8,48,1,4,0,6,32,98,198,153,112,249,215,233
SN,CS,siddi,91,8,48,1,4,0,6,32,98,198,153,112,249,215,233
SN,CS,siddi,92,9,47,1,4,0,6,32,98,199,153,112,250,214,232
SN,CS,siddi,93,10,46,1,4,0,6,32,98,199,153,112,249,214,233
SN,CS,siddi,94,9,47,1,4,0,6,32,98,200,153,112,250,213,232
SN,CS,siddi,95,9,46,1,4,1,6,32,98,202,153,111,250,212,232
SN,CS,siddi,96,9,46,1,4,1,6,32,98,202,153,111,251,212,231
SN,CS,siddi,97,10,45,1,4,1,6,32,98,202,153,111,251,212,231
SN,CS,siddi,98,11,44,1,4,1,6,32,98,203,153,111,251,211,231
SN,CS,siddi,99,12,43,1,4,1,6,32,98,203,153,111,251,211,231
SN,CS,siddi,100,12,43,1,4,1,6,32,98,202,153,111,251,211,232
SN,CS,siddi,101,13,42,1,4,1,6,32,98,201,153,111,251,212,232
SN,CS,siddi,102,13,42,1,4,1,6,32,98,201,153,111,251,213,231
SN,CS,siddi,103,13,42,1,4,1,6,32,98,201,153,111,251,213,231
SN,CS,siddi,104,13,42,1,4,1,6,32,98,201,153,111,251,213,231
SN,CS,siddi,105,13,42,1,4,1,6,32,98,201,153,111,251,213,231
SN,CS,siddi,106,14,41,1,4,1,6,32,98,202,153,111,251,212,231
SN,CS,siddi,107,15,40,1,4,1,6,32,98,203,153,111,251,211,231
SN,CS,siddi,108,14,41,1,4,1,6,32,98,203,153,111,251,210,232
SN,CS,siddi,109,14,41,1,4,1,6,32,98,203,153,112,251,210,231
SN,CS,siddi,110,14,41,1,4,1,6,32,98,202,153,112,250,212,231
SN,CS,siddi,111,15,40,1,4,1,6,32,98,203,153,112,250,211,231
SN,CS,siddi,112,14,41,1,4,1,6,32,98,203,153,113,250,211,230
SN,CS,siddi,113,14,41,1,4,1,6,32,98,203,153,113,251,211,229
SN,CS,siddi,114,14,41,1,4,1,6,32,98,203,153,113,251,210,230
SN,CS,siddi,115,13,42,1,4,1,6,32,98,204,153,113,251,209,230
SN,CS,siddi,116,13,42,1,4,1,6,32,98,204,153,113,250,209,231
SN,CS,siddi,117,13,42,1,4,1,6,32,98,204,153,113,251,209,230
SN,CS,siddi,118,13,43,1,4,1,5,32,97,204,151,114,253,209,229
SN,CS,siddi,119,13,43,1,4,1,5,32,97,204,151,114,253,209,229
SN,CS,siddi,120,13,44,1,4,1,4,32,97,206,150,115,254,210,228
SN,CS,siddi,121,13,45,1,4,1,3,32,96,207,149,115,256,213,228
SN,CS,siddi,122,14,44,1,4,1,3,32,96,206,149,116,258,214,227
SN,CS,siddi,123,14,44,1,4,1,3,32,96,206,149,117,258,215,227
SN,CS,siddi,124,13,45,1,4,1,3,32,95,206,149,118,260,216,226
SN,CS,siddi,125,14,44,1,4,1,3,32,94,207,149,119,262,216,225
SN,CS,siddi,126,14,44,1,4,1,3,32,94,207,149,119,263,216,226
SN,CS,siddi,127,14,44,1,4,1,3,32,93,207,149,119,265,219,224
SN,CS,siddi,128,15,43,1,4,1,3,32,91,208,149,120,266,220,224
SN,CS,siddi,129,15,43,1,4,1,3,32,91,208,149,121,268,220,223
SN,CS,siddi,130,15,43,1,4,1,3,32,90,208,149,122,270,221,222
SN,CS,siddi,131,15,43,1,4,1,3,32,89,208,148,123,272,223,221
SN,CS,siddi,132,15,43,1,4,1,3,30,87,200,137,123,265,220,218
SN,CS,siddi,133,15,44,1,4,1,3,26,78,194,124,113,248,209,188
SN,CS,siddi,134,16,44,0,4,1,3,25,75,195,122,112,250,208,187
SN,CS,siddi,135,16,45,0,4,1,3,20,70,185,118,111,242,202,178
SN,CS,siddi,136,17,45,0,4,1,3,19,68,181,112,107,240,203,176
SN,CS,siddi,137,17,46,0,4,1,3,18,56,169,99,101,221,192,155
SN,CS,siddi,138,17,47,0,3,1,3,14,48,163,91,98,210,184,148
SN,CS,siddi,139,17,48,0,3,1,3,11,46,160,89,97,203,176,143
SN,CS,siddi,140,17,48,0,3,1,3,8,41,148,69,96,196,162,113
SN,CS,siddi,141,18,48,0,2,1,3,7,35,137,61,88,184,151,105
SN,CS,siddi,142,18,49,0,1,1,3,6,31,135,57,83,180,149,103
SN,CS,siddi,143,18,50,0,1,1,2,5,29,132,48,82,176,146,93
SN,CS,siddi,144,18,50,0,1,1,2,5,28,129,46,82,176,143,91
SN,CS,siddi,145,17,51,0,1,1,2,5,26,120,38,84,172,141,89
SN,CS,siddi,146,17,52,0,1,1,2,4,19,108,16,76,158,123,74
SN,CS,siddi,147,17,53,0,1,1,2,0,12,95,12,70,147,121,66
SN,CS,siddi,148,17,54,0,1,1,2,0,11,96,10,70,145,119,63
SN,CS,siddi,149,17,55,0,0,1,2,0,10,97,10,69,146,121,62
SN,CS,siddi,150,17,55,0,0,1,2,0,9,97,9,70,148,123,61
SN,CS,siddi,151,17,55,0,0,1,2,0,9,98,8,70,149,124,61
SN,CS,siddi,152,17,55,0,0,1,2,0,8,98,8,71,149,125,62
SN,CS,siddi,153,17,55,0,0,1,2,0,7,98,8,72,151,126,61
SN,CS,siddi,154,17,55,0,0,1,2,0,6,98,7,73,153,128,60
SN,CS,siddi,155,18,54,0,0,1,2,0,6,99,6,74,154,129,59
SN,CS,siddi,156,17,55,0,0,1,2,0,6,99,4,75,156,131,58
SN,CS,siddi,157,18,54,0,0,1,2,0,5,99,4,76,158,133,56
SN,CS,siddi,158,19,53,0,0,1,2,0,5,99,3,77,159,135,55
SN,CS,siddi,159,19,54,0,0,1,1,0,2,100,1,76,158,135,49
SN,CS,siddi,160,20,54,0,0,1,0,0,1,101,0,76,160,138,49
SN,CS,siddi,161,20,54,0,0,1,0,0,1,101,0,76,160,137,50
SN,CS,siddi,162,20,54,0,0,1,0,0,1,101,0,76,160,136,51
SN,CS,siddi,163,21,53,0,0,1,0,0,1,101,0,76,160,137,50
SN,CS,siddi,164,22,52,0,0,1,0,0,1,101,0,76,160,137,50
SN,CS,siddi,165,22,52,0,0,1,0,0,1,100,0,76,160,138,50
SN,CS,siddi,166,22,52,0,0,1,0,0,1,101,0,76,160,137,50
SN,CS,siddi,167,21,53,0,0,1,0,0,1,101,0,76,160,137,50
SN,CS,siddi,168,20,54,0,0,1,0,0,1,102,0,76,160,136,50
SN,CS,siddi,169,21,53,0,0,1,0,0,1,101,0,76,159,137,51
SN,CS,siddi,170,21,54,0,0,0,0,0,1,100,0,77,159,137,51
SN,CS,siddi,171,21,54,0,0,0,0,0,1,100,0,77,158,137,52
SN,CS,siddi,172,20,55,0,0,0,0,0,1,100,0,77,158,138,51
SN,CS,siddi,173,19,56,0,0,0,0,0,1,99,0,77,159,139,50
SN,CS,siddi,174,19,56,0,0,0,0,0,1,98,0,78,159,140,49
SN,CS,siddi,175,19,56,0,0,0,0,0,1,99,0,78,159,139,49
SN,CS,siddi,176,19,56,0,0,0,0,0,1,100,0,78,160,138,48
SN,CS,siddi,177,19,56,0,0,0,0,1,1,100,0,77,160,138,48
SN,CS,siddi,178,19,56,0,0,0,0,1,1,99,0,78,160,139,47
SN,CS,siddi,179,19,56,0,0,0,0,1,1,99,0,78,160,139,47
SN,CS,siddi,180,20,55,0,0,0,0,1,1,100,0,78,160,138,47
SN,CS,siddi,181,20,55,0,0,0,0,1,1,99,0,78,160,139,47
SN,CS,siddi,182,19,56,0,0,0,0,1,1,98,0,78,160,141,46
SN,CS,siddi,183,19,56,0,0,0,0,1,1,98,0,78,160,141,46
SN,CS,siddi,184,20,55,0,0,0,0,1,1,98,0,77,161,141,46
SN,CS,siddi,185,21,54,0,0,0,0,1,1,99,0,77,161,139,47
SN,CS,siddi,186,20,55,0,0,0,0,1,1,98,0,77,161,141,46
SN,CS,siddi,187,20,55,0,0,0,0,1,1,99,0,76,161,141,46
SN,CS,siddi,188,20,55,0,0,0,0,1,1,99,0,76,160,141,47
SN,CS,siddi,189,20,55,0,0,0,0,1,1,99,0,76,161,141,46
SN,CS,siddi,190,20,55,0,0,0,0,1,1,98,0,76,161,142,46
SN,CS,siddi,191,20,55,0,0,0,0,1,1,98,0,76,161,142,46
SN,CS,siddi,192,20,55,0,0,0,0,1,1,98,0,76,161,142,46
SN,CS,siddi,193,20,55,0,0,0,0,1,1,98,0,76,161,143,45
SN,CS,siddi,194,20,55,0,0,0,0,1,1,97,0,76,161,144,45
SN,CS,siddi,195,21,54,0,0,0,0,1,1,97,0,76,161,144,45
SN,CS,siddi,196,22,53,0,0,0,0,1,1,97,0,76,161,143,46
SN,CS,siddi,197,21,54,0,0,0,0,1,1,98,0,76,161,143,45
SN,CS,siddi,198,21,54,0,0,0,0,1,1,99,0,76,161,143,44
SN,CS,siddi,199,21,54,0,0,0,0,1,1,100,0,76,161,143,43
SN,CS,siddi,200,20,55,0,0,0,0,1,1,100,0,76,161,144,42
SN,CS,siddi,201,20,55,0,0,0,0,1,1,100,0,76,161,144,42
SN,CS,siddi,202,20,55,0,0,0,0,1,1,100,0,77,161,143,42
SN,CS,siddi,203,19,56,0,0,0,0,1,1,99,0,77,161,144,42
SN,CS,siddi,204,19,56,0,0,0,0,1,0,99,0,77,161,144,43
SN,CS,siddi,205,19,56,0,0,0,0,1,0,99,0,77,161,145,42
SN,CS,siddi,206,19,56,0,0,0,0,1,0,100,0,77,162,144,41
SN,CS,siddi,207,19,56,0,0,0,0,1,0,101,0,77,162,143,41
SN,CS,siddi,208,19,56,0,0,0,0,1,0,101,0,77,163,143,40
SN,CS,siddi,209,19,56,0,0,0,0,1,0,102,0,78,163,142,39
SN,CS,siddi,210,19,56,0,0,0,0,1,0,103,0,78,164,141,38
SN,CS,siddi,211,18,57,0,0,0,0,1,0,103,0,78,164,141,38
SN,CS,siddi,212,19,56,0,0,0,0,1,0,103,0,79,164,141,37
SN,CS,siddi,213,19,56,0,0,0,0,1,0,104,0,79,164,140,37
SN,CS,siddi,214,19,56,0,0,0,0,1,0,105,0,79,164,139,37
SN,CS,siddi,215,19,56,0,0,0,0,1,0,105,0,79,163,139,38
SN,CS,siddi,216,19,56,0,0,0,0,1,0,105,0,80,163,139,37
SN,CS,siddi,217,19,56,0,0,0,0,1,0,105,0,80,163,140,36
SN,CS,siddi,218,19,56,0,0,0,0,1,0,104,0,80,163,141,36
SN,CS,siddi,219,19,56,0,0,0,0,1,0,105,0,80,162,141,36
SN,CS,siddi,220,19,56,0,0,0,0,1,0,106,0,79,162,140,37
SN,CS,siddi,221,20,55,0,0,0,0,1,0,106,0,79,162,140,37
SN,CS,siddi,222,20,55,0,0,0,0,1,0,107,0,79,162,138,38
SN,CS,siddi,223,20,55,0,0,0,0,1,0,106,0,80,162,139,37
SN,CS,siddi,224,20,55,0,0,0,0,1,0,105,1,79,160,136,40
SN,CS,siddi,225,20,54,0,0,0,1,1,1,104,2,79,158,134,39
SN,CS,siddi,226,20,54,0,0,0,1,1,1,104,2,78,158,133,39
SN,CS,siddi,227,20,54,0,0,0,1,1,2,105,2,77,156,132,39
SN,CS,siddi,228,19,55,0,0,0,1,1,3,104,3,76,155,131,39
SN,CS,siddi,229,19,55,0,0,0,1,1,3,104,4,76,155,129,38
SN,CS,siddi,230,18,56,0,0,0,1,1,3,104,6,76,153,127,38
SN,CS,siddi,231,18,56,0,0,0,1,1,4,104,6,76,151,126,38
SN,CS,siddi,232,18,56,0,0,0,1,1,4,104,8,75,150,124,38
SN,CS,siddi,233,17,57,0,0,0,1,1,4,104,9,74,149,122,39
SN,CS,siddi,234,17,57,0,0,0,1,1,6,105,9,73,148,119,39
SN,CS,siddi,235,16,58,0,0,0,1,1,6,105,10,72,147,116,41
SN,CS,siddi,236,16,58,0,0,0,1,1,7,104,11,71,145,115,42
SN,CS,siddi,237,16,58,0,0,0,1,1,7,103,11,70,146,115,41
SN,CS,siddi,238,15,59,0,0,0,1,1,8,104,11,69,144,112,43
SN,CS,siddi,239,14,60,0,0,0,1,1,9,104,13,68,141,110,44
SN,CS,siddi,240,14,60,0,0,0,1,1,9,104,15,67,140,108,44
SN,CS,siddi,241,14,60,0,0,0,1,1,9,103,16,66,139,107,45
SN,CS,siddi,242,14,60,0,0,0,1,1,9,102,17,65,138,107,45
SN,CS,siddi,243,14,60,0,0,0,1,1,9,101,17,65,138,107,44
SN,CS,siddi,244,13,61,0,0,0,1,1,9,101,17,64,139,106,43
SN,CS,siddi,245,13,61,0,0,0,1,1,9,100,17,64,139,105,43
SN,CS,siddi,246,13,61,0,0,0,1,1,10,100,17,63,138,105,42
SN,CS,siddi,247,13,61,0,0,0,1,1,11,101,17,62,136,102,44
SN,CS,siddi,248,13,61,0,0,0,1,1,11,101,18,61,135,101,44
SN,CS,siddi,249,12,62,0,0,0,1,1,12,101,19,59,133,100,45
SN,CS,siddi,250,12,62,0,0,0,1,1,12,100,19,58,132,100,46
SN,CS,siddi,251,11,63,0,0,0,1,1,12,99,19,57,131,100,47
SN,CS,siddi,252,11,63,0,0,0,1,0,12,98,20,57,130,98,49
SN,CS,siddi,253,11,63,0,0,0,1,0,12,98,20,56,130,97,49
SN,CS,siddi,254,11,63,0,0,0,1,0,13,98,20,55,129,96,49
SN,CS,siddi,255,10,64,0,0,0,1,0,14,97,20,55,127,95,50
SN,CS,siddi,256,9,65,0,0,0,1,0,14,98,21,55,125,94,49
SN,CS,siddi,257,9,65,0,0,0,1,0,14,98,22,54,124,93,49
SN,CS,siddi,258,9,65,0,0,0,1,0,15,98,22,55,123,91,48
SN,CS,siddi,259,8,66,0,0,0,1,0,15,98,24,55,120,89,49
SN,CS,siddi,260,7,67,0,0,0,1,0,16,97,24,54,119,88,50
SN,CS,siddi,261,7,67,0,0,0,1,0,17,97,24,53,119,86,50
SN,CS,siddi,262,7,67,0,0,0,1,0,17,96,25,53,118,85,50
SN,CS,siddi,263,7,67,0,0,0,1,0,17,96,25,52,117,84,51
SN,CS,siddi,264,7,67,0,0,0,1,0,18,96,25,51,115,83,52
SN,CS,siddi,265,7,67,0,0,0,1,0,19,96,26,50,114,81,52
SN,CS,siddi,266,7,67,0,0,0,1,0,19,96,26,50,113,79,53
SN,CS,siddi,267,7,67,0,0,0,1,0,19,96,27,49,112,77,54
SN,CS,siddi,268,7,67,0,0,0,1,0,19,96,27,49,112,75,54
SN,CS,siddi,269,7,67,0,0,0,1,0,20,96,27,48,111,74,54
SN,CS,siddi,270,7,67,0,0,0,1,0,21,95,27,48,110,73,54
SN,CS,siddi,271,6,68,0,0,0,1,0,21,95,29,47,109,71,54
SN,CS,siddi,272,6,68,0,0,0,1,0,21,94,29,46,108,69,57
SN,CS,siddi,273,6,68,0,0,0,1,0,22,94,29,45,107,67,58
SN,CS,siddi,274,7,67,0,0,0,1,0,22,93,29,45,106,66,59
SN,CS,siddi,275,7,67,0,0,0,1,0,22,92,30,44,106,64,60
SN,CS,siddi,276,7,67,0,0,0,1,0,22,92,30,43,107,62,60
SN,CS,siddi,277,7,67,0,0,0,1,0,22,92,30,42,107,60,61
SN,CS,siddi,278,7,67,0,0,0,1,0,23,92,30,41,105,59,62
SN,CS,siddi,279,7,67,0,0,0,1,0,24,92,30,42,103,58,61
SN,CS,siddi,280,7,67,0,0,0,1,0,24,92,31,41,102,56,62
SN,CS,siddi,281,7,67,0,0,0,1,0,25,91,31,40,99,55,65
SN,CS,siddi,282,7,67,0,0,0,1,0,26,91,31,40,98,54,64
SN,CS,siddi,283,7,67,0,0,0,1,0,26,91,31,39,97,52,66
SN,CS,siddi,284,6,68,0,0,0,1,0,26,90,31,37,96,53,67
SN,CS,siddi,285,6,68,0,0,0,1,0,26,89,32,36,94,52,69
SN,CS,siddi,286,6,68,0,0,0,1,0,27,89,32,35,92,52,69
SN,CS,siddi,287,5,69,0,0,0,1,0,29,89,33,33,90,50,70
SN,CS,siddi,288,5,69,0,0,0,1,0,29,88,34,32,91,49,69
SN,CS,siddi,289,5,69,0,0,0,1,0,29,87,34,31,90,49,70
SN,CS,siddi,290,5,69,0,0,0,1,0,30,87,35,30,88,47,71
SN,CS,siddi,291,4,70,0,0,0,1,0,31,87,37,29,86,45,71
SN,CS,siddi,292,4,70,0,0,0,1,0,32,87,37,29,84,42,73
SN,CS,siddi,293,4,70,0,0,0,1,0,32,87,37,28,83,41,74
SN,CS,siddi,294,4,70,0,0,0,1,0,32,86,37,28,82,39,76
SN,CS,siddi,295,5,69,0,0,0,1,0,33,85,37,28,81,39,75
SN,CS,siddi,296,4,70,0,0,0,1,0,33,84,38,27,80,38,76
SN,CS,siddi,297,5,69,0,0,0,1,0,33,83,38,26,79,37,78
SN,CS,siddi,298,5,69,0,0,0,1,0,33,84,38,24,78,36,79
SN,CS,siddi,299,5,69,0,0,0,1,0,33,85,37,25,79,37,77
SN,CS,siddi,300,5,70,0,0,0,0,0,32,86,36,25,81,37,78
SN,CS,siddi,301,5,70,0,0,0,0,0,32,85,37,25,81,37,78
SN,CS,siddi,302,5,70,0,0,0,0,0,31,85,37,25,83,36,78
SN,CS,siddi,303,5,70,0,0,0,0,0,30,85,36,25,83,38,78
SN,CS,siddi,304,5,70,0,0,0,0,0,30,85,36,25,82,38,79
SN,CS,siddi,305,5,70,0,0,0,0,0,30,84,35,25,84,38,79
SN,CS,siddi,306,5,70,0,0,0,0,0,30,84,35,24,85,37,80
SN,CS,siddi,307,4,71,0,0,0,0,0,32,84,33,24,85,37,80
SN,CS,siddi,308,5,70,0,0,0,0,0,32,84,33,25,84,36,81
SN,CS,siddi,309,5,70,0,0,0,0,0,30,83,33,25,86,36,82
SN,CS,siddi,310,5,70,0,0,0,0,0,32,83,32,26,85,36,81
SN,CS,siddi,311,5,70,0,0,0,0,0,31,83,31,26,86,36,82
SN,CS,siddi,312,5,70,0,0,0,0,0,31,83,31,26,85,35,84
SN,CS,siddi,313,5,70,0,0,0,0,0,30,82,31,26,88,35,83
SN,CS,siddi,314,6,69,0,0,0,0,0,30,82,29,27,88,35,84
SN,CS,siddi,315,6,69,0,0,0,0,0,30,82,28,28,88,35,84
SN,CS,siddi,316,6,69,0,0,0,0,0,31,82,28,28,87,35,84
SN,CS,siddi,317,7,68,0,0,0,0,0,31,82,27,28,88,34,85
SN,CS,siddi,318,7,68,0,0,0,0,0,32,83,27,27,86,34,86
SN,CS,siddi,319,7,68,0,0,0,0,0,33,83,28,27,84,33,87
SN,CS,siddi,320,7,68,0,0,0,0,0,33,83,29,26,84,33,87
SN,CS,siddi,321,7,68,0,0,0,0,0,33,83,29,26,83,33,88
SN,CS,siddi,322,7,68,0,0,0,0,0,32,82,29,26,83,35,88
SN,CS,siddi,323,7,68,0,0,0,0,0,33,82,29,26,82,34,89
SN,CS,siddi,324,7,67,1,0,0,0,0,32,81,28,26,85,33,90
SN,CS,siddi,325,7,67,1,0,0,0,0,32,81,28,26,87,32,89
SN,CS,siddi,326,7,67,1,0,0,0,0,32,81,30,26,87,31,88
SN,CS,siddi,327,7,67,1,0,0,0,0,32,81,29,26,87,31,89
SN,CS,siddi,328,7,67,1,0,0,0,0,32,81,29,26,86,32,89
SN,CS,siddi,329,7,67,1,0,0,0,0,31,81,30,26,88,31,88
SN,CS,siddi,330,7,66,1,1,0,0,0,31,80,30,25,89,31,90
SN,CS,siddi,331,7,66,1,1,0,0,0,31,80,29,24,90,30,92
SN,CS,siddi,332,7,65,1,2,0,0,0,32,80,28,25,90,30,96
SN,CS,siddi,333,7,64,1,2,0,0,0,31,79,29,23,90,30,99
SN,CS,siddi,334,7,63,1,2,0,1,0,32,78,28,23,90,30,98
SN,CS,siddi,335,8,62,1,2,0,1,0,32,78,29,24,90,30,96
SN,CS,siddi,336,8,62,1,2,0,1,0,31,79,29,24,89,29,98
SN,CS,siddi,337,8,62,1,2,0,1,0,31,79,28,24,89,28,100
SN,CS,siddi,338,8,62,1,2,0,1,0,31,79,28,24,90,27,100
SN,CS,siddi,339,8,62,1,2,0,1,0,31,80,28,24,90,27,99
SN,CS,siddi,340,8,62,1,2,0,1,0,31,80,27,24,90,27,100
SN,CS,siddi,341,8,62,1,2,0,1,1,31,81,27,23,90,27,99
SN,CS,siddi,342,8,62,1,2,0,1,1,31,81,26,23,89,28,100
SN,CS,siddi,343,8,62,1,2,0,1,1,32,81,27,22,88,27,101
SN,CS,siddi,344,8,62,1,2,0,1,1,31,81,27,22,89,26,102
SN,CS,siddi,345,7,63,1,2,0,1,1,30,81,29,21,90,26,101
SN,CS,siddi,346,7,63,1,2,0,1,1,32,81,28,21,90,26,100
SN,CS,siddi,347,7,63,1,2,0,1,1,33,81,29,21,89,26,99
SN,CS,siddi,348,7,63,1,2,0,1,1,33,82,29,21,88,26,99
SN,CS,siddi,349,7,63,1,2,0,1,1,33,82,29,20,88,26,100
SN,CS,siddi,350,7,63,1,2,0,1,1,33,83,29,20,86,27,100
SN,CS,siddi,351,7,63,1,2,0,1,1,34,83,29,20,85,27,100
SN,CS,siddi,352,7,63,1,2,0,1,1,34,83,29,20,85,27,100
SN,CS,siddi,353,8,62,1,2,0,1,1,33,83,29,20,86,27,100
SN,CS,siddi,354,8,62,1,2,0,1,1,33,83,29,18,88,27,100
SN,CS,siddi,355,8,62,1,2,0,1,1,33,83,28,19,89,27,99
SN,CS,siddi,356,8,62,1,2,0,1,1,32,85,28,20,90,27,96
SN,CS,siddi,357,8,62,1,2,0,1,1,31,84,28,20,90,27,98
SN,CS,siddi,358,8,62,1,2,0,1,1,32,85,28,20,88,27,98
SN,CS,siddi,359,8,62,1,2,0,1,1,33,86,28,20,87,26,98
SN,CS,siddi,360,8,62,1,2,0,1,1,34,86,27,20,88,27,96
SN,CS,siddi,361,8,62,1,2,0,1,1,33,85,28,21,89,27,95
SN,CS,siddi,362,8,62,1,2,0,1,1,31,85,27,21,91,27,96
SN,CS,siddi,363,8,62,1,2,0,1,1,32,86,26,21,89,28,96
SN,CS,siddi,364,8,62,1,2,0,1,1,33,86,26,21,87,28,97
SN,CS,siddi,365,8,62,1,2,0,1,1,32,87,25,21,88,28,97
SN,CS,siddi,366,9,61,1,2,0,1,1,31,87,24,21,90,28,97
SN,CS,siddi,367,9,60,1,3,0,1,1,30,86,24,20,91,30,98
SN,CS,siddi,368,9,60,1,3,0,1,1,30,86,26,21,91,29,96
SN,CS,siddi,369,9,59,1,3,0,1,2,30,86,27,20,90,30,96
SN,CS,siddi,370,8,59,1,3,1,1,2,30,85,28,20,89,29,96
SN,CS,siddi,371,8,59,1,3,1,1,2,32,85,28,20,88,30,94
SN,CS,siddi,372,7,60,1,3,1,1,2,33,86,28,20,88,30,92
SN,CS,siddi,373,7,60,1,3,1,1,2,33,85,29,20,88,30,92
SN,CS,siddi,374,7,60,1,3,1,1,2,33,86,29,19,87,30,93
SN,CS,siddi,375,7,60,1,3,1,1,2,34,87,29,18,85,32,92
SN,CS,siddi,376,8,59,1,3,1,1,2,35,87,29,19,83,32,92
SN,CS,siddi,377,8,59,1,3,1,1,2,35,86,29,19,82,33,93
SN,CS,siddi,378,9,58,1,3,1,1,2,36,86,29,19,82,32,93
SN,CS,siddi,379,10,57,1,3,1,1,2,37,86,29,18,82,32,93
SN,CS,siddi,380,10,57,1,3,1,1,2,37,86,28,17,81,32,96
SN,CS,siddi,381,10,57,1,3,1,1,2,37,87,29,17,80,32,95
SN,CS,siddi,382,10,57,1,3,1,1,2,37,87,29,17,80,32,95
SN,CS,siddi,383,9,58,1,3,1,1,2,38,87,28,16,81,33,94
SN,CS,siddi,384,9,58,1,3,1,1,2,39,87,28,16,79,33,95
SN,CS,siddi,385,9,58,1,3,1,1,2,37,87,28,15,81,33,96
SN,CS,siddi,386,9,58,1,3,1,1,2,38,87,28,15,80,34,95
SN,CS,siddi,387,9,58,1,3,1,1,2,38,87,28,16,79,34,95
SN,CS,siddi,388,9,58,1,3,1,1,2,38,88,28,16,77,34,96
SN,CS,siddi,389,8,59,1,3,1,1,2,37,88,28,16,78,34,96
SN,CS,siddi,390,8,59,1,3,1,1,2,37,88,28,15,78,34,97
SN,CS,siddi,391,8,59,1,3,1,1,2,36,88,27,16,79,34,97
SN,CS,siddi,392,7,60,1,3,1,1,2,36,88,28,16,78,34,97
SN,CS,siddi,393,7,60,1,3,1,1,2,35,87,29,16,79,34,97
SN,CS,siddi,394,7,60,1,3,1,1,2,34,87,29,17,79,34,97
SN,CS,siddi,395,7,60,1,3,1,1,2,34,88,28,17,79,35,96
SN,CS,siddi,396,7,60,1,3,1,1,2,34,88,29,17,80,33,96
SN,CS,siddi,397,7,60,1,3,1,1,2,35,88,30,17,80,32,95
SN,CS,siddi,398,7,60,1,3,1,1,2,35,88,29,17,80,32,96
SN,CS,siddi,399,7,61,0,3,1,1,2,35,90,29,17,78,33,95
SN,CS,siddi,400,7,61,0,3,1,1,2,36,90,29,17,75,34,96
SN,CS,siddi,401,7,61,0,3,1,1,2,37,90,28,18,73,34,97
SN,CS,siddi,402,7,61,0,3,1,1,2,39,90,29,18,72,34,95
SN,CS,siddi,403,8,60,0,3,1,1,2,40,90,29,17,71,32,98
SN,CS,siddi,404,8,60,0,3,1,1,2,40,90,30,18,68,33,98
SN,CS,siddi,405,8,61,0,2,1,1,2,39,91,30,18,68,34,96
SN,CS,siddi,406,8,61,0,2,1,1,2,40,90,30,18,69,34,95
SN,CS,siddi,407,8,62,0,1,1,1,2,40,90,31,17,70,32,91
SN,CS,siddi,408,8,63,0,1,1,1,2,41,91,30,18,69,32,90
SN,CS,siddi,409,8,64,0,1,1,0,2,40,92,29,18,70,33,91
SN,CS,siddi,410,8,64,0,1,1,0,2,40,92,28,17,70,34,92
SN,CS,siddi,411,8,64,0,1,1,0,2,41,91,29,17,70,34,91
SN,CS,siddi,412,8,64,0,1,1,0,2,41,91,29,16,71,35,90
SN,CS,siddi,413,8,64,0,1,1,0,2,41,91,30,17,69,36,89
SN,CS,siddi,414,8,64,0,1,1,0,2,40,90,30,17,69,36,91
SN,CS,siddi,415,8,64,0,1,1,0,2,40,90,31,17,69,36,90
SN,CS,siddi,416,8,64,0,1,1,0,1,40,89,31,17,70,36,91
SN,CS,siddi,417,8,64,0,1,1,0,1,41,89,31,17,70,35,91
SN,CS,siddi,418,8,64,0,1,1,0,1,40,90,30,17,71,35,91
SN,CS,siddi,419,8,64,0,1,1,0,1,40,91,31,18,69,35,90
SN,CS,siddi,420,8,64,0,1,1,0,1,42,91,30,18,68,35,90
SN,CS,siddi,421,8,64,0,1,1,0,1,40,91,30,19,68,36,90
SN,CS,siddi,422,8,64,0,1,1,0,1,39,91,30,19,69,36,90
SN,CS,siddi,423,8,64,0,1,1,0,1,39,89,30,19,69,36,92
SN,CS,siddi,424,7,65,0,1,1,0,1,39,89,30,19,69,35,93
SN,CS,siddi,425,7,65,0,1,1,0,1,40,88,30,20,69,34,93
SN,CS,siddi,426,8,64,0,1,1,0,1,39,88,30,20,69,34,94
SN,CS,siddi,427,8,64,0,1,1,0,1,39,88,31,20,68,35,93
SN,CS,siddi,428,7,65,0,1,1,0,1,39,88,32,21,68,34,92
SN,CS,siddi,429,8,64,0,1,1,0,1,38,88,32,23,67,33,93
SN,CS,siddi,430,8,64,0,1,1,0,1,39,89,33,22,66,32,93
SN,CS,siddi,431,8,64,0,1,1,0,1,40,88,33,21,65,33,94
SN,CS,siddi,432,8,64,0,1,1,0,1,40,88,34,20,65,34,93
SN,CS,siddi,433,8,64,0,1,1,0,1,39,87,35,20,67,35,91
SN,CS,siddi,434,8,64,0,1,1,0,1,38,87,36,20,68,34,91
SN,CS,siddi,435,8,64,0,1,1,0,1,37,87,36,20,67,34,93
SN,CS,siddi,436,8,64,0,1,1,0,1,37,87,35,19,68,35,93
SN,CS,siddi,437,9,63,0,1,1,0,1,38,87,35,19,66,38,91
SN,CS,siddi,438,9,63,0,1,1,0,1,38,86,37,19,65,37,92
SN,CS,siddi,439,9,63,0,1,1,0,1,39,86,37,19,65,37,91
SN,CS,siddi,440,9,63,0,1,1,0,1,39,85,37,19,66,37,91
SN,CS,siddi,441,8,64,0,1,1,0,1,39,85,36,18,66,38,92
SN,CS,siddi,442,8,65,0,0,1,0,1,39,86,36,19,66,37,90
SN,CS,siddi,443,8,65,0,0,1,0,1,40,86,35,18,65,38,91
SN,CS,siddi,444,8,66,0,0,1,0,0,40,86,34,18,67,37,91
SN,CS,siddi,445,8,67,0,0,0,0,0,39,87,33,17,68,37,94
SN,CS,siddi,446,8,67,0,0,0,0,0,37,87,32,17,69,36,97
SN,CS,siddi,447,8,67,0,0,0,0,0,37,86,32,17,68,38,97
SN,CS,siddi,448,8,67,0,0,0,0,0,38,86,31,18,67,38,97
SN,CS,siddi,449,8,67,0,0,0,0,0,39,85,31,18,67,39,96
SN,CS,siddi,450,8,67,0,0,0,0,0,39,84,31,18,68,38,97
SN,CS,siddi,451,7,68,0,0,0,0,0,39,84,32,17,68,38,97
SN,CS,siddi,452,7,68,0,0,0,0,0,41,84,33,17,68,37,95
SN,CS,siddi,453,6,69,0,0,0,0,0,41,84,33,17,67,37,96
SN,CS,siddi,454,5,70,0,0,0,0,0,40,86,33,17,66,38,95
SN,CS,siddi,455,5,70,0,0,0,0,0,41,86,34,18,66,38,92
SN,CS,siddi,456,5,70,0,0,0,0,0,40,85,34,18,65,40,93
SN,CS,siddi,457,5,70,0,0,0,0,0,38,86,35,18,65,40,93
SN,CS,siddi,458,5,70,0,0,0,0,0,38,87,35,18,65,40,92
SN,CS,siddi,459,5,70,0,0,0,0,0,39,87,35,18,64,42,90
SN,CS,siddi,460,5,70,0,0,0,0,0,40,87,35,18,63,43,89
SN,CS,siddi,461,5,70,0,0,0,0,0,40,88,36,18,63,42,88
SN,CS,siddi,462,6,69,0,0,0,0,0,40,88,36,18,64,42,87
SN,CS,siddi,463,6,69,0,0,0,0,0,40,87,36,18,66,42,86
SN,CS,siddi,464,6,69,0,0,0,0,0,40,88,36,18,67,42,84
SN,CS,siddi,465,6,69,0,0,0,0,0,40,88,35,18,67,42,85
SN,CS,siddi,466,6,69,0,0,0,0,0,40,88,35,17,67,42,86
SN,CS,siddi,467,6,69,0,0,0,0,0,40,88,34,17,67,42,87
SN,CS,siddi,468,6,69,0,0,0,0,0,42,88,33,17,67,41,87
SN,CS,siddi,469,6,69,0,0,0,0,0,43,88,32,17,68,41,86
SN,CS,siddi,470,6,69,0,0,0,0,0,44,88,33,17,66,41,86
SN,CS,siddi,471,6,69,0,0,0,0,0,43,88,32,17,66,41,88
SN,CS,siddi,472,6,69,0,0,0,0,0,43,89,31,17,67,40,88
SN,CS,siddi,473,6,69,0,0,0,0,0,43,89,31,17,67,41,87
SN,CS,siddi,474,6,69,0,0,0,0,0,44,88,31,17,66,42,87
SN,CS,siddi,475,6,69,0,0,0,0,0,43,88,33,17,67,41,86
SN,CS,siddi,476,6,69,0,0,0,0,0,43,88,33,16,68,41,86
SN,CS,siddi,477,6,69,0,0,0,0,0,42,88,33,17,69,41,85
SN,CS,siddi,478,5,70,0,0,0,0,0,42,88,34,17,69,41,84
SN,CS,siddi,479,5,70,0,0,0,0,0,44,88,32,16,70,41,84
SN,CS,siddi,480,5,70,0,0,0,0,0,45,88,32,16,69,40,85
SN,CS,siddi,481,5,70,0,0,0,0,0,45,88,32,16,69,40,85
SN,CS,siddi,482,6,69,0,0,0,0,0,44,88,31,16,69,40,87
SN,CS,siddi,483,6,69,0,0,0,0,0,44,89,31,15,70,40,86
SN,CS,siddi,484,6,69,0,0,0,0,0,44,89,31,14,71,39,87
SN,CS,siddi,485,5,70,0,0,0,0,0,43,89,32,15,71,38,87
SN,CS,siddi,486,5,70,0,0,0,0,0,43,89,32,15,70,38,88
SN,CS,siddi,487,5,70,0,0,0,0,0,44,89,32,16,69,38,87
SN,CS,siddi,488,5,70,0,0,0,0,0,45,89,31,15,69,39,87
SN,CS,siddi,489,6,69,0,0,0,0,0,45,89,32,15,70,38,86
SN,CS,siddi,490,6,69,0,0,0,0,0,44,89,31,16,71,39,85
SN,CS,siddi,491,6,69,0,0,0,0,0,44,89,31,16,71,40,84
SN,CS,siddi,492,6,69,0,0,0,0,0,43,89,31,16,71,41,84
SN,CS,siddi,493,6,69,0,0,0,0,0,43,88,31,17,71,41,84
SN,CS,siddi,494,7,68,0,0,0,0,0,44,88,30,16,71,42,84
SN,CS,siddi,495,7,68,0,0,0,0,0,42,88,29,16,71,42,87
SN,CS,siddi,496,7,68,0,0,0,0,0,43,88,29,15,71,41,88
SN,CS,siddi,497,7,68,0,0,0,0,0,43,88,28,16,71,41,88
SN,CS,siddi,498,7,68,0,0,0,0,0,43,89,28,16,71,42,86
SN,CS,siddi,499,7,68,0,0,0,0,0,44,89,29,16,70,43,84
SN,CS,siddi,500,7,68,0,0,0,0,0,44,89,29,15,71,44,83
SN,CS,siddi,501,6,69,0,0,0,0,0,44,89,29,15,70,44,84
SN,CS,siddi,502,6,69,0,0,0,0,0,45,89,28,15,69,44,85
SN,CS,siddi,503,7,68,0,0,0,0,0,45,89,29,14,69,45,84
SN,CS,siddi,504,6,68,0,0,0,0,0,45,89,29,12,71,45,84
SN,CS,siddi,505,6,68,0,0,0,0,0,44,88,29,12,71,45,86
SN,CS,siddi,506,6,68,0,0,0,0,0,43,87,30,12,72,45,86
SN,CS,siddi,507,6,68,0,0,0,0,0,45,87,29,12,71,44,87
SN,CS,siddi,508,6,68,0,0,0,0,0,45,87,30,12,71,43,87
SN,CS,siddi,509,6,68,0,0,0,0,0,46,86,29,13,70,43,88
SN,CS,siddi,510,6,68,0,0,0,0,0,46,86,31,13,71,42,86
SN,CS,siddi,511,6,68,0,0,0,0,0,47,87,31,13,70,41,86
SN,CS,siddi,512,5,69,0,0,0,0,0,46,87,32,13,73,38,86
SN,CS,siddi,513,5,69,0,0,0,0,0,46,87,30,13,73,39,87
SN,CS,siddi,514,5,69,0,0,0,0,0,45,88,31,14,73,38,86
SN,CS,siddi,515,5,69,0,0,0,0,0,45,88,32,15,71,39,85
SN,CS,siddi,516,5,69,0,0,0,0,0,45,89,32,15,70,39,85
SN,CS,siddi,517,5,69,0,0,0,0,0,45,89,32,14,71,39,85
SN,CS,siddi,518,5,69,0,0,0,0,0,45,89,31,14,73,39,84
SN,CS,siddi,519,5,69,0,0,0,0,0,46,89,31,14,72,39,84
SN,CS,siddi,520,5,69,0,0,0,0,0,47,89,32,14,72,40,81
SN,CS,siddi,521,5,69,0,0,0,0,0,47,89,32,15,73,40,79
SN,CS,siddi,522,5,69,0,0,0,0,0,46,90,32,15,74,38,80
SN,CS,siddi,523,5,69,0,0,0,0,0,45,90,32,14,75,38,81
SN,CS,siddi,524,5,69,0,0,0,0,0,44,90,32,14,77,36,82
SN,CS,siddi,525,5,69,0,0,0,0,0,43,90,32,14,77,36,83
SN,CS,siddi,526,5,69,0,0,0,0,0,42,90,30,14,79,37,83
SN,CS,siddi,527,5,69,0,0,0,0,0,41,90,30,14,79,38,83
SN,CS,siddi,528,5,69,0,0,0,0,0,42,90,30,14,79,37,83
SN,CS,siddi,529,6,68,0,0,0,0,0,42,88,30,14,80,36,85
SN,CS,siddi,530,6,68,0,0,0,0,0,41,89,30,14,79,36,86
SN,CS,siddi,531,6,68,0,0,0,0,0,41,89,30,15,79,34,87
SN,CS,siddi,532,6,68,0,0,0,0,0,42,88,30,16,78,34,87
SN,CS,siddi,533,6,68,0,0,0,0,0,41,87,31,16,78,34,88
SN,CS,siddi,534,6,68,0,0,0,0,0,39,87,33,16,79,32,89
SN,CS,siddi,535,6,68,0,0,0,0,0,38,87,33,16,81,31,89
SN,CS,siddi,536,6,68,0,0,0,0,0,37,87,32,17,82,32,88
SN,CS,siddi,537,5,69,0,0,0,0,0,38,87,32,16,81,32,89
SN,CS,siddi,538,5,69,0,0,0,0,0,38,87,33,17,79,32,89
SN,CS,siddi,539,5,69,0,0,0,0,0,38,86,35,16,78,32,90
SN,CS,siddi,540,5,69,0,0,0,0,0,38,86,35,16,78,32,90
SN,CS,siddi,541,5,69,0,0,0,0,0,39,87,35,16,77,32,89
SN,CS,siddi,542,5,69,0,0,0,0,0,40,87,35,17,77,32,87
SN,CS,siddi,543,5,69,0,0,0,0,0,38,87,35,17,77,33,88
SN,CS,siddi,544,5,69,0,0,0,0,0,37,87,35,16,76,35,89
SN,CS,siddi,545,5,69,0,0,0,0,0,36,86,34,16,79,34,90
SN,CS,siddi,546,5,69,0,0,0,0,0,36,86,35,16,81,34,87
SN,CS,siddi,547,5,69,0,0,0,0,0,35,85,35,16,82,35,87
SN,CS,siddi,548,5,69,0,0,0,0,0,35,85,35,17,81,35,87
SN,CS,siddi,549,5,69,0,0,0,0,0,34,85,35,18,82,33,88
SN,CS,siddi,550,5,69,0,0,0,0,0,34,85,33,18,83,34,88
SN,CS,siddi,551,5,69,0,0,0,0,0,33,85,32,18,84,34,89
SN,CS,siddi,552,5,68,0,1,0,0,0,33,84,32,17,83,35,92
SN,CS,siddi,553,5,68,0,1,0,0,0,34,84,31,18,83,36,90
SN,CS,siddi,554,5,68,0,1,0,0,0,32,85,31,19,82,35,92
SN,CS,siddi,555,5,68,0,1,0,0,0,31,85,31,19,84,34,92
SN,CS,siddi,556,5,68,0,1,0,0,0,30,84,32,19,82,34,94
SN,CS,siddi,557,4,68,0,1,0,1,0,31,83,33,20,80,34,92
SN,CS,siddi,558,4,68,0,1,0,1,0,30,82,33,21,80,35,92
SN,CS,siddi,559,4,68,0,1,0,1,0,30,83,34,22,78,36,90
SN,CS,siddi,560,4,68,0,1,0,1,0,30,83,34,21,79,36,90
SN,CS,siddi,561,4,68,0,1,0,1,0,29,83,33,21,81,36,90
SN,CS,siddi,562,4,68,0,1,0,1,0,28,83,33,20,82,35,92
SN,CS,siddi,563,4,68,0,1,0,1,0,27,84,34,20,83,34,91
SN,CS,siddi,564,3,69,0,1,0,1,0,27,84,33,20,83,35,91
SN,CS,siddi,565,4,68,0,1,0,1,0,27,84,33,19,82,36,92
SN,CS,siddi,566,4,68,0,1,0,1,0,28,84,33,19,81,35,93
SN,CS,siddi,567,4,68,0,1,0,1,0,29,84,34,19,80,36,91
SN,CS,siddi,568,4,68,0,1,0,1,0,29,84,35,18,79,36,92
SN,CS,siddi,569,3,69,0,1,0,1,0,29,85,35,18,79,35,92
SN,CS,siddi,570,3,69,0,1,0,1,0,30,85,35,18,79,36,90
SN,CS,siddi,571,3,69,0,1,0,1,0,29,85,35,19,79,36,90
SN,CS,siddi,572,3,69,0,1,0,1,0,29,85,35,18,79,36,91
SN,CS,siddi,573,3,69,0,1,0,1,0,29,84,35,18,80,35,92
SN,CS,siddi,574,3,69,0,1,0,1,0,28,85,34,19,82,34,91
SN,CS,siddi,575,3,69,0,1,0,1,0,27,86,33,19,82,33,93
SN,CS,siddi,576,3,69,0,1,0,1,0,27,86,34,19,82,34,91
SN,CS,siddi,577,3,69,0,1,0,1,0,26,86,35,19,85,33,89
SN,CS,siddi,578,2,70,0,1,0,1,0,26,86,33,19,86,33,90
SN,CS,siddi,579,2,71,0,1,0,1,0,26,86,33,19,84,34,91
SN,CS,siddi,580,3,70,0,1,0,1,0,26,86,32,19,84,36,90
SN,CS,siddi,581,3,70,0,1,0,1,0,27,87,31,19,83,35,91
SN,CS,siddi,582,3,70,0,1,0,1,0,25,87,32,19,84,35,91
SN,CS,siddi,583,3,70,0,1,0,1,0,25,87,31,19,85,35,91
SN,CS,siddi,584,3,70,0,1,0,1,0,24,87,33,18,86,35,90
SN,CS,siddi,585,3,70,0,1,0,1,0,25,87,33,18,84,36,90
SN,CS,siddi,586,3,70,0,1,0,1,0,24,86,33,19,84,36,91
SN,CS,siddi,587,3,70,0,1,0,1,0,25,86,32,19,81,38,92
SN,CS,siddi,588,3,70,0,1,0,1,0,24,86,32,20,82,37,92
SN,CS,siddi,589,3,70,0,1,0,1,0,24,85,31,20,83,37,93
SN,CS,siddi,590,3,70,0,1,0,1,0,25,86,31,20,83,36,92
SN,CS,siddi,591,3,70,0,1,0,1,0,25,85,31,20,84,35,93
SN,CS,siddi,592,3,70,0,1,0,1,0,25,85,31,20,84,34,94
SN,CS,siddi,593,3,70,0,1,0,1,0,25,85,31,20,83,33,96
SN,CS,siddi,594,3,70,0,1,0,1,0,25,86,32,20,83,33,94
SN,CS,siddi,595,4,69,0,1,0,1,0,25,87,31,20,82,33,95
SN,CS,siddi,596,4,69,0,1,0,1,0,25,87,31,20,82,34,94
SN,CS,siddi,597,4,69,0,1,0,1,0,26,87,31,20,82,34,93
SN,CS,siddi,598,4,69,0,1,0,1,0,27,87,33,20,81,34,91
SN,CS,siddi,599,4,69,0,1,0,1,0,27,87,33,20,81,34,91
SN,CS,siddi,600,4,69,0,1,0,1,0,29,87,34,20,81,33,89
SN,CS,siddi,601,4,69,0,1,0,1,0,29,88,34,20,80,33,89
SN,CS,siddi,602,4,69,0,1,0,1,0,30,88,33,20,79,32,91
SN,CS,siddi,603,4,69,0,1,0,1,0,29,88,34,21,80,32,89
SN,CS,siddi,604,3,70,0,1,0,1,0,29,88,33,21,80,32,90
SN,CS,siddi,605,3,70,0,1,0,1,0,29,89,32,20,81,33,89
SN,CS,siddi,606,3,70,0,1,0,1,0,29,89,31,19,83,33,89
SN,CS,siddi,607,3,70,0,1,0,1,0,29,89,30,18,83,35,89
SN,CS,siddi,608,3,70,0,1,0,1,0,30,89,29,18,83,34,90
SN,CS,siddi,609,3,70,0,1,0,1,0,31,89,27,18,83,35,90
SN,CS,siddi,610,3,70,0,1,0,1,0,32,90,27,18,81,35,90
SN,CS,siddi,611,3,70,0,1,0,1,0,33,89,27,19,80,35,90
SN,CS,siddi,612,3,70,0,1,0,1,0,32,89,28,19,80,35,90
SN,CS,siddi,613,3,70,0,1,0,1,0,33,89,27,18,80,35,91
SN,CS,siddi,614,3,70,0,1,0,1,0,34,89,25,18,80,36,91
SN,CS,siddi,615,3,70,0,1,0,1,0,34,89,25,18,79,37,91
SN,CS,siddi,616,3,70,0,1,0,1,0,33,88,25,18,80,38,91
SN,CS,siddi,617,3,70,0,1,0,1,0,32,88,26,17,79,39,92
SN,CS,siddi,618,3,70,0,1,0,1,0,33,88,26,17,79,38,92
SN,CS,siddi,619,3,70,0,1,0,1,0,33,88,26,17,80,37,92
SN,CS,siddi,620,3,70,0,1,0,1,0,33,88,26,17,79,38,92
SN,CS,siddi,621,3,69,1,1,0,1,0,34,88,26,19,78,39,94
SN,CS,siddi,622,3,69,1,1,0,1,0,35,89,27,19,76,38,94
SN,CS,siddi,623,3,69,1,1,0,1,0,34,89,27,18,78,37,95
SN,CS,siddi,624,3,69,1,1,0,1,0,34,89,27,17,78,39,94
SN,CS,siddi,625,3,69,1,1,0,1,0,36,89,27,18,76,38,94
SN,CS,siddi,626,3,69,1,1,0,1,0,36,89,27,18,76,40,92
SN,CS,siddi,627,3,70,1,0,0,1,0,35,90,27,18,77,39,91
SN,CS,siddi,628,3,70,1,0,0,1,0,33,90,27,17,78,38,94
SN,CS,siddi,629,3,70,1,0,0,1,0,33,89,28,16,79,39,93
SN,CS,siddi,630,3,70,1,0,0,1,0,33,90,28,17,79,39,91
SN,CS,siddi,631,3,70,1,0,0,1,0,33,92,27,18,80,39,89
SN,CS,siddi,632,3,71,1,0,0,0,0,32,93,27,17,82,39,90
SN,CS,siddi,633,3,71,1,0,0,0,0,32,93,28,16,83,38,90
SN,CS,siddi,634,3,71,1,0,0,0,0,32,92,28,15,86,37,90
SN,CS,siddi,635,3,71,1,0,0,0,0,32,92,27,15,85,38,91
SN,CS,siddi,636,3,71,1,0,0,0,0,32,92,27,15,84,39,91
SN,CS,siddi,637,4,70,1,0,0,0,0,32,92,27,16,83,39,91
SN,CS,siddi,638,4,70,1,0,0,0,0,32,91,27,16,84,38,92
SN,CS,siddi,639,5,69,1,0,0,0,0,32,92,27,17,83,37,92
SN,CS,siddi,640,4,70,1,0,0,0,0,33,92,27,17,82,37,92
SN,CS,siddi,641,4,70,1,0,0,0,0,32,92,27,17,82,38,92
SN,CS,siddi,642,4,70,1,0,0,0,0,31,92,27,19,83,38,95
SN,CS,siddi,643,4,70,1,0,0,0,0,31,92,27,19,85,38,93
SN,CS,siddi,644,4,70,1,0,0,0,0,30,91,27,20,86,38,93
SN,CS,siddi,645,4,70,1,0,0,0,0,30,91,27,20,86,38,93
SN,CS,siddi,646,4,70,1,0,0,0,0,31,92,26,19,85,39,93
SN,CS,siddi,647,4,70,1,0,0,0,0,32,92,26,20,86,39,90
SN,CS,siddi,648,4,70,1,0,0,0,0,32,92,27,20,85,40,89
SN,CS,siddi,649,4,70,1,0,0,0,0,32,91,28,19,84,41,90
SN,CS,siddi,650,4,70,1,0,0,0,0,32,91,29,19,84,41,89
SN,CS,siddi,651,5,69,1,0,0,0,0,32,92,29,19,84,40,89
SN,CS,siddi,652,5,69,1,0,0,0,0,32,93,28,20,82,41,89
SN,CS,siddi,653,5,69,1,0,0,0,0,32,93,28,21,82,40,89
SN,CS,siddi,654,5,69,1,0,0,0,0,33,94,29,21,82,39,87
SN,CS,siddi,655,4,70,1,0,0,0,0,34,94,30,21,82,38,86
SN,CS,siddi,656,4,70,1,0,0,0,0,34,93,30,21,84,38,85
SN,CS,siddi,657,4,70,1,0,0,0,0,34,94,29,22,84,38,84
SN,CS,siddi,658,4,70,1,0,0,0,0,36,94,28,22,81,38,86
SN,CS,siddi,659,4,70,1,0,0,0,0,36,94,28,22,81,38,86
SN,CS,siddi,660,4,70,1,0,0,0,0,35,94,27,23,83,37,86
SN,CS,siddi,661,4,70,1,0,0,0,0,36,94,27,22,82,37,87
SN,CS,siddi,662,4,70,1,0,0,0,0,36,95,28,22,83,35,86
SN,CS,siddi,663,4,70,1,0,0,0,0,36,96,28,22,82,35,86
SN,CS,siddi,664,4,70,1,0,0,0,0,35,96,28,21,83,36,86
SN,CS,siddi,665,5,69,1,0,0,0,0,35,95,27,21,83,38,86
SN,CS,siddi,666,5,69,1,0,0,0,0,36,95,27,21,82,38,86
SN,CS,siddi,667,5,69,1,0,0,0,0,37,95,27,21,82,39,84
SN,CS,siddi,668,5,69,1,0,0,0,0,37,95,27,21,82,39,84
SN,CS,siddi,669,5,69,1,0,0,0,0,36,94,27,21,83,39,85
SN,CS,siddi,670,5,69,1,0,0,0,0,35,94,27,22,85,38,84
SN,CS,siddi,671,5,69,1,0,0,0,0,35,95,29,21,83,38,84
SN,CS,siddi,672,5,69,1,0,0,0,0,34,94,30,21,84,39,83
SN,CS,siddi,673,5,69,1,0,0,0,0,33,94,28,21,86,39,84
SN,CS,siddi,674,5,69,1,0,0,0,0,33,94,29,22,85,39,83
SN,CS,siddi,675,5,69,1,0,0,0,0,31,94,28,22,86,39,85
SN,CS,siddi,676,5,69,1,0,0,0,0,32,93,28,22,85,39,86
SN,CS,siddi,677,6,68,1,0,0,0,0,30,93,28,22,86,40,86
SN,CS,siddi,678,6,68,1,0,0,0,0,29,93,27,21,86,41,88
SN,CS,siddi,679,6,68,1,0,0,0,0,29,93,27,21,86,43,86
SN,CS,siddi,680,6,67,1,1,0,0,0,30,90,27,21,85,43,90
SN,CS,siddi,681,7,66,1,1,0,0,0,30,90,27,21,84,44,90
SN,CS,siddi,682,7,65,1,1,0,1,0,32,89,28,23,86,44,93
SN,CS,siddi,683,7,64,1,1,0,1,0,31,88,29,24,85,44,94
SN,CS,siddi,684,7,63,1,1,0,2,0,31,87,30,25,84,43,93
SN,CS,siddi,685,7,63,1,1,0,2,0,31,86,31,25,83,44,93
SN,CS,siddi,686,7,63,1,1,0,2,0,30,86,31,23,86,44,93
SN,CS,siddi,687,7,63,1,1,0,2,0,31,87,30,23,85,45,92
SN,CS,siddi,688,7,63,1,1,0,2,0,31,88,30,23,84,46,91
SN,CS,siddi,689,7,63,1,1,0,2,0,31,88,30,23,83,46,92
SN,CS,siddi,690,7,63,1,1,0,2,0,31,88,30,23,83,46,92
SN,CS,siddi,691,7,63,1,1,0,2,0,32,88,30,23,83,45,92
SN,CS,siddi,692,7,63,1,1,0,2,0,33,88,30,23,82,44,93
SN,CS,siddi,693,7,63,1,1,0,2,0,32,89,30,23,83,44,92
SN,CS,siddi,694,7,63,1,1,0,2,0,34,89,30,23,81,44,92
SN,CS,siddi,695,7,63,1,1,0,2,0,34,90,30,23,81,43,92
SN,CS,siddi,696,7,64,0,1,0,2,0,34,90,29,21,79,44,91
SN,CS,siddi,697,7,64,0,1,0,2,0,33,89,29,21,80,44,92
SN,CS,siddi,698,7,64,0,1,0,2,0,34,89,31,22,78,44,90
SN,CS,siddi,699,7,64,0,1,0,2,0,35,89,32,22,78,42,90
SN,CS,siddi,700,7,64,0,1,0,2,0,33,90,32,21,79,44,89
SN,CS,siddi,701,7,64,0,1,0,2,0,33,90,33,21,78,43,90
SN,CS,siddi,702,7,64,0,1,0,2,0,34,90,32,21,77,43,91
SN,CS,siddi,703,7,64,0,1,0,2,0,34,90,33,22,77,43,89
SN,CS,siddi,704,7,64,0,1,0,2,0,35,90,32,22,77,42,90
SN,CS,siddi,705,7,64,0,1,0,2,0,36,89,33,22,75,42,91
SN,CS,siddi,706,7,64,0,1,0,2,0,37,88,33,21,76,43,90
SN,CS,siddi,707,7,64,0,1,0,2,0,37,88,32,21,76,43,91
SN,CS,siddi,708,8,63,0,1,0,2,0,38,88,31,21,74,46,90
SN,CS,siddi,709,8,63,0,1,0,2,0,40,88,30,21,71,46,92
SN,CS,siddi,710,8,63,0,1,0,2,0,40,88,30,21,71,47,91
SN,CS,siddi,711,9,62,0,1,0,2,0,40,88,31,21,70,48,90
SN,CS,siddi,712,8,63,0,1,0,2,0,40,88,31,20,70,49,90
SN,CS,siddi,713,8,63,0,1,0,2,0,41,88,30,20,69,49,91
SN,CS,siddi,714,7,64,0,1,0,2,0,42,87,30,19,68,50,92
SN,CS,siddi,715,7,64,0,1,0,2,0,43,87,31,19,68,48,92
SN,CS,siddi,716,7,64,0,1,0,2,0,43,87,31,19,69,49,90
SN,CS,siddi,717,7,64,0,1,0,2,0,45,87,30,17,68,48,88
SN,CS,siddi,718,7,64,0,1,0,2,0,47,88,29,18,65,48,88
SN,CS,siddi,719,7,64,0,1,0,2,0,48,87,30,17,64,49,88
SN,CS,siddi,720,7,64,0,1,0,2,0,47,87,30,17,64,48,90
SN,CS,siddi,721,8,63,0,1,0,2,0,46,86,30,17,65,47,92
SN,CS,siddi,722,9,62,0,1,0,2,0,46,86,30,16,64,47,94
SN,CS,siddi,723,9,62,0,1,0,2,0,45,87,29,17,65,47,93
SN,CS,siddi,724,9,62,0,1,0,2,0,45,87,28,17,65,47,94
SN,CS,siddi,725,9,62,0,1,0,2,0,46,86,27,18,64,47,95
SN,CS,siddi,726,8,63,0,1,0,2,0,46,85,26,18,66,48,94
SN,CS,siddi,727,8,63,0,1,0,2,0,46,84,26,18,66,47,96
SN,CS,siddi,728,8,63,0,1,0,2,0,47,84,27,17,64,48,96
SN,CS,siddi,729,8,63,0,1,0,2,0,46,83,26,18,64,48,98
SN,CS,siddi,730,8,63,0,1,0,2,0,45,83,25,19,65,48,98
SN,CS,siddi,731,8,63,0,1,0,2,0,45,83,26,19,64,48,98
SN,CS,siddi,732,8,63,0,1,0,2,0,46,82,26,19,63,48,99
SN,CS,siddi,733,8,63,0,1,0,2,0,44,82,26,20,64,48,99
SN,CS,siddi,734,8,63,0,1,0,2,0,44,82,24,20,64,49,100
SN,CS,siddi,735,8,63,0,1,0,2,0,45,82,24,19,62,50,101
SN,CS,siddi,736,8,63,0,1,0,2,0,45,82,24,21,62,50,99
SN,CS,siddi,737,8,63,0,1,0,2,0,45,81,23,21,61,51,101
SN,CS,siddi,738,8,63,0,1,0,2,0,47,80,23,20,61,51,101
SN,CS,siddi,739,8,63,0,1,0,2,0,48,80,25,21,59,50,100
SN,CS,siddi,740,7,64,0,1,0,2,0,47,80,25,20,61,49,101
SN,CS,siddi,741,7,64,0,1,0,2,0,47,81,25,20,60,50,100
SN,CS,siddi,742,7,64,0,1,0,2,0,47,81,25,20,59,49,102
SN,CS,siddi,743,7,64,0,1,0,2,0,46,81,25,20,59,49,103
SN,CS,siddi,744,7,64,0,1,0,2,0,47,81,24,21,59,49,102
SN,CS,siddi,745,6,65,0,1,0,2,0,48,80,24,21,58,49,103
SN,CS,siddi,746,6,65,0,1,0,2,0,48,79,22,21,60,48,105
SN,CS,siddi,747,6,65,0,1,0,2,0,49,80,21,21,59,47,106
SN,CS,siddi,748,6,65,0,1,0,2,0,49,80,22,21,58,46,107
SN,CS,siddi,749,6,65,0,1,0,2,0,50,80,21,20,58,46,108
SN,CS,siddi,750,6,65,0,1,0,2,0,50,80,22,20,57,47,107
SN,CS,siddi,751,6,65,0,1,0,2,0,50,81,22,20,58,46,106
SN,CS,siddi,752,5,66,0,1,0,2,0,51,82,22,20,57,45,106
SN,CS,siddi,753,5,66,0,1,0,2,0,51,82,22,21,57,44,106
SN,CS,siddi,754,5,66,0,1,0,2,0,51,82,24,21,58,42,105
SN,CS,siddi,755,5,67,0,0,0,2,0,50,83,24,22,60,41,102
SN,CS,siddi,756,4,68,0,0,0,2,0,50,83,25,23,60,40,101
SN,CS,siddi,757,4,69,0,0,0,1,0,48,84,24,22,58,38,99
SN,CS,siddi,758,4,70,0,0,0,1,0,48,86,23,22,59,39,96
SN,CS,siddi,759,4,71,0,0,0,0,0,47,87,23,21,60,39,98
SN,CS,siddi,760,4,71,0,0,0,0,0,47,87,22,21,60,40,98
SN,CS,siddi,761,4,71,0,0,0,0,0,47,88,22,21,60,39,98
SN,CS,siddi,762,4,71,0,0,0,0,0,47,87,22,21,61,39,98
SN,CS,siddi,763,4,71,0,0,0,0,0,46,86,22,21,63,39,98
SN,CS,siddi,764,4,71,0,0,0,0,0,46,87,23,21,63,39,96
SN,CS,siddi,765,4,70,0,0,0,1,2,46,87,23,21,64,39,96
SN,CS,siddi,766,5,69,0,0,0,1,2,46,86,24,22,63,39,96
SN,CS,siddi,767,5,68,1,0,0,1,2,46,87,24,22,64,40,94
SN,CS,siddi,768,5,67,1,0,0,1,2,46,85,24,23,62,41,96
SN,CS,siddi,769,5,66,1,0,0,1,3,45,84,24,23,63,41,97
SN,CS,siddi,770,5,65,1,0,0,1,3,46,82,24,23,61,42,99
SN,CS,siddi,771,5,64,1,1,0,1,3,45,82,25,23,63,42,99
SN,CS,siddi,772,5,64,1,1,0,1,4,47,82,25,23,62,43,97
SN,CS,siddi,773,5,63,1,1,0,1,4,49,81,26,24,63,46,100
SN,CS,siddi,774,5,63,1,1,0,1,4,48,80,27,24,62,46,101
SN,CS,siddi,775,5,62,1,1,0,2,4,49,78,28,25,61,44,101
SN,CS,siddi,776,6,61,1,1,0,2,4,50,77,27,26,62,47,100
SN,CS,siddi,777,6,60,1,1,0,2,7,49,77,27,26,63,47,101
SN,CS,siddi,778,6,59,1,1,1,2,7,49,78,29,25,66,50,103
SN,CS,siddi,779,6,58,1,1,1,3,11,52,86,33,31,73,57,109
SN,CS,siddi,780,6,57,1,1,1,3,11,55,85,34,32,76,64,114
SN,CS,siddi,781,6,56,1,1,1,3,14,61,91,40,39,84,76,125
SN,CS,siddi,782,6,55,1,1,2,3,17,64,92,41,41,85,79,126
SN,CS,siddi,783,6,55,1,1,2,3,19,63,92,46,42,88,80,128
SN,CS,siddi,784,7,54,1,1,2,3,26,71,109,61,54,111,95,142
SN,CS,siddi,785,7,53,1,2,2,3,26,71,109,62,55,111,95,142
SN,CS,siddi,786,6,54,1,2,2,3,26,71,109,61,56,112,93,143
SN,CS,siddi,787,6,54,1,2,2,3,26,71,109,62,56,112,93,142
SN,CS,siddi,788,6,54,1,2,2,3,26,71,110,62,56,112,93,141
SN,CS,siddi,789,6,54,1,2,2,3,26,71,110,62,56,113,93,140
SN,CS,siddi,790,6,54,1,2,2,3,26,69,110,61,56,114,93,142
SN,CS,siddi,791,6,54,1,2,2,3,26,69,110,61,56,113,91,145
SN,CS,siddi,792,6,54,1,2,2,3,26,68,110,61,56,114,91,145
SN,CS,siddi,793,6,54,1,2,2,3,26,67,109,63,55,114,91,146
SN,CS,siddi,794,7,53,1,2,2,3,26,67,109,62,55,115,91,146
SN,CS,siddi,795,7,53,1,2,2,3,26,67,109,63,55,114,94,143
SN,CS,siddi,796,6,54,1,2,2,3,26,68,110,63,55,114,94,141
SN,CS,siddi,797,6,54,1,2,2,3,26,67,110,63,55,115,94,141
SN,CS,siddi,798,6,54,1,2,2,3,26,68,109,64,54,115,93,142
SN,CS,siddi,799,6,54,1,2,2,3,26,68,109,64,55,117,92,140
SN,CS,siddi,800,6,54,1,2,2,3,26,69,109,64,54,117,93,139
SN,CS,siddi,801,7,53,1,2,2,3,26,70,109,65,54,114,93,140
SN,CS,siddi,802,7,53,1,2,2,3,26,71,109,65,54,114,94,138
SN,CS,siddi,803,7,53,1,2,2,3,26,70,109,64,54,116,95,137
SN,CS,siddi,804,7,53,1,2,2,3,26,71,110,64,53,117,95,135
SN,CS,siddi,805,7,53,1,2,2,3,26,71,110,66,52,116,94,136
SN,CS,siddi,806,7,53,1,2,2,3,26,70,110,65,52,116,97,135
SN,CS,siddi,807,7,53,1,2,2,3,26,70,110,67,51,117,97,133
SN,CS,siddi,808,7,53,1,2,2,3,26,70,110,68,50,118,98,131
SN,CS,siddi,809,7,53,1,2,2,3,26,70,110,68,50,118,98,131
SN,CS,siddi,810,7,53,1,2,2,3,26,70,110,68,50,120,97,130
SN,CS,siddi,811,7,53,1,2,2,3,26,70,110,69,48,121,96,131
SN,CS,siddi,812,7,53,1,2,2,3,26,70,111,70,49,121,95,129
SN,CS,siddi,813,7,53,1,2,2,3,26,68,112,70,49,121,96,129
SN,CS,siddi,814,7,53,1,2,2,3,26,68,112,68,48,122,97,130
SN,CS,siddi,815,7,53,1,2,2,3,26,68,112,69,48,122,96,130
SN,CS,siddi,816,8,52,1,2,2,3,26,67,112,70,48,123,95,130
SN,CS,siddi,817,8,52,1,2,2,3,26,66,112,70,49,124,95,129
SN,CS,siddi,818,8,52,1,2,2,3,26,66,112,72,49,123,97,126
SN,CS,siddi,819,8,52,1,2,2,3,26,65,112,73,48,122,97,128
SN,CS,siddi,820,8,52,1,2,2,3,26,65,112,73,47,122,97,129
SN,CS,siddi,821,9,51,1,2,2,3,26,65,113,73,47,121,97,129
SN,CS,siddi,822,9,51,1,2,2,3,26,64,112,74,47,120,99,129
SN,CS,siddi,823,9,51,1,2,2,3,26,65,112,73,47,120,99,129
SN,CS,siddi,824,9,51,1,2,2,3,26,64,112,74,47,120,99,129
SN,CS,siddi,825,9,51,1,2,2,3,26,64,112,73,47,119,100,130
SN,CS,siddi,826,9,51,1,2,2,3,26,63,112,74,48,118,100,130
SN,CS,siddi,827,9,51,1,2,2,3,26,63,111,74,49,119,101,128
SN,CS,siddi,828,9,51,1,2,2,3,26,63,112,74,49,119,101,127
SN,CS,siddi,829,9,51,1,2,2,3,26,63,112,72,50,119,101,128
SN,CS,siddi,830,9,51,1,2,2,3,26,63,112,72,49,118,103,128
SN,CS,siddi,831,9,51,1,2,2,3,26,63,112,71,48,119,104,128
SN,CS,siddi,832,9,51,1,2,2,3,26,62,112,71,47,122,104,127
SN,CS,siddi,833,9,51,1,2,2,3,26,62,111,71,46,122,104,129
SN,CS,siddi,834,10,50,1,2,2,3,26,62,111,71,46,122,104,129
SN,CS,siddi,835,10,50,1,2,2,3,26,62,111,72,46,123,103,128
SN,CS,siddi,836,10,50,1,2,2,3,26,62,110,72,47,122,103,129
SN,CS,siddi,837,10,50,1,2,2,3,26,61,110,72,47,122,104,129
SN,CS,siddi,838,10,50,1,2,2,3,26,62,110,74,47,120,104,128
SN,CS,siddi,839,10,50,1,2,2,3,26,61,109,73,47,122,103,130
SN,CS,siddi,840,10,51,1,2,2,2,24,61,109,74,47,121,104,128
SN,CS,siddi,841,9,52,1,2,2,2,24,60,110,74,46,122,104,128
SN,CS,siddi,842,9,53,0,2,2,2,24,60,109,73,46,121,103,131
SN,CS,siddi,843,9,54,0,2,2,2,24,60,110,74,45,123,102,129
SN,CS,siddi,844,9,55,0,2,2,2,23,59,111,75,45,124,101,128
SN,CS,siddi,845,9,56,0,2,2,2,23,58,112,76,45,126,100,126
SN,CS,siddi,846,9,57,0,1,2,2,23,59,112,75,45,125,99,126
SN,CS,siddi,847,9,57,0,1,2,2,22,58,112,74,45,125,99,128
SN,CS,siddi,848,9,58,0,1,2,2,22,55,114,71,43,126,97,125
SN,CS,siddi,849,9,58,0,1,2,2,22,55,116,69,43,128,97,124
SN,CS,siddi,850,9,59,0,1,2,1,22,55,117,68,42,128,97,127
SN,CS,siddi,851,8,60,0,1,2,1,22,54,118,68,42,127,93,129
SN,CS,siddi,852,8,61,0,1,2,1,19,55,118,68,42,127,93,127
SN,CS,siddi,853,8,62,0,1,1,1,19,56,117,65,42,124,90,126
SN,CS,siddi,854,8,63,0,1,1,0,15,52,109,61,36,118,83,120
SN,CS,siddi,855,8,64,0,1,1,0,15,48,110,60,34,116,76,116
SN,CS,siddi,856,8,65,0,1,1,0,12,41,105,55,27,107,64,105
SN,CS,siddi,857,8,66,0,1,0,0,9,38,104,54,25,105,62,104
SN,CS,siddi,858,8,66,0,1,0,0,7,39,104,49,24,102,58,105
SN,CS,siddi,859,7,67,0,1,0,0,0,30,87,34,12,80,43,91
SN,CS,siddi,860,7,68,0,0,0,0,0,31,87,33,11,80,42,91
SN,CS,siddi,861,7,68,0,0,0,0,0,33,88,33,10,79,42,90
SN,CS,siddi,862,7,68,0,0,0,0,0,33,88,32,10,79,42,91
SN,CS,siddi,863,7,68,0,0,0,0,0,32,87,32,10,80,42,92
SN,CS,siddi,864,8,67,0,0,0,0,0,32,87,32,10,80,41,93
SN,CS,siddi,865,8,67,0,0,0,0,0,33,87,34,10,79,42,90
SN,CS,siddi,866,9,66,0,0,0,0,0,33,87,34,10,79,42,90
SN,CS,siddi,867,9,65,0,1,0,0,0,33,88,34,11,79,43,92
SN,CS,siddi,868,9,65,0,1,0,0,0,32,89,32,11,81,43,92
SN,CS,siddi,869,8,66,0,1,0,0,0,32,89,32,12,80,43,92
SN,CS,siddi,870,8,66,0,1,0,0,0,32,89,31,12,81,41,94
SN,CS,siddi,871,8,66,0,1,0,0,0,31,88,31,12,81,43,94
SN,CS,siddi,872,7,67,0,1,0,0,0,31,89,32,12,80,43,93
SN,CS,siddi,873,7,67,0,1,0,0,0,30,89,31,14,80,44,92
SN,CS,siddi,874,7,67,0,1,0,0,0,30,89,31,13,80,45,92
SN,CS,siddi,875,7,67,0,1,0,0,0,28,90,31,13,82,44,92
SN,CS,siddi,876,6,68,0,1,0,0,0,27,91,31,14,82,44,91
SN,CS,siddi,877,6,68,0,1,0,0,0,26,91,33,13,83,43,91
SN,CS,siddi,878,6,68,0,1,0,0,0,27,92,33,13,82,42,91
SN,CS,siddi,879,7,67,0,1,0,0,0,27,91,33,13,81,43,92
SN,CS,siddi,880,8,66,0,1,0,0,0,27,92,31,13,81,43,93
SN,CS,siddi,881,8,66,0,1,0,0,0,27,92,31,14,81,41,94
SN,CS,siddi,882,9,65,0,1,0,0,0,26,93,30,15,81,41,94
SN,CS,siddi,883,9,65,0,1,0,0,0,27,93,29,15,81,40,95
SN,CS,siddi,884,9,65,0,1,0,0,0,28,93,29,15,80,41,94
SN,CS,siddi,885,9,65,0,1,0,0,0,27,93,29,15,78,43,95
SN,CS,siddi,886,9,65,0,1,0,0,0,26,93,28,15,78,44,96
SN,CS,siddi,887,9,65,0,1,0,0,0,25,92,28,14,80,45,96
SN,CS,siddi,888,9,65,0,1,0,0,0,25,91,28,14,83,44,95
SN,CS,siddi,889,9,65,0,1,0,0,0,24,92,28,14,83,43,96
SN,CS,siddi,890,9,65,0,1,0,0,0,25,92,27,14,82,44,96
SN,CS,siddi,891,8,66,0,1,0,0,0,26,92,26,14,81,45,96
SN,CS,siddi,892,8,66,0,1,0,0,0,26,92,26,13,80,47,96
SN,CS,siddi,893,8,66,0,1,0,0,0,26,92,24,13,81,46,98
SN,CS,siddi,894,9,65,0,1,0,0,0,27,92,24,13,82,46,96
SN,CS,siddi,895,9,65,0,1,0,0,0,26,92,24,13,84,46,95
SN,CS,siddi,896,9,65,0,1,0,0,0,27,91,24,13,84,47,94
SN,CS,siddi,897,9,65,0,1,0,0,0,27,91,24,13,85,47,93
SN,CS,siddi,898,9,65,0,1,0,0,0,26,91,25,13,86,48,91
SN,CS,siddi,899,10,64,0,1,0,0,0,26,91,24,13,86,48,92
SN,CS,siddi,900,10,64,0,1,0,0,0,26,92,24,13,86,48,91
SN,CS,siddi,901,10,64,0,1,0,0,0,26,91,23,12,89,48,91
SN,CS,siddi,902,10,64,0,1,0,0,0,25,91,23,11,89,47,94
SN,CS,siddi,903,10,64,0,1,0,0,0,26,91,24,11,88,47,93
SN,CS,siddi,904,10,64,0,1,0,0,0,27,91,24,10,86,49,93
SN,CS,siddi,905,10,64,0,1,0,0,0,27,91,24,10,87,48,93
SN,CS,siddi,906,10,64,0,1,0,0,0,27,91,26,10,86,47,93
SN,CS,siddi,907,10,64,0,1,0,0,0,28,91,28,10,84,47,92
SN,CS,siddi,908,10,64,0,1,0,0,0,28,92,28,10,84,46,92
SN,CS,siddi,909,9,65,0,1,0,0,0,28,92,28,10,85,46,91
SN,CS,siddi,910,9,65,0,1,0,0,0,27,92,27,10,87,45,92
SN,CS,siddi,911,9,65,0,1,0,0,0,29,92,27,9,85,47,91
SN,CS,siddi,912,9,65,0,1,0,0,0,29,92,29,9,86,45,90
SN,CS,siddi,913,9,65,0,1,0,0,0,28,93,28,9,86,45,91
SN,CS,siddi,914,9,65,0,1,0,0,0,28,94,28,9,86,45,90
SN,CS,siddi,915,9,65,0,1,0,0,0,29,94,27,9,87,43,91
SN,CS,siddi,916,9,65,0,1,0,0,0,29,94,26,9,88,44,90
SN,CS,siddi,917,9,65,0,1,0,0,0,29,94,26,9,89,46,87
SN,CS,siddi,918,9,65,0,1,0,0,0,29,94,25,10,88,46,88
SN,CS,siddi,919,9,65,0,1,0,0,0,30,94,24,10,86,47,89
SN,CS,siddi,920,9,65,0,1,0,0,0,31,94,24,11,85,47,88
SN,CS,siddi,921,9,65,0,1,0,0,0,30,94,25,11,85,48,87
SN,CS,siddi,922,9,65,0,1,0,0,0,29,94,26,11,86,47,87
SN,CS,siddi,923,9,65,0,1,0,0,0,30,93,27,11,85,47,87
SN,CS,siddi,924,9,65,0,1,0,0,0,30,92,28,11,84,47,88
SN,CS,siddi,925,9,65,0,1,0,0,0,29,92,28,11,85,48,87
SN,CS,siddi,926,9,65,0,1,0,0,0,30,92,28,10,85,48,87
SN,CS,siddi,927,9,65,0,1,0,0,0,29,92,28,10,85,50,86
SN,CS,siddi,928,9,65,0,1,0,0,0,28,93,29,10,85,51,84
SN,CS,siddi,929,10,64,0,1,0,0,0,28,94,29,10,84,51,84
SN,CS,siddi,930,10,64,0,1,0,0,0,28,95,28,10,84,51,84
SN,CS,siddi,931,10,64,0,1,0,0,0,29,94,28,10,84,50,85
SN,CS,siddi,932,10,64,0,1,0,0,0,30,94,28,11,84,49,84
SN,CS,siddi,933,9,65,0,1,0,0,0,30,94,28,12,85,49,82
SN,CS,siddi,934,9,65,0,1,0,0,0,29,94,28,13,84,51,81
SN,CS,siddi,935,9,65,0,1,0,0,0,29,94,29,13,85,50,80
SN,CS,siddi,936,9,65,0,1,0,0,0,27,93,29,13,86,50,82
SN,CS,siddi,937,9,65,0,1,0,0,0,27,93,29,13,86,50,82
SN,CS,siddi,938,9,65,0,1,0,0,0,27,93,30,13,87,50,80
SN,CS,siddi,939,8,66,0,1,0,0,0,26,93,30,13,86,52,80
SN,CS,siddi,940,8,66,0,1,0,0,0,25,93,28,13,87,53,81
SN,CS,siddi,941,7,67,0,1,0,0,0,25,93,28,13,87,55,79
SN,CS,siddi,942,7,68,0,0,0,0,0,24,92,28,12,87,53,79
SN,CS,siddi,943,7,68,0,0,0,0,0,25,91,28,13,85,53,80
SN,CS,siddi,944,7,68,0,0,0,0,0,25,91,29,12,85,53,80
SN,CS,siddi,945,8,67,0,0,0,0,0,25,91,30,12,86,52,79
SN,CS,siddi,946,8,67,0,0,0,0,0,26,91,30,12,86,51,79
SN,CS,siddi,947,8,67,0,0,0,0,0,26,90,30,12,87,52,78
SN,CS,siddi,948,8,67,0,0,0,0,0,26,90,31,10,88,52,78
SN,CS,siddi,949,8,67,0,0,0,0,0,26,90,31,10,87,51,80
SN,CS,siddi,950,8,67,0,0,0,0,0,27,89,31,10,85,52,81
SN,CS,siddi,951,8,67,0,0,0,0,0,28,88,30,10,86,51,82
SN,CS,siddi,952,8,67,0,0,0,0,0,28,89,28,10,86,51,83
SN,CS,siddi,953,8,67,0,0,0,0,0,28,88,29,10,86,50,84
SN,CS,siddi,954,7,68,0,0,0,0,0,27,89,29,10,87,49,84
SN,CS,siddi,955,6,69,0,0,0,0,0,27,88,29,10,88,50,83
SN,CS,siddi,956,6,69,0,0,0,0,0,28,88,29,9,89,49,83
SN,CS,siddi,957,5,70,0,0,0,0,0,28,87,29,9,90,49,83
SN,CS,siddi,958,5,70,0,0,0,0,0,27,87,29,10,90,49,83
SN,CS,siddi,959,5,70,0,0,0,0,0,26,87,29,11,91,48,83
SN,CS,siddi,960,5,70,0,0,0,0,0,26,88,29,11,92,47,82
SN,CS,siddi,961,5,70,0,0,0,0,0,26,88,29,12,92,46,82
SN,CS,siddi,962,5,70,0,0,0,0,0,27,88,30,12,90,45,83
SN,CS,siddi,963,5,70,0,0,0,0,0,27,88,30,12,89,45,84
SN,CS,siddi,964,6,69,0,0,0,0,0,27,87,31,12,89,45,84
SN,CS,siddi,965,6,69,0,0,0,0,0,27,87,32,13,88,44,84
SN,CS,siddi,966,7,68,0,0,0,0,0,27,87,32,13,88,43,85
SN,CS,siddi,967,7,68,0,0,0,0,0,27,87,33,13,88,41,86
SN,CS,siddi,968,7,68,0,0,0,0,0,29,88,33,13,87,41,84
SN,CS,siddi,969,7,68,0,0,0,0,0,29,88,33,13,86,41,85
SN,CS,siddi,970,7,68,0,0,0,0,0,30,88,33,13,85,41,85
SN,CS,siddi,971,6,69,0,0,0,0,0,29,88,33,13,85,41,86
SN,CS,siddi,972,6,69,0,0,0,0,0,29,88,32,14,86,40,86
SN,CS,siddi,973,7,68,0,0,0,0,0,30,88,32,14,85,39,87
SN,CS,siddi,974,6,69,0,0,0,0,0,30,88,33,14,86,40,84
SN,CS,siddi,975,7,68,0,0,0,0,0,30,87,33,14,87,39,85
SN,CS,siddi,976,7,68,0,0,0,0,0,30,87,33,14,85,39,87
SN,CS,siddi,977,7,68,0,0,0,0,0,30,87,34,15,85,39,85
SN,CS,siddi,978,7,68,0,0,0,0,0,29,86,33,15,87,40,85
SN,CS,siddi,979,7,68,0,0,0,0,0,28,86,34,16,88,39,84
SN,CS,siddi,980,7,68,0,0,0,0,0,28,87,34,16,88,39,83
SN,CS,siddi,981,8,67,0,0,0,0,0,29,87,32,16,89,39,83
SN,CS,siddi,982,9,66,0,0,0,0,0,29,87,30,16,89,40,84
SN,CS,siddi,983,9,66,0,0,0,0,0,30,87,31,16,88,40,83
SN,CS,siddi,984,9,66,0,0,0,0,0,31,87,31,17,86,41,82
SN,CS,siddi,985,9,66,0,0,0,0,0,31,88,32,17,84,41,82
SN,CS,siddi,986,9,66,0,0,0,0,0,30,88,33,18,84,39,83
SN,CS,siddi,987,9,66,0,0,0,0,0,31,88,32,18,82,40,84
SN,CS,siddi,988,9,66,0,0,0,0,0,32,88,31,18,82,40,84
SN,CS,siddi,989,9,66,0,0,0,0,0,32,87,32,18,81,40,85
SN,CS,siddi,990,9,66,0,0,0,0,0,31,87,34,18,81,40,84
SN,CS,siddi,991,9,66,0,0,0,0,0,31,87,34,18,81,40,84
SN,CS,siddi,992,9,66,0,0,0,0,0,31,87,34,18,80,38,87
SN,CS,siddi,993,10,65,0,0,0,0,0,31,87,34,17,80,40,86
SN,CS,siddi,994,10,65,0,0,0,0,0,30,87,34,17,81,40,86
SN,CS,siddi,995,10,65,0,0,0,0,0,30,87,33,16,81,42,86
SN,CS,siddi,996,10,65,0,0,0,0,0,30,87,32,16,81,41,88
SN,CS,siddi,997,11,64,0,0,0,0,0,31,87,32,16,81,42,86
SN,CS,siddi,998,11,64,0,0,0,0,0,30,87,32,16,81,42,87
SN,CS,siddi,999,11,64,0,0,0,0,0,30,87,32,16,82,43,85
SN,CS,siddi,1000,11,64,0,0,0,0,0,31,86,33,17,82,43,83
SN,CS,siddi,1001,11,64,0,0,0,0,0,30,86,33,18,82,43,83
SN,CS,siddi,1002,11,64,0,0,0,0,0,30,86,35,18,82,42,82
SN,CS,siddi,1003,11,63,1,0,0,0,0,31,84,34,18,81,45,83
SN,CS,siddi,1004,10,64,1,0,0,0,0,31,83,35,18,83,45,81
SN,CS,siddi,1005,10,64,1,0,0,0,0,33,82,35,18,83,46,79
SN,CS,siddi,1006,10,64,1,0,0,0,0,32,82,34,18,83,46,81
SN,CS,siddi,1007,10,63,1,0,0,1,0,31,81,35,17,83,46,81
SN,CS,siddi,1008,10,62,1,0,1,1,0,31,80,36,17,82,46,80
SN,CS,siddi,1009,11,61,1,0,1,1,0,31,79,37,16,83,44,82
SN,CS,siddi,1010,11,60,1,1,1,1,0,30,79,37,17,81,45,83
SN,CS,siddi,1011,11,59,1,1,2,1,0,31,81,38,17,82,47,82
SN,CS,siddi,1012,11,59,1,1,2,1,1,31,80,40,18,82,46,81
SN,CS,siddi,1013,11,58,1,1,2,1,1,31,80,39,21,79,48,81
SN,CS,siddi,1014,11,58,1,1,2,1,1,31,79,41,23,80,47,79
SN,CS,siddi,1015,11,57,1,1,2,2,1,31,78,41,24,80,46,80
SN,CS,siddi,1016,11,57,1,1,2,2,1,32,78,41,26,79,44,81
SN,CS,siddi,1017,11,56,1,1,3,2,1,32,78,42,27,79,45,78
SN,CS,siddi,1018,12,55,1,1,3,2,1,32,78,43,27,80,45,77
SN,CS,siddi,1019,12,54,1,1,3,2,1,34,78,42,27,81,44,77
SN,CS,siddi,1020,11,54,1,1,3,3,1,34,78,41,27,80,45,78
SN,CS,siddi,1021,11,53,1,1,3,3,2,33,77,42,29,79,45,78
SN,CS,siddi,1022,12,52,1,1,3,3,2,33,76,42,29,78,44,81
SN,CS,siddi,1023,12,52,1,1,3,3,2,35,75,41,29,76,44,83
SN,CS,siddi,1024,12,51,1,1,3,3,2,35,75,41,30,75,46,82
SN,CS,siddi,1025,12,51,1,1,3,3,2,34,74,43,30,76,47,80
SN,CS,siddi,1026,12,50,1,1,3,3,3,35,74,43,29,75,47,81
SN,CS,siddi,1027,13,49,1,1,3,3,3,35,72,45,29,74,49,80
SN,CS,siddi,1028,13,48,1,1,3,3,5,34,71,45,29,74,50,80
SN,CS,siddi,1029,13,47,1,1,3,3,6,34,69,46,30,74,51,79
SN,CS,siddi,1030,13,46,1,1,3,4,6,34,68,46,30,74,51,80
SN,CS,siddi,1031,13,45,1,1,3,5,7,34,67,46,31,72,51,81
SN,CS,siddi,1032,13,44,1,1,3,6,8,36,67,45,30,71,51,82
SN,CS,siddi,1033,13,43,1,2,3,6,8,36,67,46,29,71,52,81
SN,CS,siddi,1034,13,42,1,2,3,7,8,36,67,46,28,71,52,82
SN,CS,siddi,1035,13,41,1,2,4,7,9,36,65,45,29,71,52,83
SN,CS,siddi,1036,13,41,1,2,4,7,10,38,65,46,29,70,53,81
SN,CS,siddi,1037,13,40,1,2,4,7,10,37,64,45,33,70,53,81
SN,CS,siddi,1038,13,40,1,2,4,7,10,37,64,45,33,69,54,81
SN,CS,siddi,1039,13,40,1,2,4,7,10,38,64,44,33,68,55,81
SN,CS,siddi,1040,13,40,1,2,4,7,10,37,64,43,32,68,56,83
SN,CS,siddi,1041,12,41,1,2,4,7,10,36,63,43,32,69,58,82
SN,CS,siddi,1042,12,41,1,2,4,7,10,36,64,42,32,68,59,82
SN,CS,siddi,1043,12,41,1,2,4,7,10,35,64,42,32,68,59,83
SN,CS,siddi,1044,11,42,1,2,4,7,10,36,64,42,33,67,59,82
SN,CS,siddi,1045,11,42,1,2,4,7,10,35,64,42,33,66,61,82
SN,CS,siddi,1046,11,42,1,2,4,7,10,35,64,42,33,67,60,82
SN,CS,siddi,1047,11,42,1,2,4,7,10,35,65,43,32,65,60,83
SN,CS,siddi,1048,10,43,1,2,4,7,10,34,65,42,32,66,61,83
SN,CS,siddi,1049,10,43,1,2,4,7,10,35,66,42,32,64,60,84
SN,CS,siddi,1050,10,43,1,2,4,7,10,35,66,42,32,64,60,84
SN,CS,siddi,1051,10,43,1,2,4,7,10,35,66,42,32,64,60,84
SN,CS,siddi,1052,10,43,1,2,4,7,10,36,66,41,32,65,60,83
SN,CS,siddi,1053,11,42,1,2,4,7,10,37,66,41,31,63,60,85
SN,CS,siddi,1054,11,42,1,2,4,7,10,37,66,42,30,64,59,85
SN,CS,siddi,1055,12,41,1,2,4,7,10,37,65,42,30,64,59,86
SN,CS,siddi,1056,11,42,1,2,4,7,10,36,65,42,31,63,59,87
SN,CS,siddi,1057,10,43,1,2,4,7,10,36,65,42,32,62,59,87
SN,CS,siddi,1058,10,43,1,2,4,7,10,35,64,42,32,63,59,88
SN,CS,siddi,1059,10,43,1,2,4,7,10,35,64,42,32,63,58,89
SN,CS,siddi,1060,10,43,1,2,4,7,10,35,63,41,32,64,59,89
SN,CS,siddi,1061,10,43,1,2,4,7,10,35,63,40,31,66,59,89
SN,CS,siddi,1062,10,43,1,2,4,7,10,34,63,40,31,68,58,89
SN,CS,siddi,1063,10,43,1,2,4,7,10,34,62,40,31,69,58,89
SN,CS,siddi,1064,10,43,1,2,4,7,10,34,62,41,32,69,58,87
SN,CS,siddi,1065,10,43,1,2,4,7,10,34,62,41,33,69,58,86
SN,CS,siddi,1066,10,43,1,2,4,7,10,34,62,42,33,68,59,85
SN,CS,siddi,1067,10,43,1,2,4,7,10,34,63,42,33,70,59,82
SN,CS,siddi,1068,9,44,1,2,4,7,10,35,64,42,33,70,58,81
SN,CS,siddi,1069,9,44,1,2,4,7,10,36,64,42,33,69,58,81
SN,CS,siddi,1070,9,44,1,2,4,7,10,35,64,43,34,70,56,81
SN,CS,siddi,1071,9,44,1,2,4,7,10,35,64,44,35,69,57,79
SN,CS,siddi,1072,8,45,1,2,4,7,10,35,64,43,35,69,56,81
SN,CS,siddi,1073,8,45,1,2,4,7,10,35,64,42,36,69,56,81
SN,CS,siddi,1074,8,45,1,2,4,7,10,36,64,42,36,67,55,83
SN,CS,siddi,1075,9,44,1,2,4,7,10,35,66,41,35,67,55,84
SN,CS,siddi,1076,9,44,1,2,4,7,10,35,66,41,34,68,57,82
SN,CS,siddi,1077,9,44,1,2,4,7,10,35,66,39,35,68,56,84
SN,CS,siddi,1078,9,45,0,2,4,7,10,34,67,39,36,70,52,84
SN,CS,siddi,1079,9,45,0,2,4,7,10,35,67,39,36,68,52,85
SN,CS,siddi,1080,9,45,0,2,4,7,10,34,67,39,36,67,53,86
SN,CS,siddi,1081,9,45,0,2,4,7,10,34,68,39,36,67,53,85
SN,CS,siddi,1082,9,46,0,2,4,6,10,34,69,39,37,66,55,84
SN,CS,siddi,1083,9,47,0,2,3,6,10,34,71,38,36,67,55,85
SN,CS,siddi,1084,8,48,0,2,3,6,10,34,74,37,37,67,55,82
SN,CS,siddi,1085,8,49,0,1,3,6,10,35,74,36,36,67,54,84
SN,CS,siddi,1086,8,50,0,1,2,6,10,35,73,35,36,65,52,84
SN,CS,siddi,1087,8,50,0,1,2,6,9,36,74,33,35,64,53,85
SN,CS,siddi,1088,8,51,0,1,2,6,9,36,74,33,32,65,53,86
SN,CS,siddi,1089,8,51,0,1,2,6,9,36,75,32,30,66,53,86
SN,CS,siddi,1090,8,52,0,1,2,5,9,36,76,32,30,67,52,85
SN,CS,siddi,1091,9,51,0,1,2,5,9,35,77,32,28,67,53,85
SN,CS,siddi,1092,10,51,0,1,1,5,9,35,77,31,27,68,52,87
SN,CS,siddi,1093,9,52,0,1,1,5,9,34,77,31,26,68,52,88
SN,CS,siddi,1094,9,53,0,1,1,5,9,32,77,31,26,68,52,89
SN,CS,siddi,1095,9,53,0,2,1,4,9,32,77,32,26,69,51,89
SN,CS,siddi,1096,9,54,0,2,1,4,8,33,78,31,24,69,51,90
SN,CS,siddi,1097,8,55,0,2,1,4,8,33,79,32,24,69,52,87
SN,CS,siddi,1098,8,55,0,2,1,4,8,31,80,32,24,71,51,87
SN,CS,siddi,1099,8,56,0,2,1,4,8,31,80,32,23,71,50,88
SN,CS,siddi,1100,8,56,0,2,1,4,8,32,82,30,23,71,48,89
SN,CS,siddi,1101,8,56,0,2,1,4,8,33,81,31,25,72,50,91
SN,CS,siddi,1102,7,57,0,2,1,4,8,34,81,30,25,71,48,93
SN,CS,siddi,1103,7,57,0,2,1,5,6,35,81,30,26,70,47,92
SN,CS,siddi,1104,7,57,0,2,1,5,5,37,83,29,26,69,47,92
SN,CS,siddi,1105,7,57,0,2,1,4,5,39,85,29,27,68,47,90
SN,CS,siddi,1106,7,57,0,2,1,3,4,40,87,29,27,69,48,88
SN,CS,siddi,1107,7,57,0,2,1,2,3,40,88,29,29,68,49,87
SN,CS,siddi,1108,7,57,0,1,1,2,3,42,89,28,30,67,49,87
SN,CS,siddi,1109,7,57,0,1,1,1,3,44,90,28,31,67,49,85
SN,CS,siddi,1110,7,57,0,1,0,1,2,46,92,28,31,67,49,84
SN,CS,siddi,1111,7,56,0,1,0,1,1,46,93,27,31,68,49,84
SN,CS,siddi,1112,7,56,0,1,0,1,1,48,95,26,29,68,50,83
SN,CS,siddi,1113,7,55,0,1,0,1,1,50,96,26,30,68,50,81
SN,CS,siddi,1114,6,55,0,1,0,1,1,51,97,26,32,68,50,79
SN,CS,siddi,1115,6,54,0,1,0,1,1,53,98,26,33,69,50,76
SN,CS,siddi,1116,6,53,0,1,0,1,1,55,99,26,35,68,49,75
SN,CS,siddi,1117,6,52,0,1,0,1,1,57,99,26,37,68,49,73
SN,CS,siddi,1118,6,51,0,1,0,1,1,58,99,26,38,69,49,72
SN,CS,siddi,1119,6,50,0,1,0,1,1,58,100,25,38,70,50,72
SN,CS,siddi,1120,6,49,0,1,0,1,1,60,101,25,39,70,49,71
SN,CS,siddi,1121,6,48,0,1,0,1,1,62,102,25,40,69,50,69
SN,CS,siddi,1122,6,47,0,1,0,1,1,64,102,24,41,70,50,68
SN,CS,siddi,1123,6,46,0,1,0,1,1,66,103,24,43,68,50,67
SN,CS,siddi,1124,6,45,0,1,0,1,1,67,103,23,45,68,51,66
SN,CS,siddi,1125,5,45,0,1,0,1,1,69,104,23,46,68,51,64
SN,CS,siddi,1126,5,44,0,1,0,1,1,71,105,23,48,67,52,61
SN,CS,siddi,1127,5,43,0,1,0,1,1,72,106,23,49,65,53,61
SN,CS,siddi,1128,4,43,0,1,0,1,1,73,107,23,50,66,53,59
SN,CS,siddi,1129,4,42,0,1,0,1,1,75,108,21,51,65,54,59
SN,CS,siddi,1130,3,43,0,1,0,1,2,76,109,21,52,64,53,59
SN,CS,siddi,1131,3,43,0,1,0,1,3,78,109,21,52,64,53,58
SN,CS,siddi,1132,3,43,0,1,0,1,3,79,109,22,52,65,52,58
SN,CS,siddi,1133,4,42,0,1,0,1,4,81,109,21,53,65,52,57
SN,CS,siddi,1134,4,42,0,1,0,1,6,82,109,20,52,66,52,57
SN,CS,siddi,1135,5,41,0,1,0,1,7,84,109,20,53,65,51,57
SN,CS,siddi,1136,5,40,0,1,0,1,7,83,112,20,53,65,53,56
SN,CS,siddi,1137,5,39,0,1,0,1,7,83,115,19,53,65,55,55
SN,CS,siddi,1138,5,38,0,1,0,1,7,82,117,19,53,66,57,54
SN,CS,siddi,1139,5,37,0,1,0,1,7,82,120,17,52,67,59,54
SN,CS,siddi,1140,5,36,0,1,0,1,7,82,123,15,51,68,61,54
SN,CS,siddi,1141,5,35,0,2,0,1,7,82,124,14,52,69,61,54
SN,CS,siddi,1142,5,34,0,3,0,1,7,81,123,14,53,69,64,54
SN,CS,siddi,1143,5,33,0,3,0,1,7,80,125,14,53,70,65,54
SN,CS,siddi,1144,5,32,0,3,0,1,7,79,128,14,53,72,66,52
SN,CS,siddi,1145,5,31,0,3,0,1,7,79,131,13,52,72,68,52
SN,CS,siddi,1146,5,30,0,3,0,1,7,79,134,12,51,74,68,52
SN,CS,siddi,1147,5,29,0,3,0,1,7,78,137,12,51,75,70,50
SN,CS,siddi,1148,5,28,0,3,0,1,7,78,140,12,50,76,71,49
SN,CS,siddi,1149,5,27,0,3,0,1,7,77,143,11,50,78,73,47
SN,CS,siddi,1150,4,27,0,3,0,1,7,77,144,11,50,79,75,46
SN,CS,siddi,1151,4,26,0,3,0,1,7,77,147,11,50,79,75,46
SN,CS,siddi,1152,4,25,0,3,0,1,7,77,150,11,50,79,77,44
SN,CS,siddi,1153,4,24,0,3,0,1,7,77,153,11,49,79,79,43
SN,CS,siddi,1154,4,23,0,3,0,1,7,76,156,10,49,80,81,42
SN,CS,siddi,1155,4,22,0,3,0,1,7,75,159,10,49,82,81,41
SN,CS,siddi,1156,4,22,0,3,0,1,7,76,161,11,49,82,82,39
SN,CS,siddi,1157,4,21,0,3,0,1,7,76,164,10,48,84,82,39
SN,CS,siddi,1158,4,20,0,3,0,1,7,75,166,10,48,85,84,38
SN,CS,siddi,1159,4,19,0,3,0,1,7,75,167,10,47,86,86,38
SN,CS,siddi,1160,4,18,0,3,0,1,7,74,170,10,47,88,88,35
SN,CS,siddi,1161,4,17,0,3,0,1,7,73,172,10,47,90,90,33
SN,CS,siddi,1162,4,16,0,3,0,1,7,72,175,10,47,92,91,31
SN,CS,siddi,1163,4,15,0,4,0,1,7,72,176,10,49,93,90,30
SN,CS,siddi,1164,4,14,0,4,0,1,7,72,179,9,49,93,91,30
SN,CS,siddi,1165,4,13,0,4,0,1,7,72,182,9,48,93,93,29
SN,CS,siddi,1166,3,13,0,4,0,1,7,72,184,9,48,95,94,27
SN,CS,siddi,1167,2,13,0,4,0,1,7,72,187,9,48,95,96,25
SN,CS,siddi,1168,2,12,0,4,0,1,7,72,190,8,48,96,98,23
SN,CS,siddi,1169,2,11,0,4,0,1,7,71,193,8,48,97,100,21
SN,CS,siddi,1170,2,11,0,3,0,1,7,71,196,7,48,97,102,19
SN,CS,siddi,1171,2,10,0,3,0,1,7,70,199,7,48,99,103,17
SN,CS,siddi,1172,2,9,0,3,0,2,8,70,198,5,49,100,103,19
SN,CS,siddi,1173,2,8,0,3,0,3,8,71,198,6,49,99,104,17
SN,CS,siddi,1174,2,7,0,3,0,4,8,74,197,7,52,100,104,19
SN,CS,siddi,1175,2,6,0,3,0,5,8,73,196,7,53,100,104,19
SN,CS,siddi,1176,2,6,0,3,0,6,7,71,196,7,52,99,102,15
SN,CS,siddi,1177,2,6,0,3,0,6,7,70,197,7,52,100,103,14
SN,CS,siddi,1178,2,7,0,3,0,5,7,70,198,7,51,101,103,15
SN,CS,siddi,1179,2,8,0,3,0,5,7,69,197,8,51,101,102,15
SN,CS,siddi,1180,2,9,0,3,0,5,7,67,196,8,50,102,103,15
SN,CS,siddi,1181,3,9,0,3,0,5,7,66,195,10,49,101,102,16
SN,CS,siddi,1182,3,10,0,3,0,5,7,65,194,10,47,101,103,17
SN,CS,siddi,1183,3,11,0,3,0,5,7,63,193,10,46,103,102,18
SN,CS,siddi,1184,3,12,0,3,0,5,7,61,194,10,45,102,103,18
SN,CS,siddi,1185,3,13,0,3,0,5,7,59,193,10,46,102,102,19
SN,CS,siddi,1186,3,14,0,3,0,5,7,57,192,10,46,103,102,19
SN,CS,siddi,1187,3,15,0,3,0,5,7,55,191,10,44,104,102,21
SN,CS,siddi,1188,3,16,0,3,0,5,7,54,191,10,43,103,102,22
SN,CS,siddi,1189,3,17,0,3,0,5,7,52,190,11,41,104,103,22
SN,CS,siddi,1190,3,18,0,3,0,5,7,51,189,11,40,104,103,23
SN,CS,siddi,1191,3,19,0,3,0,5,7,50,188,12,38,104,103,24
SN,CS,siddi,1192,3,20,0,3,0,5,7,49,187,13,37,104,103,24
SN,CS,siddi,1193,3,21,0,3,0,5,7,47,187,13,37,104,102,25
SN,CS,siddi,1194,3,22,0,3,0,5,7,46,186,14,37,103,101,26
SN,CS,siddi,1195,3,23,0,3,0,5,7,44,185,15,36,103,100,28
SN,CS,siddi,1196,3,23,0,3,0,5,7,43,183,15,35,104,100,29
SN,CS,siddi,1197,3,24,0,3,0,5,7,42,182,15,34,104,100,30
SN,CS,siddi,1198,3,25,0,3,0,5,7,40,181,16,32,106,99,31
SN,CS,siddi,1199,3,25,0,3,0,5,10,38,181,21,32,111,100,36
SN,CS,siddi,1200,3,25,0,3,0,5,11,37,183,24,34,117,102,42
SN,CS,siddi,1201,3,26,0,3,0,5,11,37,186,26,32,122,103,44
SN,CS,siddi,1202,3,26,0,3,0,5,12,35,185,27,31,125,104,44
SN,CS,siddi,1203,3,26,0,4,0,5,12,36,184,32,31,126,104,45
SN,CS,siddi,1204,3,26,0,4,0,5,12,35,183,35,30,132,105,46
SN,CS,siddi,1205,3,25,0,4,0,5,11,34,183,40,29,138,107,49
SN,CS,siddi,1206,4,24,0,4,0,5,14,35,192,47,37,146,115,51
SN,CS,siddi,1207,4,24,0,4,0,5,15,33,192,47,36,147,116,51
SN,CS,siddi,1208,3,24,0,4,1,5,14,32,193,49,36,148,117,57
SN,CS,siddi,1209,4,23,0,4,1,5,12,31,194,52,37,149,117,58
SN,CS,siddi,1210,4,23,0,4,1,5,12,30,195,56,36,151,118,58
SN,CS,siddi,1211,4,23,0,4,1,5,12,31,192,58,37,150,116,58
SN,CS,siddi,1212,4,23,0,5,1,5,14,32,192,63,38,151,115,61
SN,CS,siddi,1213,4,23,0,5,1,6,15,35,193,69,39,155,115,67
SN,CS,siddi,1214,5,23,0,5,1,6,24,43,200,82,41,175,122,79
SN,CS,siddi,1215,5,24,0,5,1,6,24,45,198,87,45,175,127,83
SN,CS,siddi,1216,5,25,0,4,1,6,26,48,201,90,46,177,126,87
SN,CS,siddi,1217,5,25,0,3,1,6,27,49,202,92,47,176,125,89
SN,CS,siddi,1218,5,25,0,3,1,6,28,50,199,93,47,175,125,89
SN,CS,siddi,1219,5,25,0,3,1,7,29,51,200,96,48,174,124,89
SN,CS,siddi,1220,5,25,0,3,2,7,33,54,202,103,52,174,124,93
SN,CS,siddi,1221,6,25,0,3,2,7,39,61,210,114,57,177,131,101
SN,CS,siddi,1222,6,25,0,3,2,7,43,65,208,116,60,177,134,103
SN,CS,siddi,1223,6,25,0,3,2,7,47,65,204,121,63,178,134,103
SN,CS,siddi,1224,6,25,0,4,2,7,49,68,202,126,65,177,136,103
SN,CS,siddi,1225,6,25,0,4,2,8,52,68,203,128,68,177,133,106
SN,CS,siddi,1226,6,26,0,4,2,8,54,73,201,130,72,180,133,110
SN,CS,siddi,1227,6,26,0,4,2,8,57,74,203,132,75,183,136,111
SN,CS,siddi,1228,6,26,1,4,2,8,57,75,199,134,75,181,134,111
SN,CS,siddi,1229,6,27,1,4,2,8,58,75,196,135,75,180,133,112
SN,CS,siddi,1230,7,27,1,4,2,8,60,77,196,138,80,180,135,113
SN,CS,siddi,1231,7,26,1,4,2,9,62,79,193,141,82,180,137,114
SN,CS,siddi,1232,7,27,1,4,2,9,63,82,194,142,90,182,136,118
SN,CS,siddi,1233,7,27,1,4,2,9,64,82,191,142,93,181,135,121
SN,CS,siddi,1234,7,27,1,4,2,9,67,89,192,144,97,191,139,122
SN,CS,siddi,1235,7,28,1,4,2,9,72,92,190,146,99,193,138,125
SN,CS,siddi,1236,7,29,1,4,2,9,75,96,187,150,102,194,137,128
SN,CS,siddi,1237,7,29,1,4,2,9,77,100,183,150,108,193,136,130
SN,CS,siddi,1238,7,29,1,3,2,9,79,107,187,151,108,192,138,134
SN,CS,siddi,1239,7,29,1,3,2,9,79,109,184,154,108,190,136,136
SN,CS,siddi,1240,7,30,1,3,2,9,80,110,181,158,110,189,137,137
SN,CS,siddi,1241,7,30,1,4,2,9,80,112,179,163,111,189,137,138
SN,CS,siddi,1242,7,30,1,5,2,9,80,115,177,164,116,190,140,141
SN,CS,siddi,1243,7,30,1,5,3,9,80,120,176,165,118,191,141,143
SN,CS,siddi,1244,7,30,1,6,3,9,81,126,174,168,118,192,141,145
SN,CS,siddi,1245,7,31,1,6,3,9,82,129,173,170,122,190,139,147
SN,CS,siddi,1246,8,31,1,6,3,9,86,131,175,175,123,190,141,151
SN,CS,siddi,1247,8,32,1,6,3,8,85,132,175,176,122,188,141,150
SN,CS,siddi,1248,8,33,1,6,3,7,88,135,183,179,129,195,144,162
SN,CS,siddi,1249,8,33,1,6,3,6,90,134,187,183,127,197,145,161
SN,CS,siddi,1250,8,33,1,6,3,6,93,135,190,186,126,203,147,166
SN,CS,siddi,1251,8,33,1,6,3,5,98,140,199,197,131,208,160,175
SN,CS,siddi,1252,8,32,1,6,3,5,98,141,198,196,131,209,159,176
SN,CS,siddi,1253,8,31,1,6,3,5,98,140,198,196,131,209,160,178
SN,CS,siddi,1254,8,30,1,7,3,5,98,140,201,196,132,209,161,182
SN,CS,siddi,1255,8,30,1,7,3,5,105,144,201,202,134,215,166,188
SN,CS,siddi,1256,7,30,1,7,3,5,105,144,200,200,134,217,166,189
SN,CS,siddi,1257,7,30,1,7,3,5,106,147,205,200,135,226,164,189
SN,CS,siddi,1258,7,29,2,7,3,5,107,148,207,201,135,224,166,191
SN,CS,siddi,1259,7,28,2,7,3,5,107,148,205,202,136,226,164,193
SN,CS,siddi,1260,7,28,2,7,3,5,107,148,205,202,134,227,164,194
SN,CS,siddi,1261,7,28,2,7,3,5,107,148,207,202,133,226,163,195
SN,CS,siddi,1262,7,28,2,7,3,5,107,148,207,203,135,226,162,193
SN,CS,siddi,1263,7,28,2,7,3,5,107,147,206,203,135,227,162,194
SN,CS,siddi,1264,7,28,2,7,3,5,107,149,207,202,135,226,160,195
SN,CS,siddi,1265,8,27,2,7,3,5,107,148,207,202,136,226,160,195
SN,CS,siddi,1266,8,27,2,7,3,5,107,147,207,201,136,227,160,196
SN,CS,siddi,1267,8,26,2,8,3,5,107,146,206,200,136,229,160,198
SN,CS,siddi,1268,9,25,2,8,3,5,107,146,206,200,135,230,161,197
SN,CS,siddi,1269,9,25,2,8,3,5,107,146,206,200,134,232,161,196
SN,CS,siddi,1270,9,25,2,8,3,5,107,147,206,200,135,232,161,194
SN,CS,siddi,1271,9,26,2,8,3,5,107,148,207,201,135,231,160,193
SN,CS,siddi,1272,10,25,2,8,3,5,107,148,207,203,135,231,159,192
SN,CS,siddi,1273,11,24,2,8,3,5,107,148,208,203,136,229,159,192
SN,CS,siddi,1274,11,25,2,8,3,5,104,148,207,198,134,225,158,189
SN,CS,siddi,1275,11,26,2,8,3,5,103,148,204,196,131,218,155,185
SN,CS,siddi,1276,11,26,2,8,3,5,103,147,200,194,132,213,153,185
SN,CS,siddi,1277,11,27,2,8,3,5,102,147,200,194,131,212,151,186
SN,CS,siddi,1278,11,28,2,7,3,5,102,145,200,190,130,210,150,187
SN,CS,siddi,1279,11,29,2,7,3,5,102,144,200,188,130,204,148,188
SN,CS,siddi,1280,11,30,2,7,3,5,102,144,199,183,130,199,148,184
SN,CS,siddi,1281,10,31,2,7,3,5,98,141,190,177,121,193,140,181
SN,CS,siddi,1282,10,31,2,7,3,5,97,141,190,177,121,192,139,182
SN,CS,siddi,1283,10,32,2,7,2,5,97,140,189,176,120,192,138,176
SN,CS,siddi,1284,9,33,2,7,2,5,97,139,189,173,119,191,138,176
SN,CS,siddi,1285,8,34,2,7,2,5,96,139,188,169,119,189,137,177
SN,CS,siddi,1286,8,35,2,7,2,5,96,139,189,167,118,189,138,177
SN,CS,siddi,1287,8,36,2,6,2,5,94,138,186,162,117,187,137,177
SN,CS,siddi,1288,8,37,2,6,2,4,93,136,183,156,117,182,134,172
SN,CS,siddi,1289,7,38,2,6,2,4,84,128,173,145,115,162,125,160
SN,CS,siddi,1290,7,38,2,6,2,4,84,126,172,140,111,162,119,157
SN,CS,siddi,1291,7,38,2,6,2,4,82,123,168,137,110,159,118,155
SN,CS,siddi,1292,7,39,2,6,2,4,81,123,168,135,108,158,117,154
SN,CS,siddi,1293,7,40,2,6,2,4,80,123,168,134,108,157,117,155
SN,CS,siddi,1294,7,41,2,6,2,3,79,122,165,133,108,156,116,155
SN,CS,siddi,1295,7,42,2,6,1,3,75,119,160,126,104,156,115,152
SN,CS,siddi,1296,6,43,2,6,1,3,69,112,150,116,99,151,108,144
SN,CS,siddi,1297,6,44,2,6,1,3,65,108,149,116,97,149,104,142
SN,CS,siddi,1298,6,45,2,6,1,3,61,108,150,111,94,146,105,143
SN,CS,siddi,1299,6,46,2,5,1,3,59,105,149,107,93,147,101,143
SN,CS,siddi,1300,6,47,2,5,1,2,56,106,147,105,90,146,101,141
SN,CS,siddi,1301,6,47,2,5,1,2,54,101,146,104,86,142,100,138
SN,CS,siddi,1302,7,47,2,5,1,2,51,101,141,102,82,138,96,139
SN,CS,siddi,1303,7,48,1,5,1,2,51,100,142,102,82,140,96,139
SN,CS,siddi,1304,7,48,1,5,1,2,50,101,142,101,82,141,95,139
SN,CS,siddi,1305,6,49,1,5,1,2,48,99,139,100,77,140,91,139
SN,CS,siddi,1306,6,50,1,5,1,1,46,97,139,96,76,140,88,139
SN,CS,siddi,1307,6,50,1,5,1,1,45,94,135,96,68,137,89,135
SN,CS,siddi,1308,6,51,1,5,1,1,44,94,136,98,65,136,89,132
SN,CS,siddi,1309,6,52,1,5,1,1,41,87,132,97,61,125,83,133
SN,CS,siddi,1310,6,52,1,5,1,1,36,84,131,95,59,121,84,132
SN,CS,siddi,1311,6,52,1,5,1,1,33,80,131,91,56,120,85,129
SN,CS,siddi,1312,6,53,1,5,1,1,31,77,133,91,50,119,85,128
SN,CS,siddi,1313,6,54,1,5,1,1,29,70,129,90,48,119,83,125
SN,CS,siddi,1314,6,55,1,5,1,1,29,69,129,87,48,120,83,125
SN,CS,siddi,1315,6,55,1,5,1,1,28,68,130,83,46,121,80,125
SN,CS,siddi,1316,6,56,1,4,1,1,28,66,129,80,45,121,78,124
SN,CS,siddi,1317,6,57,1,3,1,1,28,64,128,79,40,119,73,123
SN,CS,siddi,1318,6,58,1,3,0,1,28,59,126,78,38,119,71,121
SN,CS,siddi,1319,7,58,1,2,0,1,27,54,125,75,38,117,69,121
SN,CS,siddi,1320,7,58,1,2,0,1,26,51,123,74,34,118,69,121
SN,CS,siddi,1321,6,59,1,2,0,1,22,49,118,69,34,118,65,118
SN,CS,siddi,1322,6,59,1,2,0,1,25,48,120,69,34,120,64,117
SN,CS,siddi,1323,6,59,1,2,0,1,25,44,113,66,27,114,60,105
SN,CS,siddi,1324,6,60,1,2,0,1,23,43,111,61,26,110,59,103
SN,CS,siddi,1325,6,61,1,2,0,0,20,43,108,58,26,103,59,98
SN,CS,siddi,1326,6,62,1,2,0,0,15,37,100,47,21,99,46,90
SN,CS,siddi,1327,7,62,1,2,0,0,15,36,101,48,22,99,46,88
SN,CS,siddi,1328,7,63,1,2,0,0,15,38,101,47,22,99,46,85
SN,CS,siddi,1329,7,64,1,1,0,0,15,38,99,46,20,99,46,81
SN,CS,siddi,1330,8,63,1,1,0,0,8,34,99,40,19,92,39,77
SN,CS,siddi,1331,8,64,1,1,0,0,8,33,100,40,19,91,41,76
SN,CS,siddi,1332,8,63,1,1,0,0,7,32,95,41,21,82,44,79
SN,CS,siddi,1333,8,64,0,1,0,0,7,32,92,41,21,82,42,78
SN,CS,siddi,1334,8,65,0,1,0,0,7,32,92,41,21,80,42,76
