Text_Type,Book,Chapter,Window,Avg Word Len,Avg Sen Len (Word),Avg Sen Len (Chr),Richness,Shannon,Avg Compound Words
SN,AH,kalpa,1,7.05,7.27,23.07,0.65,0.13,0.0
SN,AH,kalpa,2,7.06,7.27,23.08,0.65,0.13,0.0
SN,AH,kalpa,3,7.06,7.33,23.29,0.65,0.13,0.0
SN,AH,kalpa,4,7.05,7.35,23.28,0.65,0.13,0.0
SN,AH,kalpa,5,7.0,7.44,23.41,0.65,0.13,0.0
SN,AH,kalpa,6,7.03,7.28,23.07,0.65,0.13,0.0
SN,AH,kalpa,7,7.04,7.28,23.07,0.65,0.13,0.0
SN,AH,kalpa,8,7.07,7.17,22.84,0.65,0.13,0.01
SN,AH,kalpa,9,7.06,7.21,22.95,0.65,0.13,0.01
SN,AH,kalpa,10,7.05,7.04,22.49,0.65,0.13,0.01
SN,AH,kalpa,11,7.04,7.09,22.59,0.64,0.13,0.01
SN,AH,kalpa,12,7.02,7.08,22.48,0.64,0.13,0.01
SN,AH,kalpa,13,7.02,7.16,22.69,0.64,0.14,0.01
SN,AH,kalpa,14,7.02,7.17,22.71,0.64,0.14,0.01
SN,AH,kalpa,15,7.01,7.2,22.81,0.64,0.13,0.01
SN,AH,kalpa,16,6.98,7.16,22.71,0.64,0.13,0.01
SN,AH,kalpa,17,7.01,7.15,22.69,0.64,0.13,0.01
SN,AH,kalpa,18,7.07,7.0,22.45,0.64,0.13,0.01
SN,AH,kalpa,19,7.03,7.07,22.59,0.65,0.13,0.01
SN,AH,kalpa,20,7.08,6.95,22.35,0.65,0.13,0.01
SN,AH,kalpa,21,7.01,7.12,22.73,0.64,0.13,0.01
SN,AH,kalpa,22,6.99,7.13,22.75,0.64,0.13,0.01
SN,AH,kalpa,23,6.93,7.29,23.11,0.64,0.13,0.0
SN,AH,kalpa,24,6.93,7.05,22.4,0.65,0.13,0.0
SN,AH,kalpa,25,6.91,7.08,22.37,0.65,0.13,0.0
SN,AH,kalpa,26,6.9,7.09,22.37,0.65,0.13,0.0
SN,AH,kalpa,27,6.87,7.12,22.39,0.66,0.13,0.0
SN,AH,kalpa,28,6.89,7.05,22.28,0.66,0.13,0.01
SN,AH,kalpa,29,6.91,7.08,22.41,0.66,0.13,0.01
SN,AH,kalpa,30,6.92,7.0,22.16,0.67,0.13,0.01
SN,AH,kalpa,31,6.89,7.11,22.36,0.66,0.13,0.01
SN,AH,kalpa,32,6.9,7.11,22.36,0.67,0.13,0.01
SN,AH,kalpa,33,6.86,7.2,22.52,0.66,0.13,0.01
SN,AH,kalpa,34,6.82,7.24,22.53,0.66,0.13,0.01
SN,AH,kalpa,35,6.78,7.52,23.13,0.64,0.13,0.01
SN,AH,kalpa,36,6.76,7.48,22.99,0.64,0.13,0.01
SN,AH,kalpa,37,6.77,7.47,22.97,0.64,0.13,0.01
SN,AH,kalpa,38,6.84,7.21,22.44,0.65,0.13,0.01
SN,AH,kalpa,39,6.88,7.27,22.65,0.65,0.13,0.01
SN,AH,kalpa,40,6.86,7.25,22.53,0.65,0.13,0.01
SN,AH,kalpa,41,6.89,7.27,22.63,0.64,0.13,0.01
SN,AH,kalpa,42,6.92,7.23,22.61,0.64,0.13,0.01
SN,AH,kalpa,43,6.96,7.27,22.76,0.64,0.13,0.01
SN,AH,kalpa,44,6.95,7.17,22.44,0.64,0.13,0.01
SN,AH,kalpa,45,6.91,7.51,23.15,0.63,0.13,0.01
SN,AH,kalpa,46,6.94,7.48,23.16,0.63,0.13,0.01
SN,AH,kalpa,47,6.92,7.53,23.27,0.63,0.13,0.01
SN,AH,kalpa,48,6.92,7.44,23.03,0.62,0.13,0.01
SN,AH,kalpa,49,6.98,7.36,23.04,0.63,0.13,0.01
SN,AH,kalpa,50,6.95,7.35,22.93,0.63,0.13,0.01
SN,AH,kalpa,51,6.95,7.33,22.95,0.64,0.13,0.01
SN,AH,kalpa,52,7.0,7.25,22.88,0.64,0.13,0.01
SN,AH,kalpa,53,7.07,7.19,22.87,0.64,0.13,0.01
SN,AH,kalpa,54,7.1,7.12,22.76,0.65,0.13,0.01
SN,AH,kalpa,55,7.14,7.16,22.99,0.65,0.13,0.01
SN,AH,kalpa,56,7.18,7.04,22.73,0.65,0.13,0.01
SN,AH,kalpa,57,7.19,7.07,22.88,0.65,0.13,0.01
SN,AH,kalpa,58,7.23,6.96,22.65,0.66,0.13,0.01
SN,AH,kalpa,59,7.29,7.01,22.91,0.66,0.13,0.01
SN,AH,kalpa,60,7.33,6.84,22.48,0.66,0.13,0.01
SN,AH,kalpa,61,7.4,6.77,22.47,0.66,0.13,0.02
SN,AH,kalpa,62,7.4,6.73,22.37,0.66,0.13,0.02
SN,AH,kalpa,63,7.35,6.77,22.39,0.66,0.13,0.02
SN,AH,kalpa,64,7.4,6.73,22.39,0.66,0.13,0.02
SN,AH,kalpa,65,7.39,6.75,22.37,0.66,0.13,0.02
SN,AH,kalpa,66,7.48,6.67,22.36,0.67,0.13,0.02
SN,AH,kalpa,67,7.47,6.75,22.6,0.67,0.13,0.02
SN,AH,kalpa,68,7.49,6.63,22.28,0.67,0.13,0.02
SN,AH,kalpa,69,7.45,6.67,22.28,0.67,0.13,0.02
SN,AH,kalpa,70,7.47,6.51,21.83,0.67,0.13,0.02
SN,AH,kalpa,71,7.48,6.51,21.84,0.68,0.13,0.02
SN,AH,kalpa,72,7.57,6.41,21.73,0.68,0.13,0.02
SN,AH,kalpa,73,7.63,6.37,21.75,0.68,0.13,0.02
SN,AH,kalpa,74,7.68,6.35,21.75,0.67,0.13,0.02
SN,AH,kalpa,75,7.63,6.49,22.07,0.67,0.13,0.02
SN,AH,kalpa,76,7.65,6.51,22.09,0.67,0.13,0.02
SN,AH,kalpa,77,7.66,6.49,22.09,0.66,0.13,0.02
SN,AH,kalpa,78,7.72,6.37,21.87,0.66,0.13,0.03
SN,AH,kalpa,79,7.75,6.37,21.89,0.67,0.13,0.03
SN,AH,kalpa,80,7.8,6.29,21.77,0.67,0.13,0.03
SN,AH,kalpa,81,7.88,6.24,21.79,0.67,0.13,0.03
SN,AH,kalpa,82,7.91,6.21,21.79,0.67,0.13,0.03
SN,AH,kalpa,83,7.85,6.27,21.8,0.67,0.13,0.03
SN,AH,kalpa,84,7.95,6.16,21.65,0.67,0.13,0.03
SN,AH,kalpa,85,7.99,6.13,21.67,0.68,0.13,0.03
SN,AH,kalpa,86,8.0,6.09,21.57,0.68,0.13,0.03
SN,AH,kalpa,87,7.98,6.13,21.69,0.68,0.13,0.03
SN,AH,kalpa,88,7.95,6.08,21.47,0.68,0.13,0.03
SN,AH,kalpa,89,8.02,6.04,21.48,0.68,0.13,0.03
SN,AH,kalpa,90,8.03,6.0,21.39,0.69,0.13,0.03
SN,AH,kalpa,91,8.04,6.0,21.39,0.7,0.13,0.03
SN,AH,kalpa,92,8.02,6.0,21.39,0.7,0.13,0.03
SN,AH,kalpa,93,7.88,6.17,21.65,0.7,0.13,0.03
SN,AH,kalpa,94,7.9,6.13,21.53,0.7,0.13,0.03
SN,AH,kalpa,95,7.91,6.12,21.51,0.7,0.13,0.03
SN,AH,kalpa,96,8.01,5.95,21.13,0.71,0.13,0.03
SN,AH,kalpa,97,8.03,5.93,21.13,0.71,0.13,0.03
SN,AH,kalpa,98,8.03,5.83,20.76,0.7,0.13,0.03
SN,AH,kalpa,99,8.01,5.85,20.75,0.7,0.13,0.03
SN,AH,kalpa,100,7.97,5.87,20.77,0.71,0.13,0.03
SN,AH,kalpa,101,8.02,5.84,20.79,0.71,0.13,0.03
SN,AH,kalpa,102,8.02,5.84,20.77,0.72,0.13,0.03
SN,AH,kalpa,103,7.95,5.89,20.77,0.72,0.13,0.03
SN,AH,kalpa,104,7.91,5.87,20.61,0.72,0.13,0.03
SN,AH,kalpa,105,7.87,5.93,20.73,0.71,0.13,0.03
SN,AH,kalpa,106,7.98,5.77,20.49,0.71,0.13,0.03
SN,AH,kalpa,107,7.89,5.93,20.8,0.69,0.13,0.03
SN,AH,kalpa,108,7.89,5.89,20.65,0.7,0.13,0.03
SN,AH,kalpa,109,7.82,5.97,20.79,0.7,0.13,0.03
SN,AH,kalpa,110,7.88,5.72,20.17,0.72,0.13,0.03
SN,AH,kalpa,111,7.73,5.95,20.56,0.71,0.13,0.03
SN,AH,kalpa,112,7.77,5.91,20.55,0.71,0.13,0.03
SN,AH,kalpa,113,7.76,5.91,20.55,0.71,0.13,0.03
SN,AH,kalpa,114,7.73,5.87,20.35,0.72,0.13,0.03
SN,AH,kalpa,115,7.73,5.88,20.33,0.72,0.13,0.03
SN,AH,kalpa,116,7.71,5.85,20.25,0.72,0.13,0.03
SN,AH,kalpa,117,7.64,5.92,20.28,0.72,0.13,0.02
SN,AH,kalpa,118,7.61,5.88,20.16,0.72,0.13,0.02
SN,AH,kalpa,119,7.64,5.87,20.15,0.72,0.13,0.03
SN,AH,kalpa,120,7.74,5.53,19.45,0.75,0.13,0.03
SN,AH,kalpa,121,7.73,5.55,19.45,0.75,0.13,0.03
SN,AH,kalpa,122,7.79,5.48,19.36,0.75,0.13,0.03
SN,AH,kalpa,123,7.8,5.53,19.48,0.75,0.13,0.03
SN,AH,kalpa,124,7.73,5.59,19.47,0.75,0.13,0.03
SN,AH,kalpa,125,7.82,5.52,19.45,0.75,0.13,0.03
SN,AH,kalpa,126,7.85,5.51,19.44,0.75,0.13,0.03
SN,AH,kalpa,127,7.82,5.52,19.43,0.75,0.13,0.03
SN,AH,kalpa,128,7.77,5.56,19.43,0.75,0.13,0.03
SN,AH,kalpa,129,7.69,5.67,19.59,0.74,0.13,0.02
SN,AH,kalpa,130,7.68,5.6,19.36,0.75,0.13,0.02
SN,AH,kalpa,131,7.64,5.68,19.49,0.74,0.13,0.02
SN,AH,kalpa,132,7.57,5.69,19.37,0.75,0.13,0.02
SN,AH,kalpa,133,7.57,5.8,19.75,0.74,0.13,0.02
SN,AH,kalpa,134,7.55,5.71,19.48,0.74,0.13,0.02
SN,AH,kalpa,135,7.57,5.83,19.91,0.74,0.13,0.02
SN,AH,kalpa,136,7.5,5.88,19.91,0.74,0.13,0.02
SN,AH,kalpa,137,7.56,5.84,19.92,0.74,0.13,0.02
SN,AH,kalpa,138,7.62,5.8,19.92,0.74,0.13,0.02
SN,AH,kalpa,139,7.6,5.8,19.89,0.74,0.13,0.02
SN,AH,kalpa,140,7.63,5.77,19.89,0.74,0.13,0.02
SN,AH,kalpa,141,7.57,5.85,20.04,0.74,0.13,0.02
SN,AH,kalpa,142,7.62,5.75,19.8,0.74,0.13,0.02
SN,AH,kalpa,143,7.65,5.79,20.0,0.74,0.13,0.02
SN,AH,kalpa,144,7.64,5.77,20.0,0.74,0.13,0.02
SN,AH,kalpa,145,7.63,5.79,20.04,0.74,0.13,0.02
SN,AH,kalpa,146,7.66,5.77,20.03,0.74,0.13,0.02
SN,AH,kalpa,147,7.65,5.83,20.17,0.74,0.13,0.02
SN,AH,kalpa,148,7.62,5.85,20.17,0.74,0.13,0.02
SN,AH,kalpa,149,7.64,5.92,20.43,0.74,0.13,0.02
SN,AH,kalpa,150,7.67,5.73,19.91,0.74,0.13,0.02
SN,AH,kalpa,151,7.79,5.69,20.09,0.75,0.13,0.02
SN,AH,kalpa,152,7.75,5.75,20.21,0.75,0.13,0.02
SN,AH,kalpa,153,7.63,5.88,20.43,0.74,0.13,0.02
SN,AH,kalpa,154,7.64,5.85,20.41,0.74,0.13,0.02
SN,AH,kalpa,155,7.64,5.87,20.45,0.74,0.13,0.02
SN,AH,kalpa,156,7.54,5.95,20.49,0.74,0.13,0.02
SN,AH,kalpa,157,7.48,6.04,20.65,0.74,0.13,0.01
SN,AH,kalpa,158,7.48,6.03,20.67,0.74,0.13,0.01
SN,AH,kalpa,159,7.38,6.12,20.71,0.74,0.13,0.01
SN,AH,kalpa,160,7.35,6.13,20.71,0.74,0.13,0.01
SN,AH,kalpa,161,7.34,6.15,20.72,0.74,0.13,0.01
SN,AH,kalpa,162,7.38,6.08,20.6,0.74,0.13,0.01
SN,AH,kalpa,163,7.42,6.16,20.89,0.74,0.13,0.01
SN,AH,kalpa,164,7.37,6.19,20.88,0.74,0.13,0.01
SN,AH,kalpa,165,7.4,6.24,21.0,0.74,0.13,0.01
SN,AH,kalpa,166,7.44,6.24,21.03,0.73,0.13,0.01
SN,AH,kalpa,167,7.44,6.31,21.16,0.73,0.13,0.01
SN,AH,kalpa,168,7.44,6.23,20.93,0.73,0.13,0.01
SN,AH,kalpa,169,7.4,6.4,21.33,0.72,0.13,0.01
SN,AH,kalpa,170,7.42,6.37,21.35,0.72,0.13,0.01
SN,AH,kalpa,171,7.46,6.41,21.53,0.72,0.13,0.01
SN,AH,kalpa,172,7.42,6.47,21.55,0.72,0.13,0.01
SN,AH,kalpa,173,7.45,6.45,21.59,0.72,0.13,0.01
SN,AH,kalpa,174,7.46,6.45,21.6,0.72,0.13,0.01
SN,AH,kalpa,175,7.5,6.47,21.72,0.72,0.13,0.01
SN,AH,kalpa,176,7.46,6.51,21.73,0.72,0.13,0.01
SN,AH,kalpa,177,7.54,6.52,21.99,0.71,0.13,0.01
SN,AH,kalpa,178,7.56,6.51,21.99,0.72,0.13,0.01
SN,AH,kalpa,179,7.64,6.44,21.99,0.72,0.13,0.01
SN,AH,kalpa,180,7.71,6.33,21.87,0.73,0.13,0.01
SN,AH,kalpa,181,7.72,6.36,21.99,0.73,0.13,0.01
SN,AH,kalpa,182,7.81,6.19,21.68,0.74,0.13,0.01
SN,AH,kalpa,183,7.91,6.11,21.67,0.74,0.13,0.02
SN,AH,kalpa,184,7.98,6.01,21.53,0.75,0.13,0.02
SN,AH,kalpa,185,8.01,6.05,21.72,0.76,0.13,0.02
SN,AH,kalpa,186,8.21,5.81,21.33,0.77,0.13,0.02
SN,AH,kalpa,187,8.16,5.85,21.36,0.77,0.13,0.02
SN,AH,kalpa,188,8.09,5.91,21.4,0.76,0.13,0.02
SN,AH,kalpa,189,8.11,5.91,21.49,0.76,0.13,0.02
SN,AH,kalpa,190,8.12,5.89,21.53,0.76,0.13,0.02
SN,AH,kalpa,191,8.06,5.99,21.77,0.75,0.13,0.02
SN,AH,kalpa,192,8.08,5.96,21.75,0.75,0.13,0.02
SN,AH,kalpa,193,8.1,5.99,21.88,0.75,0.13,0.02
SN,AH,kalpa,194,8.08,5.99,21.87,0.75,0.13,0.02
SN,AH,kalpa,195,8.05,6.05,21.97,0.74,0.13,0.02
SN,AH,kalpa,196,8.12,6.0,21.95,0.74,0.13,0.02
SN,AH,kalpa,197,8.05,6.11,22.13,0.74,0.13,0.02
SN,AH,kalpa,198,8.06,6.05,22.01,0.74,0.13,0.02
SN,AH,kalpa,199,8.1,6.04,22.05,0.74,0.13,0.02
SN,AH,kalpa,200,8.05,6.08,22.08,0.74,0.13,0.02
SN,AH,kalpa,201,7.99,6.16,22.23,0.73,0.13,0.02
SN,AH,kalpa,202,8.01,6.15,22.21,0.73,0.13,0.02
SN,AH,kalpa,203,7.97,6.2,22.35,0.73,0.13,0.02
SN,AH,kalpa,204,7.98,6.15,22.23,0.73,0.13,0.02
SN,AH,kalpa,205,7.98,6.2,22.44,0.72,0.13,0.02
SN,AH,kalpa,206,7.99,6.15,22.35,0.73,0.13,0.02
SN,AH,kalpa,207,8.02,6.12,22.31,0.73,0.13,0.02
SN,AH,kalpa,208,8.03,5.99,21.93,0.74,0.13,0.02
SN,AH,kalpa,209,8.04,6.03,22.04,0.74,0.13,0.02
SN,AH,kalpa,210,8.05,5.95,21.8,0.74,0.13,0.02
SN,AH,kalpa,211,8.02,6.05,22.05,0.74,0.13,0.02
SN,AH,kalpa,212,8.01,6.07,22.03,0.74,0.13,0.02
SN,AH,kalpa,213,7.95,6.21,22.37,0.73,0.13,0.02
SN,AH,kalpa,214,7.89,6.27,22.4,0.73,0.13,0.01
SN,AH,kalpa,215,7.86,6.29,22.43,0.73,0.13,0.01
SN,AH,kalpa,216,7.82,6.29,22.33,0.73,0.13,0.01
SN,AH,kalpa,217,7.77,6.36,22.45,0.73,0.13,0.01
SN,AH,kalpa,218,7.72,6.4,22.48,0.72,0.13,0.01
SN,AH,kalpa,219,7.67,6.63,22.99,0.71,0.13,0.01
SN,AH,kalpa,220,7.65,6.64,22.93,0.72,0.13,0.01
SN,AH,kalpa,221,7.63,6.71,23.08,0.71,0.13,0.01
SN,AH,kalpa,222,7.64,6.65,22.93,0.72,0.13,0.01
SN,AH,kalpa,223,7.61,6.75,23.2,0.71,0.13,0.01
SN,AH,kalpa,224,7.52,6.73,22.99,0.71,0.13,0.01
SN,AH,kalpa,225,7.46,6.88,23.32,0.71,0.13,0.01
SN,AH,kalpa,226,7.39,6.88,23.11,0.71,0.13,0.01
SN,AH,kalpa,227,7.41,6.84,23.0,0.71,0.13,0.01
SN,AH,kalpa,228,7.45,6.75,22.8,0.72,0.13,0.01
SN,AH,kalpa,229,7.43,6.77,22.81,0.71,0.13,0.01
SN,AH,kalpa,230,7.47,6.73,22.79,0.71,0.13,0.01
SN,AH,kalpa,231,7.49,6.77,22.93,0.71,0.13,0.01
SN,AH,kalpa,232,7.47,6.77,22.91,0.71,0.13,0.01
SN,AH,kalpa,233,7.51,6.75,22.97,0.71,0.13,0.01
SN,AH,kalpa,234,7.56,6.73,23.05,0.72,0.13,0.01
SN,AH,kalpa,235,7.56,6.8,23.27,0.72,0.13,0.01
SN,AH,kalpa,236,7.49,6.87,23.35,0.72,0.13,0.01
SN,AH,kalpa,237,7.45,6.97,23.57,0.71,0.13,0.01
SN,AH,kalpa,238,7.49,6.87,23.36,0.72,0.13,0.01
SN,AH,kalpa,239,7.57,6.85,23.6,0.72,0.13,0.01
SN,AH,kalpa,240,7.55,6.84,23.57,0.72,0.13,0.01
SN,AH,kalpa,241,7.58,6.81,23.63,0.72,0.13,0.01
SN,AH,kalpa,242,7.57,6.77,23.57,0.73,0.13,0.01
SN,AH,kalpa,243,7.63,6.75,23.65,0.73,0.13,0.01
SN,AH,kalpa,244,7.75,6.53,23.32,0.74,0.13,0.02
SN,AH,kalpa,245,7.72,6.63,23.57,0.73,0.13,0.02
SN,AH,kalpa,246,7.77,6.53,23.45,0.74,0.13,0.02
SN,AH,kalpa,247,7.81,6.52,23.55,0.73,0.13,0.02
SN,AH,kalpa,248,7.8,6.55,23.64,0.74,0.13,0.02
SN,AH,kalpa,249,7.83,6.57,23.89,0.74,0.13,0.02
SN,AH,kalpa,250,7.87,6.53,23.88,0.74,0.13,0.02
SN,AH,kalpa,251,7.86,6.67,24.33,0.73,0.13,0.02
SN,AH,kalpa,252,7.84,6.63,24.17,0.73,0.13,0.02
SN,AH,kalpa,253,7.82,6.76,24.56,0.73,0.13,0.02
SN,AH,kalpa,254,7.85,6.77,24.64,0.73,0.13,0.02
SN,AH,kalpa,255,7.83,6.87,24.91,0.73,0.13,0.02
SN,AH,kalpa,256,7.84,6.84,24.87,0.73,0.13,0.02
SN,AH,kalpa,257,7.91,6.79,24.92,0.73,0.13,0.03
SN,AH,kalpa,258,7.93,6.81,25.03,0.73,0.13,0.02
SN,AH,kalpa,259,7.94,6.88,25.31,0.73,0.13,0.02
SN,AH,kalpa,260,7.96,6.83,25.19,0.73,0.13,0.02
SN,AH,kalpa,261,7.95,6.85,25.28,0.73,0.13,0.02
SN,AH,kalpa,262,7.99,6.84,25.37,0.73,0.13,0.02
SN,AH,kalpa,263,8.13,6.89,25.92,0.73,0.13,0.03
SN,AH,kalpa,264,8.07,6.93,25.88,0.73,0.13,0.03
SN,AH,kalpa,265,8.08,6.96,25.97,0.74,0.13,0.02
SN,AH,kalpa,266,8.13,6.88,25.79,0.74,0.13,0.03
SN,AH,kalpa,267,8.1,6.97,26.03,0.73,0.13,0.02
SN,AH,kalpa,268,8.07,6.99,25.99,0.74,0.13,0.02
SN,AH,kalpa,269,8.09,6.99,26.04,0.73,0.13,0.02
SN,AH,kalpa,270,8.1,6.93,25.92,0.74,0.13,0.03
SN,AH,kalpa,271,8.01,7.05,26.05,0.73,0.13,0.02
SN,AH,kalpa,272,8.01,6.97,25.87,0.73,0.13,0.02
SN,AH,kalpa,273,8.03,6.96,25.88,0.73,0.13,0.02
SN,AH,kalpa,274,8.01,6.97,25.87,0.73,0.13,0.02
SN,AH,kalpa,275,8.04,6.97,25.95,0.73,0.13,0.02
SN,AH,kalpa,276,8.07,6.92,25.83,0.73,0.13,0.03
SN,AH,kalpa,277,8.08,7.01,26.17,0.72,0.13,0.02
SN,AH,kalpa,278,8.14,6.93,26.05,0.72,0.13,0.03
SN,AH,kalpa,279,8.18,6.97,26.25,0.72,0.13,0.03
SN,AH,kalpa,280,8.24,6.88,26.04,0.72,0.13,0.03
SN,AH,kalpa,281,8.26,6.97,26.33,0.71,0.13,0.03
SN,AH,kalpa,282,8.24,6.99,26.37,0.71,0.13,0.03
SN,AH,kalpa,283,8.24,6.99,26.39,0.71,0.13,0.03
SN,AH,kalpa,284,8.23,6.96,26.29,0.71,0.13,0.03
SN,AH,kalpa,285,8.24,6.95,26.29,0.71,0.13,0.03
SN,AH,kalpa,286,8.33,6.8,26.04,0.72,0.13,0.03
SN,AH,kalpa,287,8.33,6.87,26.28,0.72,0.13,0.03
SN,AH,kalpa,288,8.37,6.72,25.93,0.73,0.13,0.03
SN,AH,kalpa,289,8.44,6.65,25.92,0.73,0.13,0.03
SN,AH,kalpa,290,8.51,6.61,25.92,0.73,0.13,0.03
SN,AH,kalpa,291,8.59,6.57,25.99,0.73,0.13,0.04
SN,AH,kalpa,292,8.69,6.47,25.85,0.73,0.13,0.04
SN,AH,kalpa,293,8.71,6.47,25.92,0.73,0.13,0.04
SN,AH,kalpa,294,8.88,6.2,25.4,0.74,0.13,0.04
SN,AH,kalpa,295,8.86,6.27,25.61,0.74,0.13,0.04
SN,AH,kalpa,296,8.86,6.21,25.48,0.74,0.13,0.04
SN,AH,kalpa,297,8.69,6.41,25.84,0.73,0.13,0.04
SN,AH,kalpa,298,8.75,6.31,25.57,0.73,0.13,0.04
SN,AH,kalpa,299,8.78,6.28,25.55,0.73,0.13,0.04
SN,AH,kalpa,300,8.86,6.19,25.39,0.73,0.13,0.04
SN,AH,kalpa,301,8.82,6.24,25.49,0.73,0.13,0.04
SN,AH,kalpa,302,8.84,6.23,25.47,0.73,0.13,0.04
SN,AH,kalpa,303,8.89,6.23,25.56,0.73,0.13,0.04
SN,AH,kalpa,304,8.98,6.16,25.53,0.73,0.13,0.05
SN,AH,kalpa,305,8.93,6.24,25.75,0.73,0.13,0.04
SN,AH,kalpa,306,8.92,6.19,25.59,0.73,0.13,0.05
SN,AH,kalpa,307,8.98,6.12,25.45,0.73,0.13,0.05
SN,AH,kalpa,308,8.95,6.12,25.36,0.73,0.13,0.04
SN,AH,kalpa,309,9.02,6.05,25.25,0.72,0.13,0.05
SN,AH,kalpa,310,9.09,5.96,25.01,0.72,0.13,0.05
SN,AH,kalpa,311,9.28,5.83,24.91,0.73,0.13,0.05
SN,AH,kalpa,312,9.42,5.68,24.65,0.73,0.13,0.05
SN,AH,kalpa,313,9.5,5.71,24.92,0.72,0.13,0.06
SN,AH,kalpa,314,9.48,5.67,24.69,0.72,0.13,0.06
SN,AH,kalpa,315,9.51,5.63,24.6,0.73,0.13,0.06
SN,AH,kalpa,316,9.45,5.64,24.51,0.73,0.13,0.06
SN,AH,kalpa,317,9.36,5.87,25.17,0.71,0.13,0.05
SN,AH,kalpa,318,9.39,5.84,25.08,0.71,0.14,0.05
SN,AH,kalpa,319,9.27,5.96,25.27,0.7,0.13,0.05
SN,AH,kalpa,320,9.29,5.88,25.0,0.7,0.14,0.05
SN,AH,kalpa,321,9.21,5.92,24.92,0.7,0.14,0.05
SN,AH,kalpa,322,9.22,5.88,24.83,0.7,0.14,0.05
SN,AH,kalpa,323,9.25,5.87,24.84,0.7,0.14,0.05
SN,AH,kalpa,324,9.23,5.83,24.59,0.7,0.14,0.05
SN,AH,kalpa,325,9.18,5.84,24.56,0.7,0.14,0.05
SN,AH,kalpa,326,9.23,5.69,24.09,0.71,0.13,0.05
SN,AH,kalpa,327,9.26,5.65,24.0,0.71,0.14,0.05
SN,AH,kalpa,328,9.27,5.55,23.63,0.7,0.14,0.05
SN,AH,kalpa,329,9.2,5.56,23.57,0.71,0.14,0.05
SN,AH,kalpa,330,9.25,5.48,23.33,0.7,0.14,0.05
SN,AH,kalpa,331,9.22,5.53,23.48,0.7,0.14,0.05
SN,AH,kalpa,332,9.2,5.53,23.41,0.7,0.14,0.05
SN,AH,kalpa,333,9.2,5.53,23.43,0.7,0.14,0.05
SN,AH,kalpa,334,9.2,5.47,23.16,0.7,0.14,0.05
SN,AH,kalpa,335,9.2,5.47,23.19,0.7,0.14,0.05
SN,AH,kalpa,336,9.17,5.49,23.15,0.7,0.14,0.05
SN,AH,kalpa,337,9.12,5.55,23.17,0.69,0.14,0.05
SN,AH,kalpa,338,9.03,5.45,22.61,0.7,0.14,0.05
SN,AH,kalpa,339,9.17,5.37,22.64,0.7,0.14,0.05
SN,AH,kalpa,340,9.17,5.33,22.52,0.7,0.14,0.05
SN,AH,kalpa,341,9.21,5.37,22.81,0.7,0.14,0.05
SN,AH,kalpa,342,9.23,5.31,22.57,0.7,0.14,0.05
SN,AH,kalpa,343,9.25,5.27,22.48,0.71,0.14,0.05
SN,AH,kalpa,344,9.26,5.25,22.48,0.71,0.14,0.05
SN,AH,kalpa,345,9.24,5.31,22.73,0.71,0.14,0.05
SN,AH,kalpa,346,9.32,5.23,22.61,0.71,0.14,0.05
SN,AH,kalpa,347,9.32,5.29,22.85,0.71,0.14,0.05
SN,AH,kalpa,348,9.24,5.33,22.84,0.71,0.14,0.05
SN,AH,kalpa,349,9.26,5.31,22.81,0.72,0.14,0.05
SN,AH,kalpa,350,9.24,5.31,22.71,0.72,0.13,0.05
SN,AH,kalpa,351,9.26,5.29,22.68,0.73,0.13,0.05
SN,AH,kalpa,352,9.31,5.17,22.32,0.74,0.13,0.05
SN,AH,kalpa,353,9.17,5.31,22.53,0.73,0.13,0.05
SN,AH,kalpa,354,9.1,5.28,22.29,0.73,0.13,0.05
SN,AH,kalpa,355,8.96,5.4,22.53,0.72,0.13,0.04
SN,AH,kalpa,356,8.9,5.33,22.2,0.73,0.13,0.04
SN,AH,kalpa,357,8.88,5.37,22.28,0.72,0.13,0.04
SN,AH,kalpa,358,8.82,5.4,22.24,0.72,0.13,0.04
SN,AH,kalpa,359,8.79,5.49,22.56,0.71,0.13,0.04
SN,AH,kalpa,360,8.86,5.47,22.57,0.71,0.13,0.04
SN,AH,kalpa,361,8.72,5.6,22.85,0.7,0.13,0.04
SN,AH,kalpa,362,8.71,5.53,22.6,0.7,0.13,0.04
SN,AH,kalpa,363,8.67,5.57,22.61,0.7,0.13,0.04
SN,AH,kalpa,364,8.59,5.64,22.64,0.7,0.13,0.04
SN,AH,kalpa,365,8.52,5.72,22.76,0.7,0.13,0.04
SN,AH,kalpa,366,8.45,5.75,22.65,0.71,0.13,0.03
SN,AH,kalpa,367,8.48,5.77,22.75,0.71,0.13,0.04
SN,AH,kalpa,368,8.52,5.75,22.67,0.71,0.13,0.04
SN,AH,kalpa,369,8.44,5.96,23.21,0.7,0.13,0.03
SN,AH,kalpa,370,8.46,5.89,23.04,0.71,0.13,0.03
SN,AH,kalpa,371,8.42,6.04,23.37,0.7,0.13,0.03
SN,AH,kalpa,372,8.58,5.85,23.01,0.71,0.13,0.03
SN,AH,kalpa,373,8.52,5.91,23.07,0.71,0.13,0.03
SN,AH,kalpa,374,8.51,5.92,23.05,0.72,0.13,0.03
SN,AH,kalpa,375,8.55,5.95,23.28,0.71,0.13,0.04
SN,AH,kalpa,376,8.55,5.92,23.2,0.71,0.13,0.04
SN,AH,kalpa,377,8.57,5.91,23.2,0.72,0.13,0.04
SN,AH,kalpa,378,8.5,5.92,23.12,0.72,0.13,0.03
SN,AH,kalpa,379,8.37,6.05,23.27,0.71,0.13,0.03
SN,AH,kalpa,380,8.38,6.0,23.05,0.72,0.13,0.03
SN,AH,kalpa,381,8.36,6.05,23.13,0.71,0.13,0.03
SN,AH,kalpa,382,8.35,6.07,23.17,0.72,0.13,0.03
SN,AH,kalpa,383,8.34,6.2,23.56,0.71,0.13,0.03
SN,AH,kalpa,384,8.27,6.25,23.56,0.72,0.13,0.03
SN,AH,kalpa,385,8.18,6.35,23.69,0.71,0.13,0.03
SN,AH,kalpa,386,8.17,6.35,23.69,0.71,0.13,0.03
SN,AH,kalpa,387,8.12,6.4,23.75,0.71,0.13,0.03
SN,AH,kalpa,388,8.01,6.39,23.43,0.72,0.13,0.02
SN,AH,kalpa,389,7.95,6.48,23.56,0.72,0.13,0.02
SN,AH,kalpa,390,7.94,6.49,23.59,0.72,0.13,0.02
SN,AH,kalpa,391,7.96,6.48,23.6,0.72,0.13,0.02
SN,AH,kalpa,392,7.96,6.25,22.87,0.74,0.13,0.02
SN,AH,kalpa,393,7.97,6.25,22.85,0.74,0.13,0.02
SN,AH,kalpa,394,7.98,6.19,22.63,0.74,0.13,0.02
SN,AH,kalpa,395,8.06,6.25,22.95,0.74,0.13,0.02
SN,AH,kalpa,396,8.05,6.25,22.93,0.74,0.13,0.02
SN,AH,kalpa,397,7.99,6.37,23.17,0.73,0.13,0.02
SN,AH,kalpa,398,7.99,6.36,23.05,0.74,0.13,0.02
SN,AH,kalpa,399,8.03,6.33,23.05,0.74,0.13,0.02
SN,AH,kalpa,400,8.05,6.31,22.96,0.74,0.13,0.02
SN,AH,kalpa,401,8.04,6.4,23.25,0.73,0.13,0.02
SN,AH,kalpa,402,8.02,6.44,23.29,0.73,0.13,0.02
SN,AH,kalpa,403,8.01,6.61,23.8,0.73,0.13,0.02
SN,AH,kalpa,404,7.98,6.65,23.81,0.73,0.13,0.02
SN,AH,kalpa,405,7.96,6.76,24.07,0.72,0.13,0.02
SN,AH,kalpa,406,7.91,6.73,23.85,0.73,0.13,0.01
SN,AH,kalpa,407,7.83,6.8,23.87,0.73,0.13,0.01
SN,AH,kalpa,408,7.79,6.8,23.76,0.73,0.13,0.01
SN,AH,kalpa,409,7.76,6.96,24.16,0.72,0.13,0.01
SN,AH,kalpa,410,7.77,6.92,24.05,0.72,0.13,0.01
SN,AH,kalpa,411,7.75,6.95,24.13,0.72,0.13,0.01
SN,AH,kalpa,412,7.74,6.89,24.0,0.72,0.13,0.01
SN,AH,kalpa,413,7.75,6.92,24.11,0.71,0.13,0.01
SN,AH,kalpa,414,7.76,6.88,23.99,0.72,0.13,0.01
SN,AH,kalpa,415,7.8,6.85,23.99,0.72,0.13,0.01
SN,AH,kalpa,416,7.79,6.77,23.63,0.72,0.13,0.01
SN,AH,kalpa,417,7.81,6.77,23.63,0.72,0.13,0.01
SN,AH,kalpa,418,7.83,6.76,23.63,0.72,0.13,0.01
SN,AH,kalpa,419,7.78,6.81,23.57,0.72,0.13,0.01
SN,AH,kalpa,420,7.8,6.73,23.33,0.72,0.13,0.01
SN,AH,kalpa,421,7.8,6.72,23.32,0.72,0.13,0.01
SN,AH,kalpa,422,7.82,6.64,23.05,0.72,0.13,0.01
SN,AH,kalpa,423,7.79,6.71,23.21,0.72,0.13,0.01
SN,AH,kalpa,424,7.74,6.76,23.21,0.72,0.13,0.01
SN,AH,kalpa,425,7.7,6.81,23.37,0.72,0.13,0.01
SN,AH,kalpa,426,7.71,6.8,23.36,0.72,0.13,0.01
SN,AH,kalpa,427,7.65,6.96,23.72,0.71,0.13,0.01
SN,AH,kalpa,428,7.67,6.88,23.53,0.71,0.13,0.01
SN,AH,kalpa,429,7.67,6.93,23.71,0.71,0.13,0.01
SN,AH,kalpa,430,7.7,6.85,23.48,0.71,0.13,0.01
SN,AH,kalpa,431,7.71,6.89,23.64,0.71,0.13,0.01
SN,AH,kalpa,432,7.73,6.85,23.56,0.71,0.13,0.01
SN,AH,kalpa,433,7.7,6.97,23.81,0.7,0.13,0.01
SN,AH,kalpa,434,7.72,6.87,23.51,0.7,0.13,0.01
SN,AH,kalpa,435,7.63,6.95,23.55,0.71,0.13,0.01
SN,AH,kalpa,436,7.72,6.8,23.25,0.71,0.13,0.01
SN,AH,kalpa,437,7.72,6.87,23.44,0.71,0.13,0.01
SN,AH,kalpa,438,7.77,6.83,23.43,0.71,0.13,0.01
SN,AH,kalpa,439,7.83,6.76,23.39,0.71,0.13,0.01
SN,AH,kalpa,440,7.85,6.71,23.28,0.71,0.13,0.01
SN,AH,kalpa,441,7.83,6.79,23.52,0.71,0.13,0.01
SN,AH,kalpa,442,7.84,6.73,23.41,0.71,0.13,0.01
SN,AH,kalpa,443,7.76,6.88,23.68,0.7,0.13,0.01
SN,AH,kalpa,444,7.83,6.64,23.12,0.71,0.13,0.01
SN,AH,kalpa,445,7.83,6.68,23.25,0.71,0.13,0.01
SN,AH,kalpa,446,7.91,6.49,22.91,0.71,0.13,0.01
SN,AH,kalpa,447,7.9,6.61,23.28,0.71,0.13,0.01
SN,AH,kalpa,448,7.97,6.55,23.21,0.71,0.13,0.01
SN,AH,kalpa,449,8.01,6.56,23.36,0.71,0.13,0.01
SN,AH,kalpa,450,7.94,6.56,23.17,0.71,0.13,0.01
SN,AH,kalpa,451,7.89,6.64,23.31,0.71,0.13,0.01
SN,AH,kalpa,452,7.93,6.61,23.31,0.71,0.13,0.01
SN,AH,kalpa,453,7.95,6.61,23.28,0.71,0.13,0.01
SN,AH,kalpa,454,8.01,6.52,23.15,0.72,0.13,0.01
SN,AH,kalpa,455,8.0,6.52,23.15,0.72,0.13,0.01
SN,AH,kalpa,456,8.03,6.45,23.03,0.71,0.13,0.01
SN,AH,kalpa,457,7.98,6.55,23.21,0.71,0.13,0.01
SN,AH,kalpa,458,7.91,6.49,22.85,0.71,0.13,0.01
SN,AH,kalpa,459,7.96,6.49,22.97,0.71,0.13,0.01
SN,AH,kalpa,460,8.0,6.43,22.85,0.72,0.13,0.01
SN,AH,kalpa,461,7.97,6.45,22.85,0.71,0.13,0.01
SN,AH,kalpa,462,7.96,6.47,22.84,0.72,0.13,0.01
SN,AH,kalpa,463,7.93,6.48,22.84,0.71,0.13,0.01
SN,AH,kalpa,464,7.94,6.43,22.71,0.71,0.13,0.01
SN,AH,kalpa,465,7.89,6.59,23.07,0.7,0.13,0.01
SN,AH,kalpa,466,7.82,6.65,23.05,0.69,0.13,0.01
SN,AH,kalpa,467,7.78,6.8,23.35,0.68,0.13,0.01
SN,AH,kalpa,468,7.74,6.83,23.35,0.68,0.13,0.01
SN,AH,kalpa,469,7.7,6.89,23.44,0.68,0.13,0.01
SN,AH,kalpa,470,7.68,6.8,23.13,0.68,0.13,0.01
SN,AH,kalpa,471,7.67,6.81,23.13,0.68,0.13,0.01
SN,AH,kalpa,472,7.67,6.75,22.89,0.68,0.13,0.01
SN,AH,kalpa,473,7.64,6.76,22.91,0.68,0.13,0.01
SN,AH,kalpa,474,7.62,6.77,22.91,0.68,0.13,0.01
SN,AH,kalpa,475,7.58,6.88,23.15,0.67,0.13,0.01
SN,AH,kalpa,476,7.55,6.81,22.87,0.67,0.13,0.01
SN,AH,kalpa,477,7.51,6.87,22.97,0.67,0.13,0.01
SN,AH,kalpa,478,7.51,6.69,22.44,0.67,0.13,0.01
SN,AH,kalpa,479,7.48,6.79,22.69,0.67,0.13,0.01
SN,AH,kalpa,480,7.47,6.69,22.44,0.68,0.13,0.01
SN,AH,kalpa,481,7.43,6.76,22.55,0.67,0.13,0.01
SN,AH,kalpa,482,7.49,6.72,22.53,0.68,0.13,0.01
SN,AH,kalpa,483,7.46,6.76,22.56,0.68,0.13,0.01
SN,AH,kalpa,484,7.47,6.61,22.13,0.69,0.13,0.01
SN,AH,kalpa,485,7.42,6.65,22.11,0.69,0.13,0.01
SN,AH,kalpa,486,7.46,6.57,21.97,0.69,0.13,0.02
SN,AH,kalpa,487,7.47,6.63,22.17,0.68,0.13,0.02
SN,AH,kalpa,488,7.48,6.59,22.07,0.69,0.13,0.02
SN,AH,kalpa,489,7.41,6.67,22.17,0.69,0.13,0.01
SN,AH,kalpa,490,7.38,6.71,22.17,0.69,0.13,0.01
SN,AH,kalpa,491,7.35,6.81,22.43,0.68,0.13,0.01
SN,AH,kalpa,492,7.37,6.79,22.47,0.68,0.13,0.01
SN,AH,kalpa,493,7.34,6.84,22.59,0.68,0.13,0.01
SN,AH,kalpa,494,7.36,6.81,22.59,0.69,0.13,0.01
SN,AH,kalpa,495,7.3,6.95,22.85,0.69,0.13,0.01
SN,AH,kalpa,496,7.28,6.92,22.67,0.69,0.13,0.01
SN,AH,kalpa,497,7.25,6.93,22.68,0.69,0.13,0.01
SN,AH,kalpa,498,7.27,6.88,22.53,0.7,0.13,0.01
SN,AH,kalpa,499,7.32,6.83,22.56,0.7,0.13,0.01
SN,AH,kalpa,500,7.38,6.73,22.39,0.7,0.13,0.02
SN,AH,kalpa,501,7.34,6.81,22.52,0.7,0.13,0.02
SN,AH,kalpa,502,7.4,6.64,22.16,0.7,0.13,0.02
SN,AH,kalpa,503,7.37,6.8,22.6,0.69,0.13,0.02
SN,AH,kalpa,504,7.36,6.76,22.44,0.7,0.13,0.02
SN,AH,kalpa,505,7.32,6.83,22.53,0.69,0.13,0.02
SN,AH,kalpa,506,7.35,6.77,22.43,0.69,0.13,0.02
SN,AH,kalpa,507,7.29,7.01,22.96,0.68,0.13,0.02
SN,AH,kalpa,508,7.3,6.92,22.72,0.68,0.13,0.02
SN,AH,kalpa,509,7.29,6.97,22.83,0.67,0.13,0.02
SN,AH,kalpa,510,7.3,6.96,22.8,0.68,0.13,0.02
SN,AH,kalpa,511,7.23,7.08,22.93,0.68,0.13,0.01
SN,AH,kalpa,512,7.19,7.05,22.76,0.68,0.13,0.01
SN,AH,kalpa,513,7.11,7.21,23.0,0.68,0.13,0.01
SN,AH,kalpa,514,7.06,7.28,23.03,0.68,0.13,0.01
SN,AH,kalpa,515,7.06,7.32,23.12,0.68,0.13,0.01
SN,AH,kalpa,516,7.03,7.27,22.92,0.69,0.13,0.01
SN,AH,kalpa,517,6.96,7.44,23.23,0.68,0.13,0.01
SN,AH,kalpa,518,6.99,7.29,22.95,0.69,0.13,0.01
SN,AH,kalpa,519,6.97,7.33,22.96,0.69,0.13,0.01
SN,AH,kalpa,520,6.95,7.28,22.81,0.69,0.13,0.01
SN,AH,kalpa,521,6.91,7.33,22.85,0.69,0.13,0.01
SN,AH,kalpa,522,6.87,7.24,22.48,0.69,0.13,0.01
SN,AH,kalpa,523,6.79,7.41,22.75,0.69,0.13,0.01
SN,AH,kalpa,524,6.76,7.4,22.61,0.69,0.13,0.01
SN,AH,kalpa,525,6.77,7.39,22.61,0.69,0.13,0.01
SN,AH,kalpa,526,6.8,7.31,22.47,0.69,0.13,0.01
SN,AH,kalpa,527,6.7,7.43,22.59,0.68,0.13,0.01
SN,AH,kalpa,528,6.67,7.44,22.61,0.68,0.13,0.01
SN,AH,kalpa,529,6.61,7.52,22.71,0.68,0.13,0.01
SN,AH,kalpa,530,6.6,7.55,22.69,0.68,0.13,0.01
SN,AH,kalpa,531,6.55,7.75,23.08,0.67,0.13,0.01
SN,AH,kalpa,532,6.54,7.69,22.87,0.68,0.13,0.01
SN,AH,kalpa,533,6.54,7.67,22.87,0.68,0.13,0.01
SN,AH,kalpa,534,6.5,7.67,22.76,0.69,0.13,0.01
SN,AH,kalpa,535,6.49,7.68,22.77,0.68,0.13,0.01
SN,AH,kalpa,536,6.46,7.71,22.76,0.68,0.13,0.01
SN,AH,kalpa,537,6.45,7.71,22.77,0.68,0.13,0.01
SN,AH,kalpa,538,6.48,7.67,22.79,0.68,0.13,0.01
SN,AH,kalpa,539,6.45,7.71,22.79,0.68,0.13,0.01
SN,AH,kalpa,540,6.43,7.57,22.4,0.68,0.13,0.01
SN,AH,kalpa,541,6.42,7.73,22.79,0.68,0.13,0.01
SN,AH,kalpa,542,6.43,7.6,22.49,0.69,0.13,0.01
SN,AH,kalpa,543,6.4,7.68,22.67,0.68,0.13,0.01
SN,AH,kalpa,544,6.39,7.56,22.35,0.68,0.13,0.01
SN,AH,kalpa,545,6.31,7.84,22.88,0.69,0.13,0.0
SN,AH,kalpa,546,6.31,7.83,22.88,0.69,0.13,0.0
SN,AH,kalpa,547,6.33,7.91,23.12,0.69,0.13,0.0
SN,AH,kalpa,548,6.33,7.92,23.09,0.69,0.13,0.0
SN,AH,kalpa,549,6.24,8.13,23.39,0.69,0.13,0.0
SN,AH,kalpa,550,6.22,8.05,23.15,0.69,0.13,0.0
SN,AH,kalpa,551,6.21,8.12,23.27,0.69,0.13,0.0
SN,AH,kalpa,552,6.24,8.05,23.11,0.7,0.13,0.0
SN,AH,kalpa,553,6.23,8.12,23.25,0.69,0.13,0.0
SN,AH,kalpa,554,6.23,7.96,22.79,0.7,0.13,0.0
SN,AH,kalpa,555,6.23,8.0,22.88,0.69,0.13,0.0
