Text_Type,Book,Chapter,Window,Mean,StDev,nomalised
SN,CS,siddi,324,24.07,28.48,0
SN,CS,siddi,1127,24.3,28.61,0.225955398
SN,CS,siddi,938,24.38,25.89,0.30454858
SN,CS,siddi,325,24.4,28.64,0.324196876
SN,CS,siddi,939,24.45,26.23,0.373317615
SN,CS,siddi,937,24.46,26.21,0.383141762
SN,CS,siddi,1126,24.48,28.06,0.402790058
SN,CS,siddi,941,24.49,25.99,0.412614206
SN,CS,siddi,1129,24.51,28.85,0.432262501
SN,CS,siddi,327,24.6,28.73,0.520679831
SN,CS,siddi,708,24.61,29.56,0.530503979
SN,CS,siddi,328,24.7,29.94,0.618921309
SN,CS,siddi,940,24.71,26.18,0.628745456
SN,CS,siddi,326,24.72,28.95,0.638569604
SN,CS,siddi,320,24.76,27.76,0.677866195
SN,CS,siddi,330,24.77,29.32,0.687690343
SN,CS,siddi,943,24.78,27.06,0.697514491
SN,CS,siddi,729,24.79,30.78,0.707338638
SN,CS,siddi,936,24.79,26.65,0.707338638
SN,CS,siddi,698,24.8,29.38,0.717162786
SN,CS,siddi,935,24.8,27.03,0.717162786
SN,CS,siddi,1128,24.84,28.48,0.756459377
SN,CS,siddi,707,24.89,29.05,0.805580116
SN,CS,siddi,329,24.9,29.03,0.815404264
SN,CS,siddi,942,24.91,27.11,0.825228411
SN,CS,siddi,709,24.93,30.17,0.844876707
SN,CS,siddi,423,24.96,27.56,0.87434915
SN,CS,siddi,1123,24.97,29.84,0.884173298
SN,CS,siddi,1125,24.97,29.84,0.884173298
SN,CS,siddi,934,24.99,27.18,0.903821593
SN,CS,siddi,1121,25.02,29.55,0.933294037
SN,CS,siddi,1045,25.03,29.25,0.943118184
SN,CS,siddi,1046,25.03,29.25,0.943118184
SN,CS,siddi,322,25.04,29.01,0.952942332
SN,CS,siddi,1122,25.04,30.16,0.952942332
SN,CS,siddi,1119,25.05,30.95,0.96276648
SN,CS,siddi,1124,25.05,30.15,0.96276648
SN,CS,siddi,289,25.09,22.71,1.002063071
SN,CS,siddi,1051,25.09,28.51,1.002063071
SN,CS,siddi,321,25.13,28.94,1.041359662
SN,CS,siddi,323,25.13,29.75,1.041359662
SN,CS,siddi,699,25.13,29.89,1.041359662
SN,CS,siddi,706,25.18,29.5,1.090480401
SN,CS,siddi,1115,25.2,31.39,1.110128696
SN,CS,siddi,944,25.21,27.14,1.119952844
SN,CS,siddi,1134,25.22,28.21,1.129776992
SN,CS,siddi,1118,25.27,30.61,1.178897731
SN,CS,siddi,1130,25.28,29.32,1.188721878
SN,CS,siddi,1133,25.28,28.78,1.188721878
SN,CS,siddi,1131,25.29,29.73,1.198546026
SN,CS,siddi,425,25.3,27.43,1.208370174
SN,CS,siddi,710,25.32,29.66,1.228018469
SN,CS,siddi,705,25.34,29.03,1.247666765
SN,CS,siddi,1044,25.34,30.18,1.247666765
SN,CS,siddi,1116,25.34,31.25,1.247666765
SN,CS,siddi,1117,25.35,31.01,1.257490913
SN,CS,siddi,1132,25.36,29.05,1.26731506
SN,CS,siddi,426,25.37,27.01,1.277139208
SN,CS,siddi,424,25.39,28.21,1.296787504
SN,CS,siddi,933,25.42,28.09,1.326259947
SN,CS,siddi,499,25.44,30.43,1.345908242
SN,CS,siddi,711,25.44,29.91,1.345908242
SN,CS,siddi,945,25.44,27.15,1.345908242
SN,CS,siddi,1050,25.45,29.27,1.35573239
SN,CS,siddi,331,25.46,30.94,1.365556538
SN,CS,siddi,730,25.46,30.94,1.365556538
SN,CS,siddi,1135,25.46,29.46,1.365556538
SN,CS,siddi,946,25.5,27.08,1.404853129
SN,CS,siddi,947,25.53,26.27,1.434325572
SN,CS,siddi,731,25.54,30.33,1.44414972
SN,CS,siddi,290,25.55,23.83,1.453973868
SN,CS,siddi,492,25.55,31.38,1.453973868
SN,CS,siddi,1142,25.55,29.37,1.453973868
SN,CS,siddi,427,25.56,26.78,1.463798016
SN,CS,siddi,1140,25.62,29.21,1.522742902
SN,CS,siddi,1120,25.63,31.08,1.53256705
SN,CS,siddi,419,25.65,29.73,1.552215345
SN,CS,siddi,498,25.65,31.45,1.552215345
SN,CS,siddi,500,25.67,30.25,1.571863641
SN,CS,siddi,715,25.69,29.69,1.591511936
SN,CS,siddi,1139,25.69,29.43,1.591511936
SN,CS,siddi,1144,25.69,30.59,1.591511936
SN,CS,siddi,288,25.71,21.78,1.611160232
SN,CS,siddi,428,25.75,26.65,1.650456823
SN,CS,siddi,1141,25.75,29.47,1.650456823
SN,CS,siddi,291,25.76,26.37,1.660280971
SN,CS,siddi,1114,25.76,32.09,1.660280971
SN,CS,siddi,1143,25.76,30.34,1.660280971
SN,CS,siddi,561,25.79,31.89,1.689753414
SN,CS,siddi,888,25.79,30.48,1.689753414
SN,CS,siddi,335,25.81,31.62,1.709401709
SN,CS,siddi,422,25.82,28.05,1.719225857
SN,CS,siddi,1001,25.84,31.46,1.738874153
SN,CS,siddi,494,25.85,31.9,1.7486983
SN,CS,siddi,728,25.85,31.64,1.7486983
SN,CS,siddi,697,25.88,29.67,1.778170744
SN,CS,siddi,1052,25.88,28.45,1.778170744
SN,CS,siddi,727,25.94,31.21,1.83711563
SN,CS,siddi,1048,25.94,29.61,1.83711563
SN,CS,siddi,1049,25.94,29.61,1.83711563
SN,CS,siddi,1136,25.94,30.02,1.83711563
SN,CS,siddi,733,25.95,28.89,1.846939778
SN,CS,siddi,418,25.97,30.87,1.866588073
SN,CS,siddi,336,25.99,32.07,1.886236369
SN,CS,siddi,421,25.99,28.74,1.886236369
SN,CS,siddi,334,26.02,31.52,1.915708812
SN,CS,siddi,1138,26.04,29.65,1.935357108
SN,CS,siddi,736,26.05,27.5,1.945181256
SN,CS,siddi,696,26.06,30.55,1.955005403
SN,CS,siddi,886,26.07,31.02,1.964829551
SN,CS,siddi,859,26.09,29.05,1.984477847
SN,CS,siddi,882,26.1,31.65,1.994301994
SN,CS,siddi,420,26.11,29.02,2.004126142
SN,CS,siddi,353,26.12,32.16,2.01395029
SN,CS,siddi,1002,26.12,32.12,2.01395029
SN,CS,siddi,704,26.14,28.77,2.033598585
SN,CS,siddi,493,26.15,31.57,2.043422733
SN,CS,siddi,495,26.15,32.28,2.043422733
SN,CS,siddi,703,26.15,28.47,2.043422733
SN,CS,siddi,726,26.16,30.7,2.053246881
SN,CS,siddi,880,26.16,31.06,2.053246881
SN,CS,siddi,732,26.18,29.69,2.072895176
SN,CS,siddi,1012,26.2,31.4,2.092543472
SN,CS,siddi,1111,26.21,30.06,2.10236762
SN,CS,siddi,648,26.22,32.04,2.112191767
SN,CS,siddi,984,26.22,32.01,2.112191767
SN,CS,siddi,487,26.23,32.2,2.122015915
SN,CS,siddi,929,26.29,30.28,2.180960802
SN,CS,siddi,1043,26.29,30.2,2.180960802
SN,CS,siddi,631,26.31,31.11,2.200609097
SN,CS,siddi,712,26.32,30.56,2.210433245
SN,CS,siddi,702,26.33,29.39,2.220257393
SN,CS,siddi,716,26.33,30.25,2.220257393
SN,CS,siddi,1137,26.33,30.16,2.220257393
SN,CS,siddi,883,26.37,32.16,2.259553984
SN,CS,siddi,1013,26.37,31.85,2.259553984
SN,CS,siddi,617,26.38,29.37,2.269378131
SN,CS,siddi,737,26.38,27.3,2.269378131
SN,CS,siddi,990,26.4,31.65,2.289026427
SN,CS,siddi,1011,26.4,30.85,2.289026427
SN,CS,siddi,620,26.41,30.95,2.298850575
SN,CS,siddi,713,26.42,30.55,2.308674722
SN,CS,siddi,700,26.43,30.06,2.31849887
SN,CS,siddi,734,26.43,27.88,2.31849887
SN,CS,siddi,885,26.43,31.91,2.31849887
SN,CS,siddi,887,26.44,30.6,2.328323018
SN,CS,siddi,932,26.44,28.43,2.328323018
SN,CS,siddi,556,26.45,32.21,2.338147166
SN,CS,siddi,317,26.47,27.61,2.357795461
SN,CS,siddi,318,26.47,27.61,2.357795461
SN,CS,siddi,1014,26.47,32.21,2.357795461
SN,CS,siddi,491,26.48,32.73,2.367619609
SN,CS,siddi,890,26.48,30.28,2.367619609
SN,CS,siddi,639,26.49,32.98,2.377443757
SN,CS,siddi,319,26.51,28.12,2.397092052
SN,CS,siddi,928,26.51,31.17,2.397092052
SN,CS,siddi,991,26.51,31.41,2.397092052
SN,CS,siddi,714,26.52,30.94,2.4069162
SN,CS,siddi,429,26.54,27.29,2.426564496
SN,CS,siddi,647,26.54,32.62,2.426564496
SN,CS,siddi,738,26.54,27.24,2.426564496
SN,CS,siddi,985,26.54,32.15,2.426564496
SN,CS,siddi,1030,26.54,30.12,2.426564496
SN,CS,siddi,1047,26.54,29.73,2.426564496
SN,CS,siddi,618,26.55,29.95,2.436388643
SN,CS,siddi,881,26.56,32.02,2.446212791
SN,CS,siddi,356,26.57,32.07,2.456036939
SN,CS,siddi,1145,26.57,30.65,2.456036939
SN,CS,siddi,559,26.59,33.02,2.475685234
SN,CS,siddi,316,26.6,27.04,2.485509382
SN,CS,siddi,1041,26.61,30.72,2.49533353
SN,CS,siddi,292,26.63,27.65,2.514981825
SN,CS,siddi,554,26.64,32.06,2.524805973
SN,CS,siddi,615,26.64,29.38,2.524805973
SN,CS,siddi,884,26.64,32.21,2.524805973
SN,CS,siddi,1003,26.65,32.91,2.534630121
SN,CS,siddi,332,26.66,31.34,2.544454269
SN,CS,siddi,558,26.66,33.06,2.544454269
SN,CS,siddi,1029,26.66,30.41,2.544454269
SN,CS,siddi,1042,26.66,31.14,2.544454269
SN,CS,siddi,889,26.67,30.84,2.554278416
SN,CS,siddi,955,26.67,28.47,2.554278416
SN,CS,siddi,1007,26.69,31.82,2.573926712
SN,CS,siddi,358,26.7,32.39,2.58375086
SN,CS,siddi,501,26.73,31.23,2.613223303
SN,CS,siddi,619,26.73,30.97,2.613223303
SN,CS,siddi,931,26.74,29.15,2.623047451
SN,CS,siddi,1005,26.75,32.33,2.632871598
SN,CS,siddi,315,26.76,27.52,2.642695746
SN,CS,siddi,621,26.76,31.04,2.642695746
SN,CS,siddi,695,26.76,29.42,2.642695746
SN,CS,siddi,646,26.78,33.02,2.662344042
SN,CS,siddi,1147,26.8,31.36,2.681992337
SN,CS,siddi,725,26.81,30.3,2.691816485
SN,CS,siddi,557,26.82,33.23,2.701640633
SN,CS,siddi,333,26.83,32.46,2.71146478
SN,CS,siddi,417,26.83,31.56,2.71146478
SN,CS,siddi,555,26.83,32.47,2.71146478
SN,CS,siddi,616,26.83,29.34,2.71146478
SN,CS,siddi,630,26.83,31.38,2.71146478
SN,CS,siddi,649,26.84,33.08,2.721288928
SN,CS,siddi,989,26.85,32.8,2.731113076
SN,CS,siddi,1000,26.85,32.2,2.731113076
SN,CS,siddi,562,26.86,32.58,2.740937224
SN,CS,siddi,1110,26.86,29.18,2.740937224
SN,CS,siddi,357,26.89,32.94,2.770409667
SN,CS,siddi,651,26.89,32.8,2.770409667
SN,CS,siddi,930,26.9,29.65,2.780233815
SN,CS,siddi,497,26.91,32.88,2.790057962
SN,CS,siddi,586,26.91,32.88,2.790057962
SN,CS,siddi,997,26.91,32.49,2.790057962
SN,CS,siddi,999,26.91,31.98,2.790057962
SN,CS,siddi,988,26.92,33.11,2.79988211
SN,CS,siddi,1008,26.93,31.67,2.809706258
SN,CS,siddi,1032,26.93,29.72,2.809706258
SN,CS,siddi,998,26.94,32.25,2.819530406
SN,CS,siddi,1006,26.94,32.05,2.819530406
SN,CS,siddi,287,26.96,21.23,2.839178701
SN,CS,siddi,354,26.96,33.22,2.839178701
SN,CS,siddi,560,26.98,33.25,2.858826997
SN,CS,siddi,1031,26.98,29.73,2.858826997
SN,CS,siddi,1113,26.98,32.14,2.858826997
SN,CS,siddi,1354,26.98,30.82,2.858826997
SN,CS,siddi,638,26.99,32.78,2.868651145
SN,CS,siddi,1357,26.99,30.92,2.868651145
SN,CS,siddi,314,27,27.52,2.878475292
SN,CS,siddi,723,27.01,30.29,2.88829944
SN,CS,siddi,954,27.01,28.67,2.88829944
SN,CS,siddi,305,27.02,31.53,2.898123588
SN,CS,siddi,891,27.02,31.03,2.898123588
SN,CS,siddi,692,27.04,29.82,2.917771883
SN,CS,siddi,899,27.04,31.49,2.917771883
SN,CS,siddi,502,27.06,31.59,2.937420179
SN,CS,siddi,490,27.08,33.46,2.957068474
SN,CS,siddi,564,27.08,33.45,2.957068474
SN,CS,siddi,970,27.08,31.7,2.957068474
SN,CS,siddi,355,27.09,32.83,2.966892622
SN,CS,siddi,986,27.09,33.41,2.966892622
SN,CS,siddi,650,27.1,32.94,2.97671677
SN,CS,siddi,348,27.11,33.25,2.986540918
SN,CS,siddi,1010,27.12,31.56,2.996365065
SN,CS,siddi,553,27.13,32.52,3.006189213
SN,CS,siddi,293,27.15,27.79,3.025837509
SN,CS,siddi,352,27.15,33.15,3.025837509
SN,CS,siddi,1015,27.15,32.96,3.025837509
SN,CS,siddi,339,27.16,33.25,3.035661656
SN,CS,siddi,1382,27.17,26.51,3.045485804
SN,CS,siddi,583,27.19,33.45,3.0651341
SN,CS,siddi,1004,27.19,33.09,3.0651341
SN,CS,siddi,690,27.2,30.65,3.074958247
SN,CS,siddi,691,27.2,30.65,3.074958247
SN,CS,siddi,987,27.2,33.32,3.074958247
SN,CS,siddi,1371,27.21,31.13,3.084782395
SN,CS,siddi,873,27.24,30.45,3.114254838
SN,CS,siddi,949,27.24,27.82,3.114254838
SN,CS,siddi,1112,27.24,32.29,3.114254838
SN,CS,siddi,585,27.26,33.53,3.133903134
SN,CS,siddi,950,27.26,27.34,3.133903134
SN,CS,siddi,927,27.27,32.11,3.143727282
SN,CS,siddi,717,27.28,30.66,3.153551429
SN,CS,siddi,337,27.29,33.6,3.163375577
SN,CS,siddi,338,27.29,33.48,3.163375577
SN,CS,siddi,416,27.29,32.64,3.163375577
SN,CS,siddi,587,27.29,33.69,3.163375577
SN,CS,siddi,341,27.3,33.69,3.173199725
SN,CS,siddi,543,27.3,32.97,3.173199725
SN,CS,siddi,547,27.3,33.33,3.173199725
SN,CS,siddi,350,27.31,33.09,3.183023873
SN,CS,siddi,693,27.33,29.22,3.202672168
SN,CS,siddi,306,27.34,31.61,3.212496316
SN,CS,siddi,701,27.34,30.79,3.212496316
SN,CS,siddi,488,27.35,33.45,3.222320464
SN,CS,siddi,735,27.35,28.67,3.222320464
SN,CS,siddi,948,27.35,27.15,3.222320464
SN,CS,siddi,1009,27.35,32,3.222320464
SN,CS,siddi,1352,27.35,31.97,3.222320464
SN,CS,siddi,860,27.36,30.82,3.232144611
SN,CS,siddi,900,27.36,32.67,3.232144611
SN,CS,siddi,994,27.37,32.97,3.241968759
SN,CS,siddi,340,27.38,33.62,3.251792907
SN,CS,siddi,548,27.38,33.46,3.251792907
SN,CS,siddi,724,27.38,30.27,3.251792907
SN,CS,siddi,898,27.38,31.94,3.251792907
SN,CS,siddi,349,27.4,33.75,3.271441202
SN,CS,siddi,576,27.4,32.83,3.271441202
SN,CS,siddi,694,27.43,29.21,3.300913646
SN,CS,siddi,311,27.44,28.81,3.310737793
SN,CS,siddi,718,27.44,31.46,3.310737793
SN,CS,siddi,983,27.44,33.25,3.310737793
SN,CS,siddi,588,27.45,33.25,3.320561941
SN,CS,siddi,720,27.45,30.88,3.320561941
SN,CS,siddi,739,27.45,27.97,3.320561941
SN,CS,siddi,879,27.45,32.11,3.320561941
SN,CS,siddi,953,27.45,28.55,3.320561941
SN,CS,siddi,294,27.46,28.53,3.330386089
SN,CS,siddi,351,27.46,33.44,3.330386089
SN,CS,siddi,563,27.46,33.31,3.330386089
SN,CS,siddi,1248,27.46,26.35,3.330386089
SN,CS,siddi,486,27.47,33.41,3.340210237
SN,CS,siddi,1028,27.47,31.3,3.340210237
SN,CS,siddi,1356,27.48,32.31,3.350034385
SN,CS,siddi,342,27.49,33.72,3.359858532
SN,CS,siddi,544,27.49,33.06,3.359858532
SN,CS,siddi,719,27.52,31.93,3.389330976
SN,CS,siddi,1149,27.52,31.49,3.389330976
SN,CS,siddi,483,27.53,33.4,3.399155123
SN,CS,siddi,995,27.53,32.9,3.399155123
SN,CS,siddi,992,27.55,32.8,3.418803419
SN,CS,siddi,1033,27.55,30.65,3.418803419
SN,CS,siddi,550,27.56,33.31,3.428627567
SN,CS,siddi,577,27.56,32.31,3.428627567
SN,CS,siddi,627,27.56,32.8,3.428627567
SN,CS,siddi,722,27.56,30.76,3.428627567
SN,CS,siddi,1107,27.59,25.48,3.45810001
SN,CS,siddi,1249,27.59,25.38,3.45810001
SN,CS,siddi,901,27.6,32.72,3.467924158
SN,CS,siddi,372,27.61,32.6,3.477748305
SN,CS,siddi,489,27.61,33.65,3.477748305
SN,CS,siddi,993,27.61,33.07,3.477748305
SN,CS,siddi,641,27.62,33.77,3.487572453
SN,CS,siddi,652,27.63,33.87,3.497396601
SN,CS,siddi,496,27.64,33.86,3.507220749
SN,CS,siddi,894,27.64,32.77,3.507220749
SN,CS,siddi,1353,27.64,31.13,3.507220749
SN,CS,siddi,313,27.65,28.11,3.517044896
SN,CS,siddi,551,27.66,33.5,3.526869044
SN,CS,siddi,464,27.67,34.02,3.536693192
SN,CS,siddi,571,27.67,33.01,3.536693192
SN,CS,siddi,637,27.67,32.46,3.536693192
SN,CS,siddi,871,27.68,30.59,3.54651734
SN,CS,siddi,582,27.7,33.64,3.566165635
SN,CS,siddi,310,27.71,30.04,3.575989783
SN,CS,siddi,312,27.72,28.67,3.585813931
SN,CS,siddi,1148,27.72,32.4,3.585813931
SN,CS,siddi,1251,27.72,25.16,3.585813931
SN,CS,siddi,308,27.73,30.13,3.595638078
SN,CS,siddi,640,27.73,34.07,3.595638078
SN,CS,siddi,430,27.74,29.25,3.605462226
SN,CS,siddi,465,27.74,33.89,3.605462226
SN,CS,siddi,567,27.75,33.91,3.615286374
SN,CS,siddi,956,27.75,29.39,3.615286374
SN,CS,siddi,645,27.76,33.99,3.625110522
SN,CS,siddi,1384,27.77,26.31,3.634934669
SN,CS,siddi,514,27.78,32.24,3.644758817
SN,CS,siddi,286,27.79,20.44,3.654582965
SN,CS,siddi,897,27.79,33.14,3.654582965
SN,CS,siddi,996,27.81,33.54,3.67423126
SN,CS,siddi,584,27.82,33.66,3.684055408
SN,CS,siddi,721,27.82,30.75,3.684055408
SN,CS,siddi,872,27.82,30.28,3.684055408
SN,CS,siddi,624,27.84,32.49,3.703703704
SN,CS,siddi,1358,27.84,30.64,3.703703704
SN,CS,siddi,466,27.85,34.21,3.713527851
SN,CS,siddi,1250,27.85,24.84,3.713527851
SN,CS,siddi,463,27.86,34,3.723351999
SN,CS,siddi,876,27.86,31.76,3.723351999
SN,CS,siddi,877,27.86,31.76,3.723351999
SN,CS,siddi,1018,27.87,33.34,3.733176147
SN,CS,siddi,1156,27.87,29.03,3.733176147
SN,CS,siddi,347,27.88,33.84,3.743000295
SN,CS,siddi,580,27.88,34.05,3.743000295
SN,CS,siddi,1053,27.88,28.18,3.743000295
SN,CS,siddi,565,27.9,34.21,3.76264859
SN,CS,siddi,878,27.9,32.52,3.76264859
SN,CS,siddi,896,27.9,32.43,3.76264859
SN,CS,siddi,1039,27.9,31.14,3.76264859
SN,CS,siddi,345,27.92,34.27,3.782296886
SN,CS,siddi,892,27.92,32.46,3.782296886
SN,CS,siddi,1150,27.92,32.55,3.782296886
SN,CS,siddi,295,27.93,28.99,3.792121034
SN,CS,siddi,549,27.96,34.13,3.821593477
SN,CS,siddi,622,27.96,32.18,3.821593477
SN,CS,siddi,1034,27.96,30.78,3.821593477
SN,CS,siddi,546,27.97,33.65,3.831417625
SN,CS,siddi,632,27.99,32.68,3.85106592
SN,CS,siddi,870,28.01,30.89,3.870714216
SN,CS,siddi,1054,28.01,28.7,3.870714216
SN,CS,siddi,895,28.02,32.33,3.880538363
SN,CS,siddi,971,28.04,31.59,3.900186659
SN,CS,siddi,360,28.05,32.57,3.910010807
SN,CS,siddi,545,28.06,33.85,3.919834954
SN,CS,siddi,893,28.06,33.14,3.919834954
SN,CS,siddi,304,28.09,31.75,3.949307398
SN,CS,siddi,581,28.09,34.42,3.949307398
SN,CS,siddi,1383,28.09,27.21,3.949307398
SN,CS,siddi,1040,28.1,31.47,3.959131545
SN,CS,siddi,869,28.11,29.18,3.968955693
SN,CS,siddi,309,28.12,30.01,3.978779841
SN,CS,siddi,575,28.13,33.94,3.988603989
SN,CS,siddi,479,28.14,33.7,3.998428136
SN,CS,siddi,1146,28.14,31.95,3.998428136
SN,CS,siddi,568,28.15,33.83,4.008252284
SN,CS,siddi,574,28.15,33.69,4.008252284
SN,CS,siddi,1369,28.15,30.05,4.008252284
SN,CS,siddi,346,28.16,34.34,4.018076432
SN,CS,siddi,566,28.16,34.36,4.018076432
SN,CS,siddi,573,28.17,33.51,4.02790058
SN,CS,siddi,863,28.17,31.06,4.02790058
SN,CS,siddi,864,28.17,31.06,4.02790058
SN,CS,siddi,589,28.18,33.85,4.037724727
SN,CS,siddi,1022,28.18,33.15,4.037724727
SN,CS,siddi,359,28.19,33.05,4.047548875
SN,CS,siddi,478,28.19,34.4,4.047548875
SN,CS,siddi,868,28.19,28.07,4.047548875
SN,CS,siddi,515,28.21,32.68,4.067197171
SN,CS,siddi,600,28.21,33.48,4.067197171
SN,CS,siddi,1252,28.22,23.53,4.077021318
SN,CS,siddi,1359,28.22,30.74,4.077021318
SN,CS,siddi,653,28.23,34.02,4.086845466
SN,CS,siddi,462,28.26,34.85,4.116317909
SN,CS,siddi,1155,28.26,30.65,4.116317909
SN,CS,siddi,468,28.28,34.71,4.135966205
SN,CS,siddi,296,28.3,29.52,4.1556145
SN,CS,siddi,626,28.3,32.98,4.1556145
SN,CS,siddi,1024,28.31,32.81,4.165438648
SN,CS,siddi,1355,28.31,32.22,4.165438648
SN,CS,siddi,1037,28.32,31.06,4.175262796
SN,CS,siddi,875,28.35,31.49,4.204735239
SN,CS,siddi,867,28.36,29.24,4.214559387
SN,CS,siddi,969,28.36,31.96,4.214559387
SN,CS,siddi,343,28.38,34.89,4.234207682
SN,CS,siddi,1336,28.38,32.31,4.234207682
SN,CS,siddi,467,28.39,34.64,4.24403183
SN,CS,siddi,740,28.4,29.96,4.253855978
SN,CS,siddi,741,28.4,29.96,4.253855978
SN,CS,siddi,1108,28.42,27.29,4.273504274
SN,CS,siddi,1151,28.42,32.31,4.273504274
SN,CS,siddi,1361,28.42,29.29,4.273504274
SN,CS,siddi,431,28.44,30.17,4.293152569
SN,CS,siddi,572,28.44,33.51,4.293152569
SN,CS,siddi,147,28.45,18.61,4.302976717
SN,CS,siddi,599,28.47,33.86,4.322625012
SN,CS,siddi,972,28.48,32.92,4.33244916
SN,CS,siddi,973,28.48,33.18,4.33244916
SN,CS,siddi,1038,28.48,30.76,4.33244916
SN,CS,siddi,636,28.49,33.16,4.342273308
SN,CS,siddi,1025,28.49,32.16,4.342273308
SN,CS,siddi,1360,28.5,29.95,4.352097456
SN,CS,siddi,303,28.51,31.25,4.361921603
SN,CS,siddi,644,28.51,34.44,4.361921603
SN,CS,siddi,148,28.54,18.47,4.391394047
SN,CS,siddi,373,28.54,33.37,4.391394047
SN,CS,siddi,469,28.54,34.87,4.391394047
SN,CS,siddi,503,28.54,32.11,4.391394047
SN,CS,siddi,926,28.56,32.37,4.411042342
SN,CS,siddi,1016,28.56,33.84,4.411042342
SN,CS,siddi,1017,28.56,33.72,4.411042342
SN,CS,siddi,982,28.57,33.87,4.42086649
SN,CS,siddi,1109,28.59,28.26,4.440514785
SN,CS,siddi,951,28.6,27.98,4.450338933
SN,CS,siddi,968,28.6,31.3,4.450338933
SN,CS,siddi,107,28.61,19.78,4.460163081
SN,CS,siddi,629,28.62,32.92,4.469987229
SN,CS,siddi,628,28.64,32.95,4.489635524
SN,CS,siddi,1370,28.64,30.89,4.489635524
SN,CS,siddi,434,28.65,30.38,4.499459672
SN,CS,siddi,552,28.66,33.98,4.50928382
SN,CS,siddi,603,28.66,32.88,4.50928382
SN,CS,siddi,307,28.67,30.98,4.519107967
SN,CS,siddi,865,28.67,30.48,4.519107967
SN,CS,siddi,579,28.68,34.7,4.528932115
SN,CS,siddi,1035,28.68,31.51,4.528932115
SN,CS,siddi,1106,28.68,25.7,4.528932115
SN,CS,siddi,598,28.69,34.22,4.538756263
SN,CS,siddi,643,28.69,34.66,4.538756263
SN,CS,siddi,657,28.69,33.99,4.538756263
SN,CS,siddi,689,28.69,31.38,4.538756263
SN,CS,siddi,1020,28.7,33.66,4.548580411
SN,CS,siddi,1021,28.7,33.81,4.548580411
SN,CS,siddi,862,28.71,31.16,4.558404558
SN,CS,siddi,411,28.73,33.1,4.578052854
SN,CS,siddi,874,28.73,31.9,4.578052854
SN,CS,siddi,433,28.75,29.82,4.597701149
SN,CS,siddi,623,28.75,33.22,4.597701149
SN,CS,siddi,1056,28.75,30.22,4.597701149
SN,CS,siddi,477,28.76,35.08,4.607525297
SN,CS,siddi,1154,28.76,31.52,4.607525297
SN,CS,siddi,1364,28.77,29.4,4.617349445
SN,CS,siddi,149,28.78,19.24,4.627173593
SN,CS,siddi,743,28.79,30.83,4.63699774
SN,CS,siddi,1365,28.79,29.74,4.63699774
SN,CS,siddi,1243,28.8,19.75,4.646821888
SN,CS,siddi,1332,28.8,30.69,4.646821888
SN,CS,siddi,1019,28.81,33.22,4.656646036
SN,CS,siddi,406,28.82,31.95,4.666470184
SN,CS,siddi,1055,28.82,29.15,4.666470184
SN,CS,siddi,482,28.84,34.27,4.686118479
SN,CS,siddi,542,28.84,33.88,4.686118479
SN,CS,siddi,484,28.85,34.46,4.695942627
SN,CS,siddi,435,28.86,31.25,4.705766775
SN,CS,siddi,625,28.86,33.35,4.705766775
SN,CS,siddi,1362,28.86,28.71,4.705766775
SN,CS,siddi,1027,28.87,32.84,4.715590922
SN,CS,siddi,297,28.89,31.15,4.735239218
SN,CS,siddi,471,28.89,34.64,4.735239218
SN,CS,siddi,687,28.89,32.46,4.735239218
SN,CS,siddi,1247,28.89,25.73,4.735239218
SN,CS,siddi,472,28.91,35.05,4.754887514
SN,CS,siddi,821,28.93,29.91,4.774535809
SN,CS,siddi,344,28.94,35.01,4.784359957
SN,CS,siddi,654,28.94,34.78,4.784359957
SN,CS,siddi,642,28.95,34.65,4.794184105
SN,CS,siddi,1244,28.95,21.56,4.794184105
SN,CS,siddi,784,28.97,31.74,4.8138324
SN,CS,siddi,1346,28.97,34.72,4.8138324
SN,CS,siddi,460,28.98,35.09,4.823656548
SN,CS,siddi,688,28.99,32.15,4.833480696
SN,CS,siddi,1333,28.99,31.53,4.833480696
SN,CS,siddi,413,29.02,32.77,4.862953139
SN,CS,siddi,1347,29.04,34.26,4.882601434
SN,CS,siddi,1380,29.04,27.68,4.882601434
SN,CS,siddi,516,29.05,33.82,4.892425582
SN,CS,siddi,1245,29.05,23.86,4.892425582
SN,CS,siddi,818,29.06,31.17,4.90224973
SN,CS,siddi,1158,29.1,27.11,4.941546321
SN,CS,siddi,415,29.11,33.3,4.951370469
SN,CS,siddi,1026,29.11,33.06,4.951370469
SN,CS,siddi,445,29.12,35.25,4.961194616
SN,CS,siddi,952,29.12,28.45,4.961194616
SN,CS,siddi,301,29.13,32.27,4.971018764
SN,CS,siddi,1157,29.13,28.55,4.971018764
SN,CS,siddi,414,29.14,33.39,4.980842912
SN,CS,siddi,1350,29.14,32.73,4.980842912
SN,CS,siddi,1334,29.15,32.57,4.99066706
SN,CS,siddi,601,29.17,34.2,5.010315355
SN,CS,siddi,461,29.18,35.29,5.020139503
SN,CS,siddi,1152,29.18,33.44,5.020139503
SN,CS,siddi,570,29.22,33.98,5.059436094
SN,CS,siddi,633,29.22,33.27,5.059436094
SN,CS,siddi,447,29.23,35.6,5.069260242
SN,CS,siddi,1335,29.24,32.87,5.079084389
SN,CS,siddi,683,29.25,32.65,5.088908537
SN,CS,siddi,541,29.26,34.19,5.098732685
SN,CS,siddi,902,29.26,34.13,5.098732685
SN,CS,siddi,1036,29.26,31.67,5.098732685
SN,CS,siddi,527,29.27,34.16,5.108556833
SN,CS,siddi,1057,29.28,30.5,5.11838098
SN,CS,siddi,569,29.3,35.01,5.138029276
SN,CS,siddi,481,29.33,34.45,5.167501719
SN,CS,siddi,590,29.34,35.08,5.177325867
SN,CS,siddi,780,29.34,29.96,5.177325867
SN,CS,siddi,684,29.35,32.67,5.187150015
SN,CS,siddi,361,29.36,33.34,5.196974162
SN,CS,siddi,861,29.36,31.22,5.196974162
SN,CS,siddi,485,29.39,35.06,5.226446606
SN,CS,siddi,659,29.4,34.06,5.236270754
SN,CS,siddi,957,29.4,30.3,5.236270754
SN,CS,siddi,1058,29.4,29.43,5.236270754
SN,CS,siddi,594,29.42,35.11,5.255919049
SN,CS,siddi,790,29.42,31.77,5.255919049
SN,CS,siddi,685,29.44,32.4,5.275567345
SN,CS,siddi,285,29.45,20.35,5.285391492
SN,CS,siddi,781,29.45,31.13,5.285391492
SN,CS,siddi,1381,29.45,27.2,5.285391492
SN,CS,siddi,412,29.46,33.48,5.29521564
SN,CS,siddi,1023,29.46,33.63,5.29521564
SN,CS,siddi,473,29.47,35.52,5.305039788
SN,CS,siddi,519,29.49,34.1,5.324688083
SN,CS,siddi,1337,29.49,34,5.324688083
SN,CS,siddi,658,29.51,34.83,5.344336379
SN,CS,siddi,819,29.51,31.12,5.344336379
SN,CS,siddi,1372,29.51,30.38,5.344336379
SN,CS,siddi,785,29.53,32.78,5.363984674
SN,CS,siddi,432,29.56,30.74,5.393457118
SN,CS,siddi,1368,29.57,29.73,5.403281265
SN,CS,siddi,362,29.59,32.96,5.422929561
SN,CS,siddi,597,29.59,34.7,5.422929561
SN,CS,siddi,300,29.61,32.72,5.442577856
SN,CS,siddi,609,29.61,31.16,5.442577856
SN,CS,siddi,866,29.61,29.56,5.442577856
SN,CS,siddi,1242,29.61,18.56,5.442577856
SN,CS,siddi,446,29.62,35.69,5.452402004
SN,CS,siddi,610,29.63,31.48,5.462226152
SN,CS,siddi,958,29.63,30.55,5.462226152
SN,CS,siddi,822,29.67,29.85,5.501522743
SN,CS,siddi,1246,29.68,24.89,5.511346891
SN,CS,siddi,1349,29.7,33.24,5.530995186
SN,CS,siddi,961,29.71,30.88,5.540819334
SN,CS,siddi,407,29.74,32.9,5.570291777
SN,CS,siddi,1367,29.74,30.18,5.570291777
SN,CS,siddi,449,29.77,35.84,5.59976422
SN,CS,siddi,520,29.77,33.39,5.59976422
SN,CS,siddi,521,29.77,33.39,5.59976422
SN,CS,siddi,578,29.79,33.96,5.619412516
SN,CS,siddi,744,29.79,30.86,5.619412516
SN,CS,siddi,820,29.79,31.36,5.619412516
SN,CS,siddi,682,29.8,32.91,5.629236664
SN,CS,siddi,1338,29.8,33.83,5.629236664
SN,CS,siddi,1160,29.81,24.45,5.639060811
SN,CS,siddi,371,29.83,33.19,5.658709107
SN,CS,siddi,517,29.83,34.85,5.658709107
SN,CS,siddi,656,29.83,35.08,5.658709107
SN,CS,siddi,1153,29.83,33.42,5.658709107
SN,CS,siddi,302,29.84,32.86,5.668533255
SN,CS,siddi,742,29.85,31.51,5.678357402
SN,CS,siddi,1363,29.85,28.74,5.678357402
SN,CS,siddi,963,29.86,31.34,5.68818155
SN,CS,siddi,1351,29.86,32.35,5.68818155
SN,CS,siddi,389,29.88,31.84,5.707829846
SN,CS,siddi,681,29.89,32.18,5.717653994
SN,CS,siddi,964,29.89,30.99,5.717653994
SN,CS,siddi,614,29.91,31.28,5.737302289
SN,CS,siddi,363,29.92,33.04,5.747126437
SN,CS,siddi,405,29.92,33.03,5.747126437
SN,CS,siddi,528,29.92,34.81,5.747126437
SN,CS,siddi,925,29.95,32.88,5.77659888
SN,CS,siddi,1330,29.95,29.34,5.77659888
SN,CS,siddi,777,29.96,31.63,5.786423028
SN,CS,siddi,1331,29.96,29.22,5.786423028
SN,CS,siddi,962,29.99,31.37,5.815895471
SN,CS,siddi,1339,29.99,33.31,5.815895471
SN,CS,siddi,480,30,34.62,5.825719619
SN,CS,siddi,1159,30,26.63,5.825719619
SN,CS,siddi,439,30.01,32.6,5.835543767
SN,CS,siddi,513,30.01,33.22,5.835543767
SN,CS,siddi,1059,30.02,30.41,5.845367914
SN,CS,siddi,1063,30.02,25.33,5.845367914
SN,CS,siddi,965,30.06,31.63,5.884664505
SN,CS,siddi,959,30.09,31.07,5.914136949
SN,CS,siddi,1348,30.09,33.89,5.914136949
SN,CS,siddi,1060,30.1,29.14,5.923961096
SN,CS,siddi,106,30.11,20.43,5.933785244
SN,CS,siddi,602,30.12,34.34,5.943609392
SN,CS,siddi,979,30.14,33.47,5.963257687
SN,CS,siddi,440,30.16,32.89,5.982905983
SN,CS,siddi,1345,30.16,35.87,5.982905983
SN,CS,siddi,967,30.17,31.22,5.992730131
SN,CS,siddi,518,30.19,35.02,6.012378426
SN,CS,siddi,522,30.19,34.12,6.012378426
SN,CS,siddi,459,30.2,36.06,6.022202574
SN,CS,siddi,476,30.2,36.03,6.022202574
SN,CS,siddi,1161,30.2,22.66,6.022202574
SN,CS,siddi,1253,30.2,23.61,6.022202574
SN,CS,siddi,1241,30.21,17.65,6.032026722
SN,CS,siddi,613,30.23,32.22,6.051675017
SN,CS,siddi,981,30.24,34.31,6.061499165
SN,CS,siddi,150,30.25,18.97,6.071323313
SN,CS,siddi,817,30.25,32.51,6.071323313
SN,CS,siddi,529,30.28,34.72,6.100795756
SN,CS,siddi,540,30.29,35.37,6.110619904
SN,CS,siddi,823,30.29,29.01,6.110619904
SN,CS,siddi,591,30.3,36.11,6.120444051
SN,CS,siddi,779,30.32,31.42,6.140092347
SN,CS,siddi,966,30.32,31.37,6.140092347
SN,CS,siddi,595,30.33,35.24,6.149916495
SN,CS,siddi,783,30.33,32.57,6.149916495
SN,CS,siddi,448,30.35,36.27,6.16956479
SN,CS,siddi,437,30.37,32.15,6.189213086
SN,CS,siddi,660,30.37,34.11,6.189213086
SN,CS,siddi,1366,30.37,29.73,6.189213086
SN,CS,siddi,408,30.38,33.31,6.199037234
SN,CS,siddi,604,30.38,32.91,6.199037234
SN,CS,siddi,635,30.39,34.17,6.208861381
SN,CS,siddi,786,30.4,32.36,6.218685529
SN,CS,siddi,903,30.4,35.02,6.218685529
SN,CS,siddi,470,30.43,36.05,6.248157972
SN,CS,siddi,391,30.44,31.27,6.25798212
SN,CS,siddi,526,30.44,34.81,6.25798212
SN,CS,siddi,782,30.44,31.13,6.25798212
SN,CS,siddi,592,30.45,35.97,6.267806268
SN,CS,siddi,677,30.48,32.78,6.297278711
SN,CS,siddi,1340,30.5,34.16,6.316927007
SN,CS,siddi,444,30.51,35.52,6.326751154
SN,CS,siddi,960,30.52,31.51,6.336575302
SN,CS,siddi,299,30.53,31.81,6.34639945
SN,CS,siddi,680,30.53,32.81,6.34639945
SN,CS,siddi,605,30.54,33.24,6.356223598
SN,CS,siddi,661,30.55,33.64,6.366047745
SN,CS,siddi,298,30.57,32.73,6.385696041
SN,CS,siddi,669,30.57,34.57,6.385696041
SN,CS,siddi,596,30.58,35.5,6.395520189
SN,CS,siddi,980,30.59,34.28,6.405344336
SN,CS,siddi,655,30.61,35.55,6.424992632
SN,CS,siddi,608,30.62,32.43,6.43481678
SN,CS,siddi,977,30.62,33.44,6.43481678
SN,CS,siddi,387,30.63,31.64,6.444640927
SN,CS,siddi,409,30.64,34.17,6.454465075
SN,CS,siddi,523,30.66,34.46,6.474113371
SN,CS,siddi,524,30.66,34.46,6.474113371
SN,CS,siddi,1379,30.66,28.72,6.474113371
SN,CS,siddi,436,30.68,32.45,6.493761666
SN,CS,siddi,795,30.69,32.45,6.503585814
SN,CS,siddi,474,30.7,36.59,6.513409962
SN,CS,siddi,1378,30.71,29.32,6.523234109
SN,CS,siddi,390,30.73,32.56,6.542882405
SN,CS,siddi,974,30.73,33.59,6.542882405
SN,CS,siddi,507,30.74,32.9,6.552706553
SN,CS,siddi,457,30.75,37.03,6.5625307
SN,CS,siddi,1064,30.75,23.92,6.5625307
SN,CS,siddi,392,30.76,31.9,6.572354848
SN,CS,siddi,607,30.8,33.08,6.611651439
SN,CS,siddi,525,30.81,35.17,6.621475587
SN,CS,siddi,530,30.81,35.27,6.621475587
SN,CS,siddi,505,30.87,32.87,6.680420474
SN,CS,siddi,506,30.87,32.56,6.680420474
SN,CS,siddi,745,30.87,32.14,6.680420474
SN,CS,siddi,796,30.87,32.56,6.680420474
SN,CS,siddi,374,30.88,33.94,6.690244621
SN,CS,siddi,438,30.9,33.01,6.709892917
SN,CS,siddi,442,30.93,34.94,6.73936536
SN,CS,siddi,1105,30.93,25.76,6.73936536
SN,CS,siddi,1341,30.93,34.11,6.73936536
SN,CS,siddi,794,30.94,33.23,6.749189508
SN,CS,siddi,441,30.95,33.88,6.759013656
SN,CS,siddi,388,30.97,32.05,6.778661951
SN,CS,siddi,611,30.97,32.82,6.778661951
SN,CS,siddi,146,30.98,17.55,6.788486099
SN,CS,siddi,1062,30.99,27.95,6.798310247
SN,CS,siddi,1344,31,36.01,6.808134394
SN,CS,siddi,679,31.01,33.03,6.817958542
SN,CS,siddi,975,31.03,34.17,6.837606838
SN,CS,siddi,410,31.04,34.34,6.847430985
SN,CS,siddi,443,31.04,35.01,6.847430985
SN,CS,siddi,402,31.05,33.64,6.857255133
SN,CS,siddi,662,31.06,34.82,6.867079281
SN,CS,siddi,378,31.07,34.18,6.876903429
SN,CS,siddi,606,31.07,34.02,6.876903429
SN,CS,siddi,1343,31.07,36.25,6.876903429
SN,CS,siddi,824,31.08,29.62,6.886727576
SN,CS,siddi,386,31.09,32,6.896551724
SN,CS,siddi,1061,31.09,28.45,6.896551724
SN,CS,siddi,369,31.1,32.76,6.906375872
SN,CS,siddi,858,31.11,23.87,6.91620002
SN,CS,siddi,816,31.12,33.66,6.926024167
SN,CS,siddi,475,31.16,36.49,6.965320758
SN,CS,siddi,793,31.16,34.14,6.965320758
SN,CS,siddi,924,31.17,33.8,6.975144906
SN,CS,siddi,593,31.18,36.48,6.984969054
SN,CS,siddi,612,31.18,32.52,6.984969054
SN,CS,siddi,376,31.19,34.26,6.994793202
SN,CS,siddi,450,31.19,36.87,6.994793202
SN,CS,siddi,766,31.19,34.38,6.994793202
SN,CS,siddi,814,31.19,34.74,6.994793202
SN,CS,siddi,667,31.21,35.35,7.014441497
SN,CS,siddi,668,31.21,35.35,7.014441497
SN,CS,siddi,365,31.25,32.34,7.053738088
SN,CS,siddi,792,31.27,33.36,7.073386384
SN,CS,siddi,976,31.27,34.85,7.073386384
SN,CS,siddi,400,31.31,34.09,7.112682975
SN,CS,siddi,778,31.33,32.02,7.13233127
SN,CS,siddi,787,31.33,32.68,7.13233127
SN,CS,siddi,1065,31.33,23.02,7.13233127
SN,CS,siddi,686,31.34,33.66,7.142155418
SN,CS,siddi,634,31.35,34.4,7.151979566
SN,CS,siddi,1342,31.35,35.45,7.151979566
SN,CS,siddi,767,31.36,33.63,7.161803714
SN,CS,siddi,364,31.39,33.2,7.191276157
SN,CS,siddi,508,31.39,33.05,7.191276157
SN,CS,siddi,375,31.4,34.34,7.201100305
SN,CS,siddi,758,31.45,34.57,7.250221043
SN,CS,siddi,532,31.46,35.05,7.260045191
SN,CS,siddi,789,31.47,33.18,7.269869339
SN,CS,siddi,401,31.48,34.08,7.279693487
SN,CS,siddi,451,31.48,37.39,7.279693487
SN,CS,siddi,379,31.5,34.21,7.299341782
SN,CS,siddi,791,31.51,32.97,7.30916593
SN,CS,siddi,393,31.52,32.55,7.318990078
SN,CS,siddi,456,31.52,37.43,7.318990078
SN,CS,siddi,284,31.53,20.31,7.328814225
SN,CS,siddi,368,31.54,32.29,7.338638373
SN,CS,siddi,773,31.54,33.06,7.338638373
SN,CS,siddi,813,31.56,34.93,7.358286669
SN,CS,siddi,1254,31.6,23.15,7.39758326
SN,CS,siddi,382,31.61,33.19,7.407407407
SN,CS,siddi,774,31.61,32.51,7.407407407
SN,CS,siddi,455,31.62,37.52,7.417231555
SN,CS,siddi,395,31.63,32.22,7.427055703
SN,CS,siddi,676,31.64,32.81,7.436879851
SN,CS,siddi,1162,31.66,21.21,7.456528146
SN,CS,siddi,978,31.69,33.2,7.486000589
SN,CS,siddi,670,31.7,34.72,7.495824737
SN,CS,siddi,385,31.71,32.35,7.505648885
SN,CS,siddi,458,31.72,37.45,7.515473033
SN,CS,siddi,664,31.73,35.5,7.52529718
SN,CS,siddi,377,31.74,34.93,7.535121328
SN,CS,siddi,776,31.74,32.69,7.535121328
SN,CS,siddi,1240,31.78,16.35,7.574417919
SN,CS,siddi,769,31.82,33.63,7.61371451
SN,CS,siddi,666,31.87,35.61,7.662835249
SN,CS,siddi,399,31.9,33.91,7.692307692
SN,CS,siddi,663,31.91,35.46,7.70213184
SN,CS,siddi,826,31.91,26.93,7.70213184
SN,CS,siddi,366,31.92,33.02,7.711955988
SN,CS,siddi,105,31.93,20.21,7.721780136
SN,CS,siddi,1376,31.96,30.48,7.751252579
SN,CS,siddi,1377,31.96,29.57,7.751252579
SN,CS,siddi,394,31.97,32.24,7.761076727
SN,CS,siddi,1066,31.98,23.54,7.770900874
SN,CS,siddi,674,31.99,34.06,7.780725022
SN,CS,siddi,151,32,18.75,7.79054917
SN,CS,siddi,746,32,31.61,7.79054917
SN,CS,siddi,384,32.02,33.21,7.810197465
SN,CS,siddi,1104,32.02,26.33,7.810197465
SN,CS,siddi,381,32.04,34.51,7.829845761
SN,CS,siddi,671,32.06,34.65,7.849494056
SN,CS,siddi,771,32.08,34.93,7.869142352
SN,CS,siddi,904,32.08,35.7,7.869142352
SN,CS,siddi,672,32.1,35.08,7.888790647
SN,CS,siddi,367,32.15,32.4,7.937911386
SN,CS,siddi,665,32.15,35.9,7.937911386
SN,CS,siddi,380,32.16,34.32,7.947735534
SN,CS,siddi,531,32.16,35.79,7.947735534
SN,CS,siddi,512,32.18,34.36,7.967383829
SN,CS,siddi,504,32.22,33.3,8.00668042
SN,CS,siddi,800,32.3,34.82,8.085273603
SN,CS,siddi,768,32.31,33.56,8.09509775
SN,CS,siddi,923,32.32,34.64,8.104921898
SN,CS,siddi,760,32.33,35.17,8.114746046
SN,CS,siddi,678,32.34,33.63,8.124570194
SN,CS,siddi,533,32.36,35.8,8.144218489
SN,CS,siddi,788,32.37,33.01,8.154042637
SN,CS,siddi,675,32.4,33.64,8.18351508
SN,CS,siddi,763,32.41,35.73,8.193339228
SN,CS,siddi,764,32.41,35.73,8.193339228
SN,CS,siddi,538,32.44,36.88,8.222811671
SN,CS,siddi,815,32.47,33.66,8.252284114
SN,CS,siddi,797,32.51,32.84,8.291580705
SN,CS,siddi,825,32.53,29.64,8.311229001
SN,CS,siddi,751,32.54,32.68,8.321053149
SN,CS,siddi,762,32.56,35.22,8.340701444
SN,CS,siddi,772,32.57,34.36,8.350525592
SN,CS,siddi,539,32.61,37.35,8.389822183
SN,CS,siddi,370,32.65,34.25,8.429118774
SN,CS,siddi,404,32.67,34.24,8.448767069
SN,CS,siddi,775,32.74,33.7,8.517536104
SN,CS,siddi,509,32.77,32.37,8.547008547
SN,CS,siddi,383,32.78,33.81,8.556832695
SN,CS,siddi,396,32.82,33.2,8.596129286
SN,CS,siddi,673,32.82,35.05,8.596129286
SN,CS,siddi,452,32.84,38.27,8.615777581
SN,CS,siddi,765,32.89,36.13,8.66489832
SN,CS,siddi,770,32.89,34.43,8.66489832
SN,CS,siddi,152,32.92,18.85,8.694370763
SN,CS,siddi,907,32.97,37.03,8.743491502
SN,CS,siddi,908,33,37.5,8.772963945
SN,CS,siddi,1375,33.01,30.47,8.782788093
SN,CS,siddi,1103,33.04,24.67,8.812260536
SN,CS,siddi,906,33.12,36.99,8.890853718
SN,CS,siddi,510,33.17,32.24,8.939974457
SN,CS,siddi,798,33.24,34.56,9.008743492
SN,CS,siddi,403,33.3,34.64,9.067688378
SN,CS,siddi,747,33.33,32.73,9.097160821
SN,CS,siddi,761,33.35,35.29,9.116809117
SN,CS,siddi,535,33.38,36.8,9.14628156
SN,CS,siddi,1373,33.4,30.67,9.165929856
SN,CS,siddi,759,33.41,36.18,9.175754003
SN,CS,siddi,757,33.42,36.35,9.185578151
SN,CS,siddi,812,33.42,36.17,9.185578151
SN,CS,siddi,905,33.45,37.01,9.215050594
SN,CS,siddi,104,33.46,20.27,9.224874742
SN,CS,siddi,748,33.47,33.59,9.23469889
SN,CS,siddi,537,33.5,37.21,9.264171333
SN,CS,siddi,755,33.54,35.43,9.303467924
SN,CS,siddi,534,33.57,36.72,9.332940367
SN,CS,siddi,857,33.61,23.74,9.372236958
SN,CS,siddi,536,33.62,37.08,9.382061106
SN,CS,siddi,808,33.66,35.86,9.421357697
SN,CS,siddi,810,33.66,35.86,9.421357697
SN,CS,siddi,909,33.67,38.04,9.431181845
SN,CS,siddi,1067,33.7,21.7,9.460654288
SN,CS,siddi,153,33.71,19.39,9.470478436
SN,CS,siddi,1374,33.77,31.21,9.529423323
SN,CS,siddi,1102,33.78,24.42,9.53924747
SN,CS,siddi,753,33.8,34.21,9.558895766
SN,CS,siddi,1239,33.81,15.48,9.568719914
SN,CS,siddi,811,33.82,36.59,9.578544061
SN,CS,siddi,454,33.91,39.03,9.666961391
SN,CS,siddi,750,33.92,33.05,9.676785539
SN,CS,siddi,922,33.97,35.47,9.725906278
SN,CS,siddi,1163,34.02,21.06,9.775027016
SN,CS,siddi,910,34.03,38.12,9.784851164
SN,CS,siddi,1068,34.15,22.46,9.902740937
SN,CS,siddi,103,34.26,20.6,10.01080656
SN,CS,siddi,801,34.28,36.03,10.03045486
SN,CS,siddi,799,34.34,35.15,10.08939974
SN,CS,siddi,804,34.34,36.74,10.08939974
SN,CS,siddi,1329,34.35,29.43,10.09922389
SN,CS,siddi,398,34.36,34.36,10.10904804
SN,CS,siddi,1255,34.37,24.51,10.11887219
SN,CS,siddi,827,34.4,27.09,10.14834463
SN,CS,siddi,749,34.43,34.24,10.17781707
SN,CS,siddi,1327,34.53,27.95,10.27605855
SN,CS,siddi,1069,34.56,22.69,10.305531
SN,CS,siddi,752,34.61,34.3,10.35465173
SN,CS,siddi,809,34.61,36.56,10.35465173
SN,CS,siddi,283,34.62,20.8,10.36447588
SN,CS,siddi,756,34.63,35.34,10.37430003
SN,CS,siddi,1101,34.73,24.43,10.47254151
SN,CS,siddi,1328,34.77,28.71,10.5118381
SN,CS,siddi,453,34.87,39.47,10.61007958
SN,CS,siddi,919,34.88,36.18,10.61990372
SN,CS,siddi,397,34.92,34.56,10.65920031
SN,CS,siddi,754,34.93,35.53,10.66902446
SN,CS,siddi,921,34.94,35.15,10.67884861
SN,CS,siddi,511,34.99,33.96,10.72796935
SN,CS,siddi,802,35.11,36.78,10.84585912
SN,CS,siddi,1326,35.13,27.86,10.86550742
SN,CS,siddi,806,35.24,36.88,10.97357304
SN,CS,siddi,807,35.24,36.88,10.97357304
SN,CS,siddi,1070,35.45,23.26,11.17988015
SN,CS,siddi,1238,35.46,15,11.18970429
SN,CS,siddi,917,35.56,37.34,11.28794577
SN,CS,siddi,805,35.64,37.47,11.36653895
SN,CS,siddi,920,35.64,35.72,11.36653895
SN,CS,siddi,828,35.67,26.95,11.3960114
SN,CS,siddi,803,35.73,36.44,11.45495628
SN,CS,siddi,856,35.74,23.36,11.46478043
SN,CS,siddi,918,35.89,37.01,11.61214265
SN,CS,siddi,102,36.07,21.37,11.78897731
SN,CS,siddi,1100,36.14,24.58,11.85774634
SN,CS,siddi,1099,36.18,24.93,11.89704293
SN,CS,siddi,911,36.25,39.01,11.96581197
SN,CS,siddi,1098,36.25,22.83,11.96581197
SN,CS,siddi,154,36.38,20.26,12.09352589
SN,CS,siddi,282,36.53,21.33,12.2408881
SN,CS,siddi,1237,37.13,13.43,12.83033697
SN,CS,siddi,912,37.3,39.75,12.99734748
SN,CS,siddi,100,37.43,21.95,13.1250614
SN,CS,siddi,108,37.51,24.13,13.20365458
SN,CS,siddi,1164,37.68,20.62,13.37066509
SN,CS,siddi,281,37.89,22.26,13.5769722
SN,CS,siddi,101,38.09,22.08,13.77345515
SN,CS,siddi,914,38.18,39.53,13.86187248
SN,CS,siddi,1097,38.2,24.25,13.88152078
SN,CS,siddi,1071,38.27,22.69,13.95028981
SN,CS,siddi,155,38.35,20.88,14.02888299
SN,CS,siddi,915,38.62,40.13,14.29413498
SN,CS,siddi,1256,38.69,21.23,14.36290402
SN,CS,siddi,913,38.77,39.82,14.4414972
SN,CS,siddi,1072,38.87,23.83,14.53973868
SN,CS,siddi,916,38.95,39.6,14.61833186
SN,CS,siddi,1096,39.49,24.79,15.14883584
SN,CS,siddi,280,39.53,23,15.18813243
SN,CS,siddi,829,39.56,25.8,15.21760487
SN,CS,siddi,1073,39.74,24.73,15.39443953
SN,CS,siddi,1257,39.84,21.42,15.49268101
SN,CS,siddi,99,39.96,22.9,15.61057078
SN,CS,siddi,109,40.18,24.96,15.82670203
SN,CS,siddi,145,40.24,20.02,15.88564692
SN,CS,siddi,1165,40.29,20.25,15.93476766
SN,CS,siddi,1075,40.47,23.96,16.11160232
SN,CS,siddi,1325,40.49,27.16,16.13125061
SN,CS,siddi,1074,40.58,24.09,16.21966794
SN,CS,siddi,1236,40.7,13.01,16.33755772
SN,CS,siddi,156,40.74,21.87,16.37685431
SN,CS,siddi,1258,40.88,22.99,16.51439238
SN,CS,siddi,855,40.95,23.58,16.58316141
SN,CS,siddi,279,41.98,24.36,17.59504863
SN,CS,siddi,1076,42.02,24.78,17.63434522
SN,CS,siddi,1259,42.12,24.04,17.7325867
SN,CS,siddi,98,42.13,23.82,17.74241085
SN,CS,siddi,144,42.56,20.14,18.1648492
SN,CS,siddi,278,42.79,24.9,18.3908046
SN,CS,siddi,1095,42.79,24.39,18.3908046
SN,CS,siddi,97,42.96,23.98,18.55781511
SN,CS,siddi,1235,43,13.04,18.5971117
SN,CS,siddi,1324,43.43,27.44,19.01955005
SN,CS,siddi,1166,43.44,19.9,19.0293742
SN,CS,siddi,143,43.6,20.19,19.18656057
SN,CS,siddi,854,43.74,23.37,19.32409863
SN,CS,siddi,1077,43.88,24.23,19.4616367
SN,CS,siddi,1078,44.08,25.19,19.65811966
SN,CS,siddi,830,44.1,26.35,19.67776795
SN,CS,siddi,1260,44.25,24.53,19.82513017
SN,CS,siddi,110,44.45,25.83,20.02161313
SN,CS,siddi,1094,44.47,24.89,20.04126142
SN,CS,siddi,157,44.51,23.12,20.08055801
SN,CS,siddi,1093,44.72,24.88,20.28686511
SN,CS,siddi,96,44.78,24.6,20.34581
SN,CS,siddi,1261,45.82,25.16,21.36752137
SN,CS,siddi,1092,46.32,24.93,21.85872876
SN,CS,siddi,158,46.63,24.02,22.16327734
SN,CS,siddi,111,46.72,26.67,22.25169467
SN,CS,siddi,277,46.86,26.66,22.38923273
SN,CS,siddi,1234,47.06,13.51,22.58571569
SN,CS,siddi,1323,47.2,28.22,22.72325376
SN,CS,siddi,1079,47.24,25.01,22.76255035
SN,CS,siddi,142,47.66,22.91,23.17516455
SN,CS,siddi,95,47.72,26.51,23.23410944
SN,CS,siddi,853,48.17,23.89,23.67619609
SN,CS,siddi,1091,48.62,24.44,24.11828274
SN,CS,siddi,1233,48.88,13.23,24.37371058
SN,CS,siddi,1167,49.11,19.66,24.59966598
SN,CS,siddi,1321,49.41,29.32,24.89439041
SN,CS,siddi,1080,49.81,24.78,25.28735632
SN,CS,siddi,1262,50.02,26,25.49366342
SN,CS,siddi,276,50.03,27.97,25.50348757
SN,CS,siddi,1322,50.04,29.06,25.51331172
SN,CS,siddi,1090,50.08,25.42,25.55260831
SN,CS,siddi,94,50.35,28.2,25.8178603
SN,CS,siddi,852,50.35,24.6,25.8178603
SN,CS,siddi,141,51,23.65,26.4564299
SN,CS,siddi,93,51.07,28.52,26.52519894
SN,CS,siddi,1084,51.12,23.77,26.57431968
SN,CS,siddi,831,51.19,26.14,26.64308871
SN,CS,siddi,275,51.28,28.38,26.73150604
SN,CS,siddi,1083,51.79,24.57,27.23253758
SN,CS,siddi,1085,52.34,23.54,27.7728657
SN,CS,siddi,851,52.53,25.6,27.95952451
SN,CS,siddi,1320,52.71,29.35,28.13635917
SN,CS,siddi,1088,52.77,24.61,28.19530406
SN,CS,siddi,850,52.84,24.73,28.26407309
SN,CS,siddi,1089,52.89,24.79,28.31319383
SN,CS,siddi,1232,53.09,13.42,28.50967679
SN,CS,siddi,1168,53.31,18.39,28.72580804
SN,CS,siddi,188,53.7,30.25,29.1089498
SN,CS,siddi,1086,53.86,24.28,29.26613616
SN,CS,siddi,1319,54.09,29.85,29.49209156
SN,CS,siddi,1263,54.19,27.38,29.59033304
SN,CS,siddi,849,54.29,25.02,29.68857452
SN,CS,siddi,187,54.33,30.61,29.72787111
SN,CS,siddi,189,54.33,30.61,29.72787111
SN,CS,siddi,1082,54.38,25.5,29.77699185
SN,CS,siddi,1,54.52,28.61,29.91452991
SN,CS,siddi,1081,54.59,25.11,29.98329895
SN,CS,siddi,193,54.79,30.7,30.1797819
SN,CS,siddi,848,55.05,26.04,30.43520975
SN,CS,siddi,185,55.18,30.92,30.56292367
SN,CS,siddi,186,55.18,30.92,30.56292367
SN,CS,siddi,832,55.32,26.31,30.70046173
SN,CS,siddi,192,55.43,30.91,30.80852736
SN,CS,siddi,112,55.5,28.78,30.87729639
SN,CS,siddi,1087,55.61,23.45,30.98536202
SN,CS,siddi,190,55.67,31.18,31.04430691
SN,CS,siddi,159,55.87,29.33,31.24078986
SN,CS,siddi,198,55.93,31.3,31.29973475
SN,CS,siddi,184,56.09,31.32,31.45692111
SN,CS,siddi,196,56.11,31.22,31.47656941
SN,CS,siddi,191,56.12,31.28,31.48639356
SN,CS,siddi,194,56.12,31.28,31.48639356
SN,CS,siddi,180,56.35,31.37,31.71234895
SN,CS,siddi,274,56.4,31.24,31.76146969
SN,CS,siddi,181,56.45,31.46,31.81059043
SN,CS,siddi,197,56.57,31.51,31.9284802
SN,CS,siddi,201,56.61,31.58,31.9677768
SN,CS,siddi,202,56.62,31.51,31.97760094
SN,CS,siddi,203,56.62,31.51,31.97760094
SN,CS,siddi,182,56.78,31.54,32.13478731
SN,CS,siddi,183,56.78,31.54,32.13478731
SN,CS,siddi,199,56.89,31.71,32.24285293
SN,CS,siddi,1169,56.89,17.53,32.24285293
SN,CS,siddi,200,57.26,31.79,32.6063464
SN,CS,siddi,179,57.36,31.8,32.70458788
SN,CS,siddi,1318,57.6,30.83,32.94036742
SN,CS,siddi,195,57.7,31.84,33.0386089
SN,CS,siddi,1231,57.75,14.1,33.08772964
SN,CS,siddi,140,57.87,23.21,33.20561941
SN,CS,siddi,846,58.2,27.01,33.52981629
SN,CS,siddi,847,58.3,26.53,33.62805777
SN,CS,siddi,204,58.41,32.16,33.73612339
SN,CS,siddi,90,58.57,32.25,33.89330976
SN,CS,siddi,2,58.59,30.73,33.91295805
SN,CS,siddi,177,58.64,32.33,33.96207879
SN,CS,siddi,205,59.05,32.52,34.36486885
SN,CS,siddi,178,59.09,32.46,34.40416544
SN,CS,siddi,176,59.16,32.51,34.47293447
SN,CS,siddi,88,59.22,32.6,34.53187936
SN,CS,siddi,91,59.38,32.64,34.68906572
SN,CS,siddi,92,59.38,32.64,34.68906572
SN,CS,siddi,87,59.5,32.8,34.8069555
SN,CS,siddi,89,59.56,32.67,34.86590038
SN,CS,siddi,170,59.6,32.51,34.90519697
SN,CS,siddi,833,59.6,27.3,34.90519697
SN,CS,siddi,173,59.62,32.63,34.92484527
SN,CS,siddi,175,59.62,32.63,34.92484527
SN,CS,siddi,174,59.69,32.71,34.9936143
SN,CS,siddi,171,59.72,32.54,35.02308675
SN,CS,siddi,172,59.72,32.54,35.02308675
SN,CS,siddi,169,59.82,31.96,35.12132822
SN,CS,siddi,206,59.94,32.92,35.239218
SN,CS,siddi,79,60,32.81,35.29816288
SN,CS,siddi,1317,60.06,31.79,35.35710777
SN,CS,siddi,82,60.08,32.95,35.37675607
SN,CS,siddi,85,60.17,33.07,35.4651734
SN,CS,siddi,86,60.17,33.07,35.4651734
SN,CS,siddi,845,60.29,27.04,35.58306317
SN,CS,siddi,207,60.39,33.05,35.68130465
SN,CS,siddi,78,60.59,32.92,35.8777876
SN,CS,siddi,168,60.77,32.39,36.05462226
SN,CS,siddi,80,61.08,33.26,36.35917084
SN,CS,siddi,83,61.18,33.4,36.45741232
SN,CS,siddi,84,61.18,33.4,36.45741232
SN,CS,siddi,81,61.2,33.34,36.47706061
SN,CS,siddi,1316,61.23,31.16,36.50653306
SN,CS,siddi,1170,61.42,16.96,36.69319187
SN,CS,siddi,1230,61.51,15.49,36.7816092
SN,CS,siddi,167,61.54,32.48,36.81108164
SN,CS,siddi,161,61.59,32.22,36.86020238
SN,CS,siddi,113,61.77,29.92,37.03703704
SN,CS,siddi,160,61.81,32.62,37.07633363
SN,CS,siddi,4,61.86,32.96,37.12545437
SN,CS,siddi,844,61.93,27.73,37.1942234
SN,CS,siddi,220,61.98,33.44,37.24334414
SN,CS,siddi,162,62.03,32.36,37.29246488
SN,CS,siddi,164,62.03,32.36,37.29246488
SN,CS,siddi,165,62.03,32.36,37.29246488
SN,CS,siddi,166,62.03,32.36,37.29246488
SN,CS,siddi,56,62.05,33.35,37.31211317
SN,CS,siddi,208,62.07,33.61,37.33176147
SN,CS,siddi,77,62.1,33.56,37.36123391
SN,CS,siddi,22,62.37,33.59,37.6264859
SN,CS,siddi,221,62.46,33.65,37.71490323
SN,CS,siddi,222,62.46,33.65,37.71490323
SN,CS,siddi,6,62.51,33.08,37.76402397
SN,CS,siddi,209,62.65,33.96,37.90156204
SN,CS,siddi,272,62.65,33.6,37.90156204
SN,CS,siddi,24,62.67,33.59,37.92121034
SN,CS,siddi,76,62.71,33.77,37.96050693
SN,CS,siddi,55,62.79,33.58,38.03910011
SN,CS,siddi,13,62.82,33.28,38.06857255
SN,CS,siddi,14,62.82,33.28,38.06857255
SN,CS,siddi,21,62.84,33.96,38.08822085
SN,CS,siddi,3,62.97,33.3,38.21593477
SN,CS,siddi,7,62.97,33.3,38.21593477
SN,CS,siddi,23,62.97,33.8,38.21593477
SN,CS,siddi,163,63.06,32.81,38.3043521
SN,CS,siddi,273,63.13,33.72,38.37312113
SN,CS,siddi,843,63.14,28.28,38.38294528
SN,CS,siddi,5,63.22,33.45,38.46153846
SN,CS,siddi,264,63.22,33.99,38.46153846
SN,CS,siddi,265,63.22,33.99,38.46153846
SN,CS,siddi,212,63.32,34.22,38.55977994
SN,CS,siddi,12,63.34,33.61,38.57942823
SN,CS,siddi,75,63.36,33.99,38.59907653
SN,CS,siddi,257,63.37,34.25,38.60890068
SN,CS,siddi,19,63.39,34.03,38.62854897
SN,CS,siddi,20,63.39,34.03,38.62854897
SN,CS,siddi,216,63.51,34.17,38.74643875
SN,CS,siddi,9,63.52,33.53,38.75626289
SN,CS,siddi,261,63.56,34.06,38.79555949
SN,CS,siddi,15,63.59,33.39,38.82503193
SN,CS,siddi,17,63.59,33.39,38.82503193
SN,CS,siddi,74,63.65,33.86,38.88397682
SN,CS,siddi,263,63.66,34.18,38.89380096
SN,CS,siddi,53,63.67,33.99,38.90362511
SN,CS,siddi,54,63.67,33.99,38.90362511
SN,CS,siddi,268,63.68,34.13,38.91344926
SN,CS,siddi,219,63.7,34.07,38.93309755
SN,CS,siddi,8,63.71,33.67,38.9429217
SN,CS,siddi,25,63.81,34.06,39.04116318
SN,CS,siddi,57,63.86,33.97,39.09028392
SN,CS,siddi,211,63.91,34.43,39.13940466
SN,CS,siddi,10,63.99,33.74,39.21799784
SN,CS,siddi,223,64.08,34.3,39.30641517
SN,CS,siddi,271,64.1,34.08,39.32606346
SN,CS,siddi,262,64.13,34.37,39.35553591
SN,CS,siddi,217,64.16,34.42,39.38500835
SN,CS,siddi,218,64.16,34.42,39.38500835
SN,CS,siddi,18,64.21,34.11,39.43412909
SN,CS,siddi,259,64.24,34.47,39.46360153
SN,CS,siddi,225,64.39,34.12,39.61096375
SN,CS,siddi,270,64.46,34.26,39.67973278
SN,CS,siddi,72,64.48,33.94,39.69938108
SN,CS,siddi,210,64.51,34.56,39.72885352
SN,CS,siddi,52,64.57,34.12,39.78779841
SN,CS,siddi,58,64.58,34.07,39.79762256
SN,CS,siddi,59,64.58,34.07,39.79762256
SN,CS,siddi,61,64.58,34.07,39.79762256
SN,CS,siddi,62,64.58,34.07,39.79762256
SN,CS,siddi,258,64.64,34.7,39.85656744
SN,CS,siddi,1229,64.67,15.78,39.88603989
SN,CS,siddi,235,64.72,33.52,39.93516062
SN,CS,siddi,269,64.74,34.43,39.95480892
SN,CS,siddi,26,64.79,34.61,40.00392966
SN,CS,siddi,63,64.79,34.26,40.00392966
SN,CS,siddi,1315,64.79,31.79,40.00392966
SN,CS,siddi,215,64.8,34.48,40.01375381
SN,CS,siddi,253,64.88,34.8,40.09234699
SN,CS,siddi,254,64.88,34.8,40.09234699
SN,CS,siddi,224,64.9,34.32,40.11199528
SN,CS,siddi,842,64.91,28.04,40.12181943
SN,CS,siddi,1264,64.94,29.49,40.15129188
SN,CS,siddi,239,65.03,34.02,40.23970921
SN,CS,siddi,240,65.03,34.02,40.23970921
SN,CS,siddi,255,65.05,34.86,40.2593575
SN,CS,siddi,266,65.05,34.58,40.2593575
SN,CS,siddi,34,65.12,34.32,40.32812654
SN,CS,siddi,35,65.12,34.32,40.32812654
SN,CS,siddi,267,65.15,34.62,40.35759898
SN,CS,siddi,73,65.21,34.17,40.41654386
SN,CS,siddi,213,65.25,34.83,40.45584046
SN,CS,siddi,64,65.28,34.51,40.4853129
SN,CS,siddi,1171,65.38,16.48,40.58355438
SN,CS,siddi,256,65.4,34.93,40.60320267
SN,CS,siddi,16,65.45,34.09,40.65232341
SN,CS,siddi,67,65.45,34.54,40.65232341
SN,CS,siddi,241,65.54,34.22,40.74074074
SN,CS,siddi,260,65.55,34.73,40.75056489
SN,CS,siddi,71,65.6,34.4,40.79968563
SN,CS,siddi,238,65.74,34.13,40.9372237
SN,CS,siddi,11,65.77,34.4,40.96669614
SN,CS,siddi,41,65.8,34.49,40.99616858
SN,CS,siddi,233,65.87,34.17,41.06493762
SN,CS,siddi,114,65.96,29.74,41.15335495
SN,CS,siddi,214,65.97,34.94,41.16317909
SN,CS,siddi,33,66.05,34.39,41.24177228
SN,CS,siddi,242,66.09,34.43,41.28106887
SN,CS,siddi,36,66.22,34.37,41.40878279
SN,CS,siddi,252,66.28,35.23,41.46772767
SN,CS,siddi,1265,66.42,29.03,41.60526574
SN,CS,siddi,226,66.51,34.65,41.69368307
SN,CS,siddi,48,66.53,35.16,41.71333137
SN,CS,siddi,51,66.53,34.67,41.71333137
SN,CS,siddi,68,66.54,34.99,41.72315552
SN,CS,siddi,1314,66.54,32.49,41.72315552
SN,CS,siddi,60,66.56,34.56,41.74280381
SN,CS,siddi,234,66.57,34.23,41.75262796
SN,CS,siddi,236,66.57,34.23,41.75262796
SN,CS,siddi,249,66.68,34.62,41.86069358
SN,CS,siddi,841,66.74,28.34,41.91963847
SN,CS,siddi,46,66.79,34.88,41.96875921
SN,CS,siddi,70,66.8,34.82,41.97858336
SN,CS,siddi,27,66.81,35.2,41.98840751
SN,CS,siddi,45,66.81,34.93,41.98840751
SN,CS,siddi,251,66.83,34.72,42.0080558
SN,CS,siddi,38,67.01,34.97,42.18489046
SN,CS,siddi,40,67.01,34.97,42.18489046
SN,CS,siddi,227,67.01,34.17,42.18489046
SN,CS,siddi,49,67.25,35.27,42.42067001
SN,CS,siddi,32,67.27,34.87,42.4403183
SN,CS,siddi,65,67.37,35.08,42.53855978
SN,CS,siddi,66,67.37,35.08,42.53855978
SN,CS,siddi,69,67.37,35.08,42.53855978
SN,CS,siddi,50,67.55,35.11,42.71539444
SN,CS,siddi,43,67.58,35.16,42.74486688
SN,CS,siddi,44,67.58,35.16,42.74486688
SN,CS,siddi,139,67.62,27.24,42.78416347
SN,CS,siddi,231,67.63,34.36,42.79398762
SN,CS,siddi,244,67.63,35,42.79398762
SN,CS,siddi,248,67.92,34.89,43.07888791
SN,CS,siddi,37,67.95,35.04,43.10836035
SN,CS,siddi,39,67.95,35.04,43.10836035
SN,CS,siddi,47,68.01,35.5,43.16730524
SN,CS,siddi,228,68.07,34.75,43.22625012
SN,CS,siddi,229,68.07,34.75,43.22625012
SN,CS,siddi,230,68.07,34.75,43.22625012
SN,CS,siddi,237,68.07,34.75,43.22625012
SN,CS,siddi,1266,68.16,29.55,43.31466745
SN,CS,siddi,232,68.21,34.79,43.36378819
SN,CS,siddi,243,68.22,35.15,43.37361234
SN,CS,siddi,245,68.22,35.15,43.37361234
SN,CS,siddi,250,68.31,35.13,43.46202967
SN,CS,siddi,247,68.33,35.06,43.48167796
SN,CS,siddi,42,68.51,35.23,43.65851262
SN,CS,siddi,246,68.94,35.27,44.08095098
SN,CS,siddi,840,69.02,28.54,44.15954416
SN,CS,siddi,28,69.03,35.78,44.16936831
SN,CS,siddi,1313,69.11,33.17,44.24796149
SN,CS,siddi,834,69.21,28.06,44.34620297
SN,CS,siddi,30,69.32,35.59,44.45426859
SN,CS,siddi,31,69.32,35.59,44.45426859
SN,CS,siddi,29,69.57,35.63,44.69987229
SN,CS,siddi,1198,70.11,13.44,45.23037626
SN,CS,siddi,1228,70.19,17.21,45.30896945
SN,CS,siddi,1199,70.31,13.75,45.42685922
SN,CS,siddi,1197,70.36,13.31,45.47597996
SN,CS,siddi,1196,70.57,13.2,45.68228706
SN,CS,siddi,1267,70.64,29.73,45.7510561
SN,CS,siddi,1200,70.75,14.25,45.85912172
SN,CS,siddi,1172,70.93,16.19,46.03595638
SN,CS,siddi,1195,70.98,13.19,46.08507712
SN,CS,siddi,1194,71.59,13.27,46.68435013
SN,CS,siddi,835,71.69,28.36,46.78259161
SN,CS,siddi,1201,71.8,14.92,46.89065724
SN,CS,siddi,138,71.83,27.56,46.92012968
SN,CS,siddi,838,72.31,29.04,47.39168877
SN,CS,siddi,839,72.39,28.97,47.47028195
SN,CS,siddi,1193,72.4,13.41,47.4801061
SN,CS,siddi,836,72.44,28.77,47.51940269
SN,CS,siddi,837,72.51,28.82,47.58817173
SN,CS,siddi,1202,73.1,15.75,48.16779644
SN,CS,siddi,1268,73.27,29.82,48.33480696
SN,CS,siddi,1192,73.4,13.63,48.46252088
SN,CS,siddi,1312,73.8,33.99,48.85548679
SN,CS,siddi,1203,74.76,16.74,49.79860497
SN,CS,siddi,1191,75.14,14.13,50.17192259
SN,CS,siddi,1269,76.19,29.89,51.2034581
SN,CS,siddi,115,76.82,33.35,51.82237941
SN,CS,siddi,1204,76.83,17.9,51.83220356
SN,CS,siddi,1190,77.34,14.64,52.33323509
SN,CS,siddi,1227,77.45,19.08,52.44130072
SN,CS,siddi,1311,78.13,34.47,53.10934276
SN,CS,siddi,1189,78.89,15.04,53.85597799
SN,CS,siddi,137,79.17,29.13,54.13105413
SN,CS,siddi,1173,79.25,16.88,54.20964731
SN,CS,siddi,1188,81.69,15.71,56.60673937
SN,CS,siddi,1310,82.2,35.53,57.1077709
SN,CS,siddi,1205,82.55,19.68,57.45161607
SN,CS,siddi,1270,82.59,30.99,57.49091266
SN,CS,siddi,116,83.01,33.2,57.90352687
SN,CS,siddi,1226,84,20.53,58.8761175
SN,CS,siddi,1187,84.08,16.38,58.95471068
SN,CS,siddi,1206,85.32,20.85,60.172905
SN,CS,siddi,1309,85.68,36.13,60.52657432
SN,CS,siddi,1300,86.02,33.09,60.86059534
SN,CS,siddi,1299,87.21,33.09,62.02966893
SN,CS,siddi,117,87.37,33.81,62.18685529
SN,CS,siddi,1186,87.6,17.21,62.41281069
SN,CS,siddi,1174,87.87,17.72,62.67806268
SN,CS,siddi,1308,88.41,35.05,63.20856666
SN,CS,siddi,1307,88.53,34.7,63.32645643
SN,CS,siddi,1271,88.56,32.12,63.35592887
SN,CS,siddi,1225,88.86,22.6,63.65065331
SN,CS,siddi,1303,88.99,34.5,63.77836723
SN,CS,siddi,1298,89.08,32.88,63.86678456
SN,CS,siddi,1302,89.92,34.8,64.69201297
SN,CS,siddi,136,90.12,31.17,64.88849592
SN,CS,siddi,1185,90.13,17.86,64.89832007
SN,CS,siddi,1306,90.64,35.27,65.39935161
SN,CS,siddi,118,90.68,34.62,65.4386482
SN,CS,siddi,120,90.96,33.86,65.71372433
SN,CS,siddi,119,91.62,34.55,66.36211809
SN,CS,siddi,1304,91.77,35.03,66.5094803
SN,CS,siddi,1184,91.84,17.92,66.57824934
SN,CS,siddi,1301,91.9,34.13,66.63719422
SN,CS,siddi,1224,92.85,23.71,67.57048826
SN,CS,siddi,1297,93.21,32.22,67.92415758
SN,CS,siddi,1175,93.31,17.97,68.02239906
SN,CS,siddi,1305,93.4,35.95,68.11081639
SN,CS,siddi,1272,94.12,32.87,68.81815503
SN,CS,siddi,135,94.9,32.3,69.58443855
SN,CS,siddi,1183,95.13,18.11,69.81039395
SN,CS,siddi,1207,95.71,23.71,70.38019452
SN,CS,siddi,1296,98.47,32.51,73.0916593
SN,CS,siddi,1182,98.61,18.41,73.22919737
SN,CS,siddi,133,98.88,33.08,73.49444936
SN,CS,siddi,1281,98.94,34.47,73.55339424
SN,CS,siddi,134,99.1,33.13,73.71058061
SN,CS,siddi,1279,99.18,33.86,73.78917379
SN,CS,siddi,1273,100.49,33.44,75.07613715
SN,CS,siddi,1282,100.56,34.91,75.14490618
SN,CS,siddi,121,100.64,34.19,75.22349936
SN,CS,siddi,1280,100.69,33.51,75.2726201
SN,CS,siddi,1283,100.73,34.08,75.31191669
SN,CS,siddi,1274,100.77,33.39,75.35121328
SN,CS,siddi,1275,101.07,33.58,75.64593771
SN,CS,siddi,1290,101.07,33.48,75.64593771
SN,CS,siddi,1289,101.12,33.57,75.69505845
SN,CS,siddi,1295,101.85,33.4,76.41222124
SN,CS,siddi,1286,102.25,34.47,76.80518715
SN,CS,siddi,1176,102.63,18.59,77.17850476
SN,CS,siddi,1285,102.67,34.11,77.21780136
SN,CS,siddi,1276,102.83,34.4,77.37498772
SN,CS,siddi,1278,102.84,34.15,77.38481187
SN,CS,siddi,1287,103.14,34.15,77.6795363
SN,CS,siddi,1284,103.47,33.92,78.00373318
SN,CS,siddi,1208,103.51,26.2,78.04302977
SN,CS,siddi,1288,103.54,33.88,78.07250221
SN,CS,siddi,1291,104.11,33.78,78.63247863
SN,CS,siddi,1277,104.35,34.43,78.86825818
SN,CS,siddi,1292,104.62,33.63,79.13351017
SN,CS,siddi,1293,105.34,34.08,79.84084881
SN,CS,siddi,1294,106.27,34.5,80.75449455
SN,CS,siddi,1181,106.78,18.95,81.25552608
SN,CS,siddi,122,107.21,35.27,81.67796444
SN,CS,siddi,1223,110.6,28.59,85.00835053
SN,CS,siddi,123,111.33,35.92,85.72551331
SN,CS,siddi,1180,111.66,19.34,86.04971019
SN,CS,siddi,132,112.74,36.07,87.11071815
SN,CS,siddi,1209,113.08,29.66,87.44473917
SN,CS,siddi,124,114.21,36.48,88.55486787
SN,CS,siddi,127,114.28,36.54,88.6236369
SN,CS,siddi,125,114.32,36.58,88.66293349
SN,CS,siddi,126,114.46,36.77,88.80047156
SN,CS,siddi,128,114.67,36.53,89.00677866
SN,CS,siddi,129,114.81,36.71,89.14431673
SN,CS,siddi,130,114.83,36.62,89.16396503
SN,CS,siddi,1177,115.35,19.45,89.67482071
SN,CS,siddi,1222,116.17,30.8,90.48040083
SN,CS,siddi,131,116.49,36.69,90.79477355
SN,CS,siddi,1178,118.04,19.62,92.31751646
SN,CS,siddi,1179,118.04,19.62,92.31751646
SN,CS,siddi,1213,122.3,32.19,96.5026034
SN,CS,siddi,1214,122.3,32.19,96.5026034
SN,CS,siddi,1215,122.3,32.19,96.5026034
SN,CS,siddi,1216,123.78,32.48,97.95657727
SN,CS,siddi,1210,125.35,32.66,99.49896846
SN,CS,siddi,1211,125.35,32.66,99.49896846
SN,CS,siddi,1212,125.35,32.66,99.49896846
SN,CS,siddi,1217,125.86,32.92,100
SN,CS,siddi,1218,125.86,32.92,100
SN,CS,siddi,1219,125.86,32.92,100
SN,CS,siddi,1220,125.86,32.92,100
SN,CS,siddi,1221,125.86,32.92,100
