Text_Type,Book,Chapter,Window,Mean,StDev,Normalised Mean
SN,AH,nidana,63,5.32,2.45,0
SN,AH,nidana,67,5.34,2.49,0.16064257
SN,AH,nidana,66,5.44,2.55,0.963855422
SN,AH,nidana,65,5.48,2.47,1.285140562
SN,AH,nidana,1125,5.48,2.53,1.285140562
SN,AH,nidana,1130,5.52,2.44,1.606425703
SN,AH,nidana,68,5.53,2.48,1.686746988
SN,AH,nidana,321,5.53,2.39,1.686746988
SN,AH,nidana,968,5.56,2.59,1.927710843
SN,AH,nidana,554,5.61,2.47,2.329317269
SN,AH,nidana,555,5.61,2.32,2.329317269
SN,AH,nidana,1129,5.62,2.54,2.409638554
SN,AH,nidana,250,5.63,2.53,2.489959839
SN,AH,nidana,1184,5.64,2.36,2.570281124
SN,AH,nidana,256,5.65,2.73,2.65060241
SN,AH,nidana,807,5.66,2.52,2.730923695
SN,AH,nidana,1127,5.66,2.46,2.730923695
SN,AH,nidana,254,5.68,2.72,2.891566265
SN,AH,nidana,967,5.68,2.46,2.891566265
SN,AH,nidana,1183,5.68,2.35,2.891566265
SN,AH,nidana,553,5.69,2.5,2.97188755
SN,AH,nidana,1124,5.7,2.55,3.052208835
SN,AH,nidana,64,5.72,2.62,3.212851406
SN,AH,nidana,488,5.74,2.83,3.373493976
SN,AH,nidana,569,5.76,2.6,3.534136546
SN,AH,nidana,570,5.76,2.6,3.534136546
SN,AH,nidana,805,5.76,2.6,3.534136546
SN,AH,nidana,1131,5.76,2.49,3.534136546
SN,AH,nidana,1185,5.76,2.34,3.534136546
SN,AH,nidana,322,5.77,2.49,3.614457831
SN,AH,nidana,1163,5.77,2.7,3.614457831
SN,AH,nidana,664,5.78,2.59,3.694779116
SN,AH,nidana,1128,5.78,2.5,3.694779116
SN,AH,nidana,663,5.79,2.53,3.775100402
SN,AH,nidana,806,5.79,2.56,3.775100402
SN,AH,nidana,556,5.8,2.42,3.855421687
SN,AH,nidana,969,5.8,2.66,3.855421687
SN,AH,nidana,1126,5.81,2.49,3.935742972
SN,AH,nidana,1425,5.81,2.68,3.935742972
SN,AH,nidana,411,5.82,2.62,4.016064257
SN,AH,nidana,1155,5.82,2.73,4.016064257
SN,AH,nidana,320,5.84,2.44,4.176706827
SN,AH,nidana,325,5.84,2.64,4.176706827
SN,AH,nidana,500,5.84,2.41,4.176706827
SN,AH,nidana,1133,5.84,2.6,4.176706827
SN,AH,nidana,414,5.85,2.8,4.257028112
SN,AH,nidana,499,5.85,2.45,4.257028112
SN,AH,nidana,1182,5.86,2.39,4.337349398
SN,AH,nidana,148,5.87,2.49,4.417670683
SN,AH,nidana,412,5.87,2.82,4.417670683
SN,AH,nidana,497,5.88,2.62,4.497991968
SN,AH,nidana,137,5.89,2.61,4.578313253
SN,AH,nidana,253,5.89,2.67,4.578313253
SN,AH,nidana,498,5.89,2.54,4.578313253
SN,AH,nidana,808,5.89,2.59,4.578313253
SN,AH,nidana,255,5.9,2.84,4.658634538
SN,AH,nidana,1426,5.91,2.75,4.738955823
SN,AH,nidana,677,5.93,2.71,4.899598394
SN,AH,nidana,252,5.94,2.73,4.979919679
SN,AH,nidana,410,5.95,2.71,5.060240964
SN,AH,nidana,1397,5.96,2.54,5.140562249
SN,AH,nidana,144,5.99,2.7,5.381526104
SN,AH,nidana,147,5.99,2.59,5.381526104
SN,AH,nidana,319,5.99,2.46,5.381526104
SN,AH,nidana,489,5.99,2.79,5.381526104
SN,AH,nidana,145,6,2.65,5.46184739
SN,AH,nidana,487,6,2.94,5.46184739
SN,AH,nidana,136,6.02,2.81,5.62248996
SN,AH,nidana,413,6.02,2.94,5.62248996
SN,AH,nidana,809,6.02,2.53,5.62248996
SN,AH,nidana,1181,6.02,2.46,5.62248996
SN,AH,nidana,1214,6.02,2.64,5.62248996
SN,AH,nidana,810,6.04,2.52,5.78313253
SN,AH,nidana,251,6.05,2.69,5.863453815
SN,AH,nidana,571,6.05,2.65,5.863453815
SN,AH,nidana,1156,6.05,2.76,5.863453815
SN,AH,nidana,749,6.06,2.84,5.9437751
SN,AH,nidana,249,6.07,2.81,6.024096386
SN,AH,nidana,1118,6.08,2.69,6.104417671
SN,AH,nidana,55,6.1,2.9,6.265060241
SN,AH,nidana,146,6.1,2.71,6.265060241
SN,AH,nidana,566,6.1,2.63,6.265060241
SN,AH,nidana,1200,6.1,2.51,6.265060241
SN,AH,nidana,970,6.13,2.8,6.506024096
SN,AH,nidana,326,6.14,2.63,6.586345382
SN,AH,nidana,572,6.14,2.65,6.586345382
SN,AH,nidana,1134,6.15,2.76,6.666666667
SN,AH,nidana,248,6.16,2.81,6.746987952
SN,AH,nidana,1115,6.19,2.65,6.987951807
SN,AH,nidana,1396,6.19,2.55,6.987951807
SN,AH,nidana,323,6.21,2.59,7.148594378
SN,AH,nidana,741,6.24,2.99,7.389558233
SN,AH,nidana,1132,6.26,2.69,7.550200803
SN,AH,nidana,69,6.27,2.96,7.630522088
SN,AH,nidana,257,6.27,2.87,7.630522088
SN,AH,nidana,1297,6.27,2.97,7.630522088
SN,AH,nidana,54,6.28,2.99,7.710843373
SN,AH,nidana,139,6.28,2.81,7.710843373
SN,AH,nidana,675,6.28,2.94,7.710843373
SN,AH,nidana,676,6.28,2.94,7.710843373
SN,AH,nidana,1004,6.28,2.78,7.710843373
SN,AH,nidana,1164,6.28,2.85,7.710843373
SN,AH,nidana,138,6.29,2.82,7.791164659
SN,AH,nidana,557,6.29,2.53,7.791164659
SN,AH,nidana,1198,6.29,2.57,7.791164659
SN,AH,nidana,1202,6.29,2.54,7.791164659
SN,AH,nidana,1427,6.29,2.92,7.791164659
SN,AH,nidana,143,6.3,2.87,7.871485944
SN,AH,nidana,558,6.3,2.54,7.871485944
SN,AH,nidana,678,6.31,2.89,7.951807229
SN,AH,nidana,1098,6.31,2.68,7.951807229
SN,AH,nidana,1428,6.31,2.84,7.951807229
SN,AH,nidana,1509,6.31,2.61,7.951807229
SN,AH,nidana,452,6.32,2.59,8.032128514
SN,AH,nidana,1187,6.32,2.46,8.032128514
SN,AH,nidana,501,6.33,2.48,8.112449799
SN,AH,nidana,679,6.33,2.86,8.112449799
SN,AH,nidana,1002,6.33,2.82,8.112449799
SN,AH,nidana,70,6.34,2.88,8.192771084
SN,AH,nidana,409,6.34,2.85,8.192771084
SN,AH,nidana,492,6.34,2.81,8.192771084
SN,AH,nidana,142,6.35,2.92,8.273092369
SN,AH,nidana,840,6.35,2.72,8.273092369
SN,AH,nidana,1117,6.35,2.56,8.273092369
SN,AH,nidana,324,6.37,2.7,8.43373494
SN,AH,nidana,327,6.37,2.8,8.43373494
SN,AH,nidana,812,6.37,2.61,8.43373494
SN,AH,nidana,999,6.37,2.79,8.43373494
SN,AH,nidana,1153,6.37,2.87,8.43373494
SN,AH,nidana,1215,6.37,2.54,8.43373494
SN,AH,nidana,971,6.38,2.92,8.514056225
SN,AH,nidana,1188,6.38,2.53,8.514056225
SN,AH,nidana,1189,6.38,2.53,8.514056225
SN,AH,nidana,1190,6.38,2.61,8.514056225
SN,AH,nidana,843,6.39,2.86,8.59437751
SN,AH,nidana,844,6.39,2.81,8.59437751
SN,AH,nidana,568,6.4,2.68,8.674698795
SN,AH,nidana,1003,6.4,2.79,8.674698795
SN,AH,nidana,1212,6.4,2.83,8.674698795
SN,AH,nidana,1423,6.4,2.85,8.674698795
SN,AH,nidana,415,6.41,2.98,8.75502008
SN,AH,nidana,972,6.41,2.93,8.75502008
SN,AH,nidana,1199,6.41,2.58,8.75502008
SN,AH,nidana,276,6.42,2.9,8.835341365
SN,AH,nidana,483,6.42,3.1,8.835341365
SN,AH,nidana,496,6.42,2.77,8.835341365
SN,AH,nidana,929,6.42,3.1,8.835341365
SN,AH,nidana,1001,6.43,2.78,8.915662651
SN,AH,nidana,482,6.44,3.04,8.995983936
SN,AH,nidana,1213,6.45,2.89,9.076305221
SN,AH,nidana,1296,6.45,2.98,9.076305221
SN,AH,nidana,743,6.46,3.03,9.156626506
SN,AH,nidana,1101,6.46,2.79,9.156626506
SN,AH,nidana,490,6.47,2.93,9.236947791
SN,AH,nidana,928,6.47,3.12,9.236947791
SN,AH,nidana,1116,6.47,2.58,9.236947791
SN,AH,nidana,1154,6.47,2.94,9.236947791
SN,AH,nidana,804,6.48,2.86,9.317269076
SN,AH,nidana,1162,6.48,2.91,9.317269076
SN,AH,nidana,1424,6.48,2.85,9.317269076
SN,AH,nidana,715,6.49,2.75,9.397590361
SN,AH,nidana,966,6.49,2.31,9.397590361
SN,AH,nidana,1140,6.49,3.06,9.397590361
SN,AH,nidana,573,6.5,2.77,9.477911647
SN,AH,nidana,1151,6.5,3.02,9.477911647
SN,AH,nidana,1152,6.5,3,9.477911647
SN,AH,nidana,1398,6.5,2.68,9.477911647
SN,AH,nidana,714,6.51,2.69,9.558232932
SN,AH,nidana,1159,6.51,2.94,9.558232932
SN,AH,nidana,841,6.52,2.73,9.638554217
SN,AH,nidana,1112,6.52,2.79,9.638554217
SN,AH,nidana,246,6.53,2.91,9.718875502
SN,AH,nidana,748,6.53,3,9.718875502
SN,AH,nidana,813,6.53,2.56,9.718875502
SN,AH,nidana,998,6.53,2.83,9.718875502
SN,AH,nidana,1000,6.53,2.77,9.718875502
SN,AH,nidana,1157,6.53,2.96,9.718875502
SN,AH,nidana,141,6.54,2.81,9.799196787
SN,AH,nidana,803,6.54,2.87,9.799196787
SN,AH,nidana,62,6.55,2.77,9.879518072
SN,AH,nidana,502,6.55,2.46,9.879518072
SN,AH,nidana,1211,6.55,2.95,9.879518072
SN,AH,nidana,811,6.56,2.65,9.959839357
SN,AH,nidana,1113,6.56,2.75,9.959839357
SN,AH,nidana,448,6.57,2.81,10.04016064
SN,AH,nidana,716,6.57,2.64,10.04016064
SN,AH,nidana,742,6.57,3.1,10.04016064
SN,AH,nidana,1096,6.57,2.72,10.04016064
SN,AH,nidana,1192,6.57,2.57,10.04016064
SN,AH,nidana,318,6.58,2.55,10.12048193
SN,AH,nidana,842,6.58,2.84,10.12048193
SN,AH,nidana,1387,6.58,2.67,10.12048193
SN,AH,nidana,1389,6.58,2.69,10.12048193
SN,AH,nidana,152,6.59,2.81,10.20080321
SN,AH,nidana,258,6.59,2.97,10.20080321
SN,AH,nidana,1122,6.59,2.91,10.20080321
SN,AH,nidana,682,6.6,2.98,10.2811245
SN,AH,nidana,1111,6.6,2.87,10.2811245
SN,AH,nidana,53,6.61,3.08,10.36144578
SN,AH,nidana,1121,6.61,3.01,10.36144578
SN,AH,nidana,1165,6.61,2.82,10.36144578
SN,AH,nidana,1386,6.61,2.68,10.36144578
SN,AH,nidana,60,6.62,2.82,10.44176707
SN,AH,nidana,149,6.62,2.72,10.44176707
SN,AH,nidana,1209,6.62,2.87,10.44176707
SN,AH,nidana,1137,6.63,2.94,10.52208835
SN,AH,nidana,834,6.64,2.65,10.60240964
SN,AH,nidana,744,6.65,3,10.68273092
SN,AH,nidana,1239,6.65,2.51,10.68273092
SN,AH,nidana,681,6.66,3.09,10.76305221
SN,AH,nidana,1095,6.66,2.77,10.76305221
SN,AH,nidana,1123,6.66,2.85,10.76305221
SN,AH,nidana,1158,6.66,2.94,10.76305221
SN,AH,nidana,1094,6.67,2.81,10.84337349
SN,AH,nidana,1186,6.67,2.55,10.84337349
SN,AH,nidana,5,6.68,3.16,10.92369478
SN,AH,nidana,153,6.68,2.72,10.92369478
SN,AH,nidana,635,6.68,2.95,10.92369478
SN,AH,nidana,1099,6.68,2.84,10.92369478
SN,AH,nidana,1100,6.68,2.84,10.92369478
SN,AH,nidana,1201,6.68,2.79,10.92369478
SN,AH,nidana,154,6.7,2.65,11.08433735
SN,AH,nidana,662,6.7,2.64,11.08433735
SN,AH,nidana,1114,6.7,2.87,11.08433735
SN,AH,nidana,1369,6.7,2.51,11.08433735
SN,AH,nidana,59,6.71,2.8,11.16465863
SN,AH,nidana,845,6.71,2.96,11.16465863
SN,AH,nidana,317,6.72,2.72,11.24497992
SN,AH,nidana,854,6.72,2.97,11.24497992
SN,AH,nidana,491,6.73,2.87,11.3253012
SN,AH,nidana,495,6.73,2.94,11.3253012
SN,AH,nidana,965,6.73,2.4,11.3253012
SN,AH,nidana,1179,6.73,2.85,11.3253012
SN,AH,nidana,667,6.74,2.8,11.40562249
SN,AH,nidana,802,6.74,2.89,11.40562249
SN,AH,nidana,1005,6.74,2.77,11.40562249
SN,AH,nidana,1092,6.74,2.93,11.40562249
SN,AH,nidana,71,6.75,2.93,11.48594378
SN,AH,nidana,1136,6.76,3.07,11.56626506
SN,AH,nidana,450,6.77,2.88,11.64658635
SN,AH,nidana,1138,6.77,3.2,11.64658635
SN,AH,nidana,1139,6.77,3.2,11.64658635
SN,AH,nidana,277,6.78,3.02,11.72690763
SN,AH,nidana,1119,6.78,2.99,11.72690763
SN,AH,nidana,1120,6.78,2.99,11.72690763
SN,AH,nidana,399,6.79,2.8,11.80722892
SN,AH,nidana,449,6.79,2.93,11.80722892
SN,AH,nidana,565,6.79,2.8,11.80722892
SN,AH,nidana,1394,6.79,2.76,11.80722892
SN,AH,nidana,579,6.8,2.95,11.8875502
SN,AH,nidana,750,6.8,3.14,11.8875502
SN,AH,nidana,1166,6.8,2.92,11.8875502
SN,AH,nidana,1196,6.8,2.73,11.8875502
SN,AH,nidana,1240,6.8,2.64,11.8875502
SN,AH,nidana,1395,6.8,2.72,11.8875502
SN,AH,nidana,150,6.81,2.8,11.96787149
SN,AH,nidana,481,6.81,3.22,11.96787149
SN,AH,nidana,494,6.81,2.93,11.96787149
SN,AH,nidana,519,6.81,2.59,11.96787149
SN,AH,nidana,973,6.81,3.22,11.96787149
SN,AH,nidana,1225,6.81,3.18,11.96787149
SN,AH,nidana,1545,6.81,2.81,11.96787149
SN,AH,nidana,1368,6.82,2.55,12.04819277
SN,AH,nidana,1107,6.83,3.01,12.12851406
SN,AH,nidana,1191,6.83,2.66,12.12851406
SN,AH,nidana,61,6.84,2.92,12.20883534
SN,AH,nidana,247,6.84,3.03,12.20883534
SN,AH,nidana,717,6.84,2.61,12.20883534
SN,AH,nidana,846,6.84,2.98,12.20883534
SN,AH,nidana,1298,6.84,3.36,12.20883534
SN,AH,nidana,1353,6.84,2.93,12.20883534
SN,AH,nidana,1541,6.84,2.89,12.20883534
SN,AH,nidana,567,6.85,2.78,12.28915663
SN,AH,nidana,575,6.85,2.93,12.28915663
SN,AH,nidana,1105,6.85,2.95,12.28915663
SN,AH,nidana,52,6.86,3.14,12.36947791
SN,AH,nidana,486,6.86,3.39,12.36947791
SN,AH,nidana,680,6.86,3.07,12.36947791
SN,AH,nidana,772,6.87,2.78,12.4497992
SN,AH,nidana,135,6.88,2.92,12.53012048
SN,AH,nidana,140,6.88,2.95,12.53012048
SN,AH,nidana,1160,6.88,3.05,12.53012048
SN,AH,nidana,416,6.89,3.1,12.61044177
SN,AH,nidana,751,6.89,3.2,12.61044177
SN,AH,nidana,988,6.89,3.26,12.61044177
SN,AH,nidana,1161,6.89,3.11,12.61044177
SN,AH,nidana,1193,6.89,2.66,12.61044177
SN,AH,nidana,1097,6.9,2.79,12.69076305
SN,AH,nidana,1180,6.9,2.85,12.69076305
SN,AH,nidana,1355,6.9,3.03,12.69076305
SN,AH,nidana,1433,6.9,3.12,12.69076305
SN,AH,nidana,997,6.91,3.09,12.77108434
SN,AH,nidana,1106,6.91,2.98,12.77108434
SN,AH,nidana,1197,6.91,2.79,12.77108434
SN,AH,nidana,259,6.92,3.07,12.85140562
SN,AH,nidana,713,6.92,2.81,12.85140562
SN,AH,nidana,1142,6.92,3.28,12.85140562
SN,AH,nidana,1238,6.92,2.56,12.85140562
SN,AH,nidana,1506,6.92,2.87,12.85140562
SN,AH,nidana,666,6.93,2.76,12.93172691
SN,AH,nidana,852,6.93,2.95,12.93172691
SN,AH,nidana,1135,6.93,2.97,12.93172691
SN,AH,nidana,1434,6.93,3.11,12.93172691
SN,AH,nidana,56,6.94,2.95,13.01204819
SN,AH,nidana,57,6.96,3.02,13.17269076
SN,AH,nidana,907,6.96,3.26,13.17269076
SN,AH,nidana,1352,6.97,3.01,13.25301205
SN,AH,nidana,552,6.98,2.77,13.33333333
SN,AH,nidana,847,6.98,3.02,13.33333333
SN,AH,nidana,665,6.99,2.83,13.41365462
SN,AH,nidana,683,6.99,3,13.41365462
SN,AH,nidana,72,7,3.05,13.4939759
SN,AH,nidana,520,7,2.52,13.4939759
SN,AH,nidana,661,7,2.71,13.4939759
SN,AH,nidana,1432,7,3.21,13.4939759
SN,AH,nidana,131,7.01,3.16,13.57429719
SN,AH,nidana,1295,7.01,3.12,13.57429719
SN,AH,nidana,7,7.02,3.14,13.65461847
SN,AH,nidana,1006,7.02,2.82,13.65461847
SN,AH,nidana,6,7.03,3.23,13.73493976
SN,AH,nidana,504,7.03,2.62,13.73493976
SN,AH,nidana,990,7.03,3.31,13.73493976
SN,AH,nidana,1210,7.03,3,13.73493976
SN,AH,nidana,1422,7.03,2.97,13.73493976
SN,AH,nidana,447,7.04,2.95,13.81526104
SN,AH,nidana,670,7.04,2.95,13.81526104
SN,AH,nidana,830,7.04,2.78,13.81526104
SN,AH,nidana,1393,7.04,2.88,13.81526104
SN,AH,nidana,155,7.05,2.67,13.89558233
SN,AH,nidana,577,7.05,3.07,13.89558233
SN,AH,nidana,1093,7.05,3,13.89558233
SN,AH,nidana,1363,7.06,2.78,13.97590361
SN,AH,nidana,372,7.07,3.11,14.0562249
SN,AH,nidana,685,7.07,2.91,14.0562249
SN,AH,nidana,964,7.07,2.48,14.0562249
SN,AH,nidana,1364,7.07,2.79,14.0562249
SN,AH,nidana,1431,7.07,3.24,14.0562249
SN,AH,nidana,1399,7.08,2.87,14.13654618
SN,AH,nidana,134,7.1,3.09,14.29718876
SN,AH,nidana,398,7.1,2.8,14.29718876
SN,AH,nidana,718,7.1,2.72,14.29718876
SN,AH,nidana,1109,7.1,3.09,14.29718876
SN,AH,nidana,177,7.11,2.99,14.37751004
SN,AH,nidana,835,7.11,2.81,14.37751004
SN,AH,nidana,1236,7.11,2.66,14.37751004
SN,AH,nidana,176,7.12,2.98,14.45783133
SN,AH,nidana,771,7.12,2.87,14.45783133
SN,AH,nidana,1237,7.12,2.62,14.45783133
SN,AH,nidana,1301,7.12,3.41,14.45783133
SN,AH,nidana,1302,7.12,3.41,14.45783133
SN,AH,nidana,1510,7.12,2.89,14.45783133
SN,AH,nidana,837,7.13,2.69,14.53815261
SN,AH,nidana,1354,7.13,3.1,14.53815261
SN,AH,nidana,485,7.14,3.49,14.6184739
SN,AH,nidana,962,7.14,2.47,14.6184739
SN,AH,nidana,1356,7.14,3.12,14.6184739
SN,AH,nidana,1367,7.14,2.73,14.6184739
SN,AH,nidana,1391,7.14,2.9,14.6184739
SN,AH,nidana,278,7.15,3.14,14.69879518
SN,AH,nidana,316,7.15,2.87,14.69879518
SN,AH,nidana,821,7.15,2.76,14.69879518
SN,AH,nidana,1325,7.15,2.95,14.69879518
SN,AH,nidana,959,7.16,2.46,14.77911647
SN,AH,nidana,1435,7.16,3.18,14.77911647
SN,AH,nidana,1508,7.16,2.93,14.77911647
SN,AH,nidana,132,7.17,3.24,14.85943775
SN,AH,nidana,908,7.17,3.25,14.85943775
SN,AH,nidana,50,7.18,3.09,14.93975904
SN,AH,nidana,960,7.18,2.42,14.93975904
SN,AH,nidana,1507,7.18,2.86,14.93975904
SN,AH,nidana,1542,7.18,2.88,14.93975904
SN,AH,nidana,166,7.19,2.75,15.02008032
SN,AH,nidana,417,7.19,3.18,15.02008032
SN,AH,nidana,1543,7.19,2.85,15.02008032
SN,AH,nidana,521,7.2,2.64,15.10040161
SN,AH,nidana,3,7.21,3.34,15.18072289
SN,AH,nidana,130,7.21,3.28,15.18072289
SN,AH,nidana,175,7.21,3,15.18072289
SN,AH,nidana,820,7.21,2.7,15.18072289
SN,AH,nidana,991,7.21,3.32,15.18072289
SN,AH,nidana,1523,7.21,2.83,15.18072289
SN,AH,nidana,151,7.22,2.97,15.26104418
SN,AH,nidana,636,7.22,3.1,15.26104418
SN,AH,nidana,963,7.22,2.56,15.26104418
SN,AH,nidana,8,7.23,3.19,15.34136546
SN,AH,nidana,747,7.23,3.25,15.34136546
SN,AH,nidana,931,7.23,3.09,15.34136546
SN,AH,nidana,1504,7.23,3.05,15.34136546
SN,AH,nidana,1505,7.23,3.05,15.34136546
SN,AH,nidana,58,7.24,3.09,15.42168675
SN,AH,nidana,174,7.24,3.08,15.42168675
SN,AH,nidana,1223,7.24,3.23,15.42168675
SN,AH,nidana,1390,7.24,2.93,15.42168675
SN,AH,nidana,1430,7.24,3.3,15.42168675
SN,AH,nidana,285,7.25,3.26,15.50200803
SN,AH,nidana,453,7.25,2.95,15.50200803
SN,AH,nidana,574,7.25,3.01,15.50200803
SN,AH,nidana,816,7.25,2.54,15.50200803
SN,AH,nidana,1047,7.25,3.04,15.50200803
SN,AH,nidana,1110,7.25,3.13,15.50200803
SN,AH,nidana,1503,7.25,3.06,15.50200803
SN,AH,nidana,819,7.26,2.57,15.58232932
SN,AH,nidana,1084,7.26,3.01,15.58232932
SN,AH,nidana,1370,7.26,2.76,15.58232932
SN,AH,nidana,564,7.27,2.82,15.6626506
SN,AH,nidana,738,7.27,3.42,15.6626506
SN,AH,nidana,853,7.27,3.08,15.6626506
SN,AH,nidana,1141,7.27,3.44,15.6626506
SN,AH,nidana,1447,7.27,3.38,15.6626506
SN,AH,nidana,156,7.28,2.76,15.74297189
SN,AH,nidana,831,7.28,2.87,15.74297189
SN,AH,nidana,1233,7.28,3.14,15.74297189
SN,AH,nidana,1362,7.28,2.89,15.74297189
SN,AH,nidana,451,7.29,3.1,15.82329317
SN,AH,nidana,1207,7.3,3.07,15.90361446
SN,AH,nidana,578,7.31,3.11,15.98393574
SN,AH,nidana,740,7.31,3.4,15.98393574
SN,AH,nidana,1429,7.31,3.24,15.98393574
SN,AH,nidana,9,7.32,3.15,16.06425703
SN,AH,nidana,752,7.32,3.38,16.06425703
SN,AH,nidana,1208,7.32,3.05,16.06425703
SN,AH,nidana,1421,7.32,3.06,16.06425703
SN,AH,nidana,284,7.33,3.19,16.14457831
SN,AH,nidana,366,7.33,3.32,16.14457831
SN,AH,nidana,753,7.33,3.33,16.14457831
SN,AH,nidana,824,7.33,2.91,16.14457831
SN,AH,nidana,1235,7.33,2.78,16.14457831
SN,AH,nidana,1264,7.33,3.06,16.14457831
SN,AH,nidana,1558,7.33,3.06,16.14457831
SN,AH,nidana,910,7.34,3.42,16.2248996
SN,AH,nidana,1217,7.34,3.13,16.2248996
SN,AH,nidana,668,7.35,3.03,16.30522088
SN,AH,nidana,734,7.35,3.08,16.30522088
SN,AH,nidana,927,7.35,3.49,16.30522088
SN,AH,nidana,516,7.36,2.81,16.38554217
SN,AH,nidana,1167,7.36,3.1,16.38554217
SN,AH,nidana,1299,7.36,3.62,16.38554217
SN,AH,nidana,581,7.37,3.2,16.46586345
SN,AH,nidana,637,7.37,3.09,16.46586345
SN,AH,nidana,39,7.38,2.98,16.54618474
SN,AH,nidana,479,7.38,3.06,16.54618474
SN,AH,nidana,817,7.38,2.58,16.54618474
SN,AH,nidana,833,7.38,2.94,16.54618474
SN,AH,nidana,996,7.38,3.33,16.54618474
SN,AH,nidana,133,7.39,3.34,16.62650602
SN,AH,nidana,673,7.39,3.15,16.62650602
SN,AH,nidana,989,7.39,3.36,16.62650602
SN,AH,nidana,13,7.4,3.22,16.70682731
SN,AH,nidana,49,7.4,3.18,16.70682731
SN,AH,nidana,51,7.4,3.17,16.70682731
SN,AH,nidana,669,7.4,3.01,16.70682731
SN,AH,nidana,1241,7.4,2.89,16.70682731
SN,AH,nidana,1242,7.4,2.93,16.70682731
SN,AH,nidana,1266,7.4,3.19,16.70682731
SN,AH,nidana,260,7.41,3.14,16.78714859
SN,AH,nidana,832,7.41,2.93,16.78714859
SN,AH,nidana,1086,7.41,2.93,16.78714859
SN,AH,nidana,1194,7.41,2.81,16.78714859
SN,AH,nidana,1388,7.41,2.83,16.78714859
SN,AH,nidana,160,7.42,2.74,16.86746988
SN,AH,nidana,493,7.42,3.16,16.86746988
SN,AH,nidana,855,7.42,3.16,16.86746988
SN,AH,nidana,1448,7.42,3.28,16.86746988
SN,AH,nidana,274,7.43,3.16,16.94779116
SN,AH,nidana,721,7.43,2.75,16.94779116
SN,AH,nidana,774,7.43,2.94,16.94779116
SN,AH,nidana,1150,7.43,3.25,16.94779116
SN,AH,nidana,272,7.44,3.16,17.02811245
SN,AH,nidana,273,7.44,3.15,17.02811245
SN,AH,nidana,282,7.44,3.23,17.02811245
SN,AH,nidana,576,7.44,3.11,17.02811245
SN,AH,nidana,1303,7.44,3.4,17.02811245
SN,AH,nidana,315,7.45,3,17.10843373
SN,AH,nidana,672,7.45,3.17,17.10843373
SN,AH,nidana,712,7.45,3,17.10843373
SN,AH,nidana,930,7.45,3.16,17.10843373
SN,AH,nidana,958,7.45,2.63,17.10843373
SN,AH,nidana,1195,7.45,2.86,17.10843373
SN,AH,nidana,1218,7.45,3.19,17.10843373
SN,AH,nidana,1385,7.45,2.81,17.10843373
SN,AH,nidana,128,7.46,3.38,17.18875502
SN,AH,nidana,401,7.46,2.93,17.18875502
SN,AH,nidana,814,7.46,2.73,17.18875502
SN,AH,nidana,1203,7.46,2.65,17.18875502
SN,AH,nidana,1204,7.46,2.8,17.18875502
SN,AH,nidana,4,7.47,3.43,17.26907631
SN,AH,nidana,1048,7.48,3.05,17.34939759
SN,AH,nidana,1102,7.48,3.16,17.34939759
SN,AH,nidana,1322,7.48,3.24,17.34939759
SN,AH,nidana,671,7.49,3.04,17.42971888
SN,AH,nidana,851,7.49,3.19,17.42971888
SN,AH,nidana,909,7.49,3.45,17.42971888
SN,AH,nidana,1418,7.49,3.07,17.42971888
SN,AH,nidana,77,7.5,3.18,17.51004016
SN,AH,nidana,168,7.5,2.82,17.51004016
SN,AH,nidana,1446,7.5,3.46,17.51004016
SN,AH,nidana,1326,7.51,3.04,17.59036145
SN,AH,nidana,1234,7.52,2.93,17.67068273
SN,AH,nidana,402,7.53,2.86,17.75100402
SN,AH,nidana,980,7.53,3.68,17.75100402
SN,AH,nidana,1419,7.53,3.13,17.75100402
SN,AH,nidana,1436,7.53,3.25,17.75100402
SN,AH,nidana,162,7.54,2.96,17.8313253
SN,AH,nidana,400,7.54,3,17.8313253
SN,AH,nidana,580,7.54,3.21,17.8313253
SN,AH,nidana,745,7.54,3.31,17.8313253
SN,AH,nidana,987,7.54,3.57,17.8313253
SN,AH,nidana,1420,7.54,3.15,17.8313253
SN,AH,nidana,161,7.55,2.8,17.91164659
SN,AH,nidana,773,7.55,2.87,17.91164659
SN,AH,nidana,1261,7.55,3.35,17.91164659
SN,AH,nidana,290,7.57,3.31,18.07228916
SN,AH,nidana,305,7.57,3.24,18.07228916
SN,AH,nidana,518,7.57,2.74,18.07228916
SN,AH,nidana,684,7.57,3,18.07228916
SN,AH,nidana,719,7.57,2.89,18.07228916
SN,AH,nidana,836,7.57,2.96,18.07228916
SN,AH,nidana,1456,7.57,3.31,18.07228916
SN,AH,nidana,707,7.58,3.38,18.15261044
SN,AH,nidana,848,7.58,3.21,18.15261044
SN,AH,nidana,503,7.59,2.76,18.23293173
SN,AH,nidana,1104,7.59,3.17,18.23293173
SN,AH,nidana,281,7.6,3.29,18.31325301
SN,AH,nidana,283,7.6,3.27,18.31325301
SN,AH,nidana,12,7.61,3.27,18.3935743
SN,AH,nidana,18,7.61,3.26,18.3935743
SN,AH,nidana,365,7.61,3.43,18.3935743
SN,AH,nidana,1108,7.61,3.31,18.3935743
SN,AH,nidana,287,7.62,3.37,18.47389558
SN,AH,nidana,418,7.62,3.18,18.47389558
SN,AH,nidana,711,7.62,3.24,18.47389558
SN,AH,nidana,1230,7.62,3.26,18.47389558
SN,AH,nidana,291,7.63,3.33,18.55421687
SN,AH,nidana,906,7.63,3.35,18.55421687
SN,AH,nidana,1323,7.63,3.17,18.55421687
SN,AH,nidana,1365,7.63,3.07,18.55421687
SN,AH,nidana,172,7.64,3,18.63453815
SN,AH,nidana,823,7.64,3.04,18.63453815
SN,AH,nidana,849,7.64,3.19,18.63453815
SN,AH,nidana,1401,7.64,2.98,18.63453815
SN,AH,nidana,15,7.65,3.23,18.71485944
SN,AH,nidana,167,7.65,2.83,18.71485944
SN,AH,nidana,178,7.65,3.13,18.71485944
SN,AH,nidana,587,7.65,3.34,18.71485944
SN,AH,nidana,932,7.65,3.15,18.71485944
SN,AH,nidana,1216,7.65,3.09,18.71485944
SN,AH,nidana,1366,7.65,3.09,18.71485944
SN,AH,nidana,1544,7.65,2.97,18.71485944
SN,AH,nidana,289,7.66,3.38,18.79518072
SN,AH,nidana,986,7.66,3.63,18.79518072
SN,AH,nidana,1265,7.66,3.23,18.79518072
SN,AH,nidana,16,7.67,3.27,18.87550201
SN,AH,nidana,515,7.67,2.9,18.87550201
SN,AH,nidana,561,7.67,2.89,18.87550201
SN,AH,nidana,739,7.67,3.54,18.87550201
SN,AH,nidana,1294,7.67,3.48,18.87550201
SN,AH,nidana,1511,7.67,3.06,18.87550201
SN,AH,nidana,164,7.68,2.87,18.95582329
SN,AH,nidana,165,7.68,2.87,18.95582329
SN,AH,nidana,560,7.68,2.89,18.95582329
SN,AH,nidana,818,7.68,2.65,18.95582329
SN,AH,nidana,1361,7.68,3.01,18.95582329
SN,AH,nidana,514,7.69,2.86,19.03614458
SN,AH,nidana,1232,7.69,3.27,19.03614458
SN,AH,nidana,279,7.7,3.34,19.11646586
SN,AH,nidana,439,7.7,3.45,19.11646586
SN,AH,nidana,1324,7.7,3.19,19.11646586
SN,AH,nidana,171,7.71,2.89,19.19678715
SN,AH,nidana,735,7.71,3.24,19.19678715
SN,AH,nidana,904,7.72,3.48,19.27710843
SN,AH,nidana,1357,7.72,3.09,19.27710843
SN,AH,nidana,1372,7.72,3.12,19.27710843
SN,AH,nidana,1417,7.72,3.1,19.27710843
SN,AH,nidana,1512,7.72,3.06,19.27710843
SN,AH,nidana,440,7.73,3.52,19.35742972
SN,AH,nidana,480,7.73,3.44,19.35742972
SN,AH,nidana,445,7.74,3.33,19.437751
SN,AH,nidana,689,7.74,3.41,19.437751
SN,AH,nidana,708,7.74,3.39,19.437751
SN,AH,nidana,1090,7.74,3.14,19.437751
SN,AH,nidana,1300,7.74,3.74,19.437751
SN,AH,nidana,1321,7.74,3.3,19.437751
SN,AH,nidana,1450,7.74,3.36,19.437751
SN,AH,nidana,1513,7.74,3.11,19.437751
SN,AH,nidana,1524,7.74,3.03,19.437751
SN,AH,nidana,163,7.75,2.89,19.51807229
SN,AH,nidana,275,7.75,3.28,19.51807229
SN,AH,nidana,720,7.75,2.91,19.51807229
SN,AH,nidana,1453,7.76,3.37,19.59839357
SN,AH,nidana,822,7.77,3.05,19.67871486
SN,AH,nidana,961,7.77,2.61,19.67871486
SN,AH,nidana,1085,7.77,3.12,19.67871486
SN,AH,nidana,1243,7.77,3.02,19.67871486
SN,AH,nidana,1384,7.77,2.88,19.67871486
SN,AH,nidana,288,7.78,3.41,19.75903614
SN,AH,nidana,1285,7.78,3.03,19.75903614
SN,AH,nidana,75,7.79,3.29,19.83935743
SN,AH,nidana,306,7.79,3.3,19.83935743
SN,AH,nidana,563,7.79,2.99,19.83935743
SN,AH,nidana,776,7.79,2.99,19.83935743
SN,AH,nidana,1452,7.79,3.36,19.83935743
SN,AH,nidana,746,7.8,3.46,19.91967871
SN,AH,nidana,976,7.8,3.72,19.91967871
SN,AH,nidana,1149,7.8,3.37,19.91967871
SN,AH,nidana,1287,7.8,3.09,19.91967871
SN,AH,nidana,638,7.81,3.16,20
SN,AH,nidana,828,7.81,2.99,20
SN,AH,nidana,1502,7.81,3.3,20
SN,AH,nidana,129,7.82,3.61,20.08032129
SN,AH,nidana,559,7.82,2.93,20.08032129
SN,AH,nidana,1400,7.82,3.07,20.08032129
SN,AH,nidana,371,7.83,3.46,20.16064257
SN,AH,nidana,484,7.83,3.6,20.16064257
SN,AH,nidana,1169,7.83,3.1,20.16064257
SN,AH,nidana,1360,7.83,3.03,20.16064257
SN,AH,nidana,1514,7.83,3.15,20.16064257
SN,AH,nidana,1559,7.83,3.22,20.16064257
SN,AH,nidana,303,7.84,3.38,20.24096386
SN,AH,nidana,304,7.84,3.38,20.24096386
SN,AH,nidana,373,7.84,3.22,20.24096386
SN,AH,nidana,562,7.84,2.96,20.24096386
SN,AH,nidana,815,7.84,2.66,20.24096386
SN,AH,nidana,1473,7.84,3.05,20.24096386
SN,AH,nidana,406,7.85,3.21,20.32128514
SN,AH,nidana,765,7.85,3.12,20.32128514
SN,AH,nidana,775,7.85,3.09,20.32128514
SN,AH,nidana,933,7.85,3.21,20.32128514
SN,AH,nidana,1087,7.85,3.22,20.32128514
SN,AH,nidana,1320,7.85,3.28,20.32128514
SN,AH,nidana,169,7.86,2.92,20.40160643
SN,AH,nidana,1231,7.86,3.3,20.40160643
SN,AH,nidana,403,7.87,2.94,20.48192771
SN,AH,nidana,723,7.87,3.09,20.48192771
SN,AH,nidana,245,7.88,3.1,20.562249
SN,AH,nidana,286,7.88,3.47,20.562249
SN,AH,nidana,517,7.88,2.91,20.562249
SN,AH,nidana,1091,7.88,3.21,20.562249
SN,AH,nidana,1178,7.88,3.36,20.562249
SN,AH,nidana,1222,7.88,3.4,20.562249
SN,AH,nidana,180,7.89,3.31,20.64257028
SN,AH,nidana,508,7.9,2.73,20.72289157
SN,AH,nidana,798,7.91,3.5,20.80321285
SN,AH,nidana,1471,7.91,3.05,20.80321285
SN,AH,nidana,1046,7.92,3.17,20.88353414
SN,AH,nidana,76,7.93,3.29,20.96385542
SN,AH,nidana,173,7.93,3.28,20.96385542
SN,AH,nidana,981,7.93,3.66,20.96385542
SN,AH,nidana,703,7.94,3.53,21.04417671
SN,AH,nidana,1392,7.94,3.08,21.04417671
SN,AH,nidana,799,7.95,3.49,21.12449799
SN,AH,nidana,838,7.95,2.98,21.12449799
SN,AH,nidana,872,7.95,2.93,21.12449799
SN,AH,nidana,974,7.95,3.66,21.12449799
SN,AH,nidana,992,7.95,3.53,21.12449799
SN,AH,nidana,1205,7.95,2.96,21.12449799
SN,AH,nidana,1286,7.95,3.11,21.12449799
SN,AH,nidana,314,7.96,3.11,21.20481928
SN,AH,nidana,797,7.96,3.54,21.20481928
SN,AH,nidana,1557,7.96,3.26,21.20481928
SN,AH,nidana,10,7.97,3.38,21.28514056
SN,AH,nidana,1170,7.97,3.2,21.28514056
SN,AH,nidana,1262,7.97,3.47,21.28514056
SN,AH,nidana,1359,7.97,3.11,21.28514056
SN,AH,nidana,1451,7.97,3.43,21.28514056
SN,AH,nidana,454,7.98,3.18,21.36546185
SN,AH,nidana,478,7.98,3.25,21.36546185
SN,AH,nidana,975,7.98,3.8,21.36546185
SN,AH,nidana,582,7.99,3.48,21.44578313
SN,AH,nidana,583,7.99,3.48,21.44578313
SN,AH,nidana,261,8,3.34,21.52610442
SN,AH,nidana,660,8,2.96,21.52610442
SN,AH,nidana,313,8.01,3.2,21.6064257
SN,AH,nidana,474,8.01,3.13,21.6064257
SN,AH,nidana,243,8.02,3.29,21.68674699
SN,AH,nidana,644,8.02,3.02,21.68674699
SN,AH,nidana,770,8.02,3.25,21.68674699
SN,AH,nidana,827,8.02,3.08,21.68674699
SN,AH,nidana,307,8.03,3.17,21.76706827
SN,AH,nidana,312,8.03,3.24,21.76706827
SN,AH,nidana,420,8.03,3.33,21.76706827
SN,AH,nidana,35,8.04,3.23,21.84738956
SN,AH,nidana,839,8.04,2.94,21.84738956
SN,AH,nidana,1018,8.04,3.3,21.84738956
SN,AH,nidana,1546,8.04,3.04,21.84738956
SN,AH,nidana,244,8.05,3.14,21.92771084
SN,AH,nidana,800,8.05,3.41,21.92771084
SN,AH,nidana,825,8.05,3.09,21.92771084
SN,AH,nidana,1226,8.05,3.63,21.92771084
SN,AH,nidana,444,8.06,3.41,22.00803213
SN,AH,nidana,33,8.07,3.24,22.08835341
SN,AH,nidana,73,8.07,3.36,22.08835341
SN,AH,nidana,507,8.07,2.76,22.08835341
SN,AH,nidana,729,8.07,3.11,22.08835341
SN,AH,nidana,994,8.07,3.41,22.08835341
SN,AH,nidana,1050,8.07,3.23,22.08835341
SN,AH,nidana,262,8.08,3.34,22.1686747
SN,AH,nidana,472,8.08,3.33,22.1686747
SN,AH,nidana,615,8.08,3.4,22.1686747
SN,AH,nidana,1259,8.08,3.26,22.1686747
SN,AH,nidana,1540,8.08,3.19,22.1686747
SN,AH,nidana,419,8.1,3.36,22.32931727
SN,AH,nidana,850,8.1,3.4,22.32931727
SN,AH,nidana,1171,8.1,3.2,22.32931727
SN,AH,nidana,441,8.11,3.61,22.40963855
SN,AH,nidana,902,8.11,3.58,22.40963855
SN,AH,nidana,1260,8.11,3.39,22.40963855
SN,AH,nidana,1547,8.11,3.06,22.40963855
SN,AH,nidana,280,8.12,3.48,22.48995984
SN,AH,nidana,589,8.12,3.52,22.48995984
SN,AH,nidana,645,8.12,2.99,22.48995984
SN,AH,nidana,1375,8.12,3.21,22.48995984
SN,AH,nidana,1449,8.12,3.53,22.48995984
SN,AH,nidana,442,8.13,3.43,22.57028112
SN,AH,nidana,993,8.13,3.53,22.57028112
SN,AH,nidana,47,8.14,3.2,22.65060241
SN,AH,nidana,263,8.14,3.35,22.65060241
SN,AH,nidana,934,8.14,3.27,22.65060241
SN,AH,nidana,506,8.15,2.77,22.73092369
SN,AH,nidana,658,8.15,2.99,22.73092369
SN,AH,nidana,1019,8.15,3.27,22.73092369
SN,AH,nidana,1168,8.15,3.3,22.73092369
SN,AH,nidana,1304,8.15,3.65,22.73092369
SN,AH,nidana,157,8.16,2.99,22.81124498
SN,AH,nidana,957,8.16,2.89,22.81124498
SN,AH,nidana,1377,8.16,2.99,22.81124498
SN,AH,nidana,457,8.17,3.06,22.89156627
SN,AH,nidana,588,8.17,3.6,22.89156627
SN,AH,nidana,674,8.17,3.55,22.89156627
SN,AH,nidana,687,8.17,3.38,22.89156627
SN,AH,nidana,905,8.17,3.46,22.89156627
SN,AH,nidana,1319,8.17,3.31,22.89156627
SN,AH,nidana,513,8.18,2.95,22.97188755
SN,AH,nidana,653,8.18,3.01,22.97188755
SN,AH,nidana,655,8.19,2.94,23.05220884
SN,AH,nidana,657,8.19,2.95,23.05220884
SN,AH,nidana,688,8.19,3.47,23.05220884
SN,AH,nidana,1455,8.19,3.48,23.05220884
SN,AH,nidana,443,8.2,3.49,23.13253012
SN,AH,nidana,724,8.2,3.23,23.13253012
SN,AH,nidana,856,8.2,3.38,23.13253012
SN,AH,nidana,903,8.2,3.64,23.13253012
SN,AH,nidana,48,8.21,3.17,23.21285141
SN,AH,nidana,1103,8.22,3.4,23.29317269
SN,AH,nidana,1145,8.22,3.56,23.29317269
SN,AH,nidana,1445,8.22,3.62,23.29317269
SN,AH,nidana,14,8.23,3.49,23.37349398
SN,AH,nidana,405,8.23,3.28,23.37349398
SN,AH,nidana,1293,8.23,3.53,23.37349398
SN,AH,nidana,1373,8.23,3.28,23.37349398
SN,AH,nidana,1454,8.23,3.51,23.37349398
SN,AH,nidana,1522,8.23,3.11,23.37349398
SN,AH,nidana,17,8.24,3.46,23.45381526
SN,AH,nidana,737,8.24,3.66,23.45381526
SN,AH,nidana,1283,8.24,3.23,23.45381526
SN,AH,nidana,126,8.26,3.59,23.61445783
SN,AH,nidana,1049,8.26,3.28,23.61445783
SN,AH,nidana,1415,8.26,3.21,23.61445783
SN,AH,nidana,407,8.27,3.39,23.69477912
SN,AH,nidana,463,8.27,2.98,23.69477912
SN,AH,nidana,475,8.27,3.21,23.69477912
SN,AH,nidana,584,8.27,3.5,23.69477912
SN,AH,nidana,722,8.27,3.17,23.69477912
SN,AH,nidana,1219,8.27,3.46,23.69477912
SN,AH,nidana,911,8.28,3.65,23.7751004
SN,AH,nidana,1070,8.28,3.17,23.7751004
SN,AH,nidana,1177,8.28,3.32,23.7751004
SN,AH,nidana,1227,8.28,3.66,23.7751004
SN,AH,nidana,633,8.29,3.31,23.85542169
SN,AH,nidana,1008,8.29,3.19,23.85542169
SN,AH,nidana,1371,8.29,3.26,23.85542169
SN,AH,nidana,592,8.3,3.51,23.93574297
SN,AH,nidana,730,8.3,3.11,23.93574297
SN,AH,nidana,796,8.31,3.75,24.01606426
SN,AH,nidana,1020,8.32,3.43,24.09638554
SN,AH,nidana,1088,8.32,3.35,24.09638554
SN,AH,nidana,1443,8.32,3.71,24.09638554
SN,AH,nidana,656,8.33,2.99,24.17670683
SN,AH,nidana,769,8.33,3.4,24.17670683
SN,AH,nidana,1529,8.33,3.32,24.17670683
SN,AH,nidana,471,8.34,3.4,24.25702811
SN,AH,nidana,591,8.34,3.38,24.25702811
SN,AH,nidana,686,8.34,3.44,24.25702811
SN,AH,nidana,732,8.34,3.32,24.25702811
SN,AH,nidana,1318,8.34,3.42,24.25702811
SN,AH,nidana,1382,8.34,3.13,24.25702811
SN,AH,nidana,22,8.35,3.44,24.3373494
SN,AH,nidana,127,8.35,3.64,24.3373494
SN,AH,nidana,374,8.35,3.22,24.3373494
SN,AH,nidana,522,8.35,2.87,24.3373494
SN,AH,nidana,654,8.35,3.02,24.3373494
SN,AH,nidana,466,8.36,3.06,24.41767068
SN,AH,nidana,614,8.36,3.38,24.41767068
SN,AH,nidana,639,8.36,3.32,24.41767068
SN,AH,nidana,871,8.36,2.91,24.41767068
SN,AH,nidana,1288,8.36,3.32,24.41767068
SN,AH,nidana,23,8.37,3.43,24.49799197
SN,AH,nidana,367,8.37,3.68,24.49799197
SN,AH,nidana,1268,8.37,3.37,24.49799197
SN,AH,nidana,1535,8.38,3.33,24.57831325
SN,AH,nidana,652,8.39,3.03,24.65863454
SN,AH,nidana,801,8.39,3.48,24.65863454
SN,AH,nidana,1289,8.39,3.38,24.65863454
SN,AH,nidana,978,8.4,3.99,24.73895582
SN,AH,nidana,1224,8.4,3.8,24.73895582
SN,AH,nidana,1501,8.4,3.49,24.73895582
SN,AH,nidana,386,8.41,3.28,24.81927711
SN,AH,nidana,585,8.41,3.52,24.81927711
SN,AH,nidana,40,8.42,3.36,24.89959839
SN,AH,nidana,1143,8.42,3.76,24.89959839
SN,AH,nidana,1358,8.42,3.27,24.89959839
SN,AH,nidana,74,8.43,3.46,24.97991968
SN,AH,nidana,446,8.43,3.25,24.97991968
SN,AH,nidana,512,8.43,3.12,24.97991968
SN,AH,nidana,979,8.43,3.96,24.97991968
SN,AH,nidana,1282,8.43,3.39,24.97991968
SN,AH,nidana,1549,8.43,3.06,24.97991968
SN,AH,nidana,1554,8.43,3.33,24.97991968
SN,AH,nidana,19,8.44,3.47,25.06024096
SN,AH,nidana,551,8.44,3.16,25.06024096
SN,AH,nidana,586,8.44,3.54,25.06024096
SN,AH,nidana,915,8.44,3.93,25.06024096
SN,AH,nidana,34,8.45,3.38,25.14056225
SN,AH,nidana,1007,8.45,3.12,25.14056225
SN,AH,nidana,2,8.46,3.78,25.22088353
SN,AH,nidana,731,8.46,3.17,25.22088353
SN,AH,nidana,914,8.46,3.91,25.22088353
SN,AH,nidana,1011,8.46,3.31,25.22088353
SN,AH,nidana,1414,8.46,3.28,25.22088353
SN,AH,nidana,704,8.47,3.69,25.30120482
SN,AH,nidana,20,8.48,3.41,25.3815261
SN,AH,nidana,477,8.49,3.31,25.46184739
SN,AH,nidana,766,8.49,3.34,25.46184739
SN,AH,nidana,995,8.49,3.56,25.46184739
SN,AH,nidana,1351,8.49,3.41,25.46184739
SN,AH,nidana,1444,8.49,3.72,25.46184739
SN,AH,nidana,11,8.5,3.55,25.54216867
SN,AH,nidana,37,8.5,3.4,25.54216867
SN,AH,nidana,476,8.5,3.3,25.54216867
SN,AH,nidana,634,8.5,3.36,25.54216867
SN,AH,nidana,935,8.5,3.31,25.54216867
SN,AH,nidana,1147,8.5,3.67,25.54216867
SN,AH,nidana,159,8.51,3.01,25.62248996
SN,AH,nidana,459,8.51,3.03,25.62248996
SN,AH,nidana,542,8.52,3.21,25.70281124
SN,AH,nidana,1076,8.52,3.13,25.70281124
SN,AH,nidana,1221,8.52,3.6,25.70281124
SN,AH,nidana,158,8.53,3.09,25.78313253
SN,AH,nidana,170,8.53,3.15,25.78313253
SN,AH,nidana,757,8.53,3.46,25.78313253
SN,AH,nidana,1374,8.54,3.35,25.86345382
SN,AH,nidana,1376,8.54,3.19,25.86345382
SN,AH,nidana,1555,8.54,3.48,25.86345382
SN,AH,nidana,526,8.55,2.91,25.9437751
SN,AH,nidana,438,8.56,3.69,26.02409639
SN,AH,nidana,651,8.56,3.04,26.02409639
SN,AH,nidana,122,8.57,3.76,26.10441767
SN,AH,nidana,397,8.57,3.14,26.10441767
SN,AH,nidana,736,8.57,3.75,26.10441767
SN,AH,nidana,869,8.57,2.98,26.10441767
SN,AH,nidana,1089,8.57,3.35,26.10441767
SN,AH,nidana,1281,8.57,3.51,26.10441767
SN,AH,nidana,1410,8.57,3.27,26.10441767
SN,AH,nidana,395,8.58,3.31,26.18473896
SN,AH,nidana,1172,8.58,3.39,26.18473896
SN,AH,nidana,1525,8.58,3.27,26.18473896
SN,AH,nidana,1042,8.6,3.37,26.34538153
SN,AH,nidana,292,8.61,3.62,26.42570281
SN,AH,nidana,38,8.62,3.43,26.5060241
SN,AH,nidana,269,8.62,3.42,26.5060241
SN,AH,nidana,381,8.62,3.69,26.5060241
SN,AH,nidana,867,8.62,3.21,26.5060241
SN,AH,nidana,868,8.62,3.15,26.5060241
SN,AH,nidana,1263,8.62,3.55,26.5060241
SN,AH,nidana,1284,8.62,3.33,26.5060241
SN,AH,nidana,1553,8.62,3.3,26.5060241
SN,AH,nidana,295,8.63,3.53,26.58634538
SN,AH,nidana,700,8.63,3.96,26.58634538
SN,AH,nidana,1146,8.63,3.75,26.58634538
SN,AH,nidana,271,8.64,3.42,26.66666667
SN,AH,nidana,613,8.64,3.49,26.66666667
SN,AH,nidana,1577,8.64,3.32,26.66666667
SN,AH,nidana,916,8.65,4,26.74698795
SN,AH,nidana,1267,8.65,3.48,26.74698795
SN,AH,nidana,985,8.66,3.85,26.82730924
SN,AH,nidana,1379,8.66,3.02,26.82730924
SN,AH,nidana,1500,8.66,3.63,26.82730924
SN,AH,nidana,826,8.67,3.12,26.90763052
SN,AH,nidana,870,8.67,2.99,26.90763052
SN,AH,nidana,1556,8.67,3.32,26.90763052
SN,AH,nidana,458,8.68,3.14,26.98795181
SN,AH,nidana,768,8.68,3.5,26.98795181
SN,AH,nidana,1292,8.68,3.67,26.98795181
SN,AH,nidana,455,8.69,3.21,27.06827309
SN,AH,nidana,505,8.69,2.88,27.06827309
SN,AH,nidana,1329,8.69,3.35,27.06827309
SN,AH,nidana,264,8.7,3.39,27.14859438
SN,AH,nidana,511,8.7,3.07,27.14859438
SN,AH,nidana,1229,8.7,3.58,27.14859438
SN,AH,nidana,121,8.71,3.78,27.22891566
SN,AH,nidana,238,8.71,3.39,27.22891566
SN,AH,nidana,468,8.71,3.22,27.22891566
SN,AH,nidana,702,8.71,3.84,27.22891566
SN,AH,nidana,866,8.72,3.35,27.30923695
SN,AH,nidana,1521,8.72,3.27,27.30923695
SN,AH,nidana,378,8.73,3.57,27.38955823
SN,AH,nidana,510,8.73,3.04,27.38955823
SN,AH,nidana,659,8.73,3.14,27.38955823
SN,AH,nidana,706,8.73,3.66,27.38955823
SN,AH,nidana,377,8.74,3.55,27.46987952
SN,AH,nidana,1072,8.74,3.3,27.46987952
SN,AH,nidana,1228,8.74,3.85,27.46987952
SN,AH,nidana,179,8.75,3.51,27.5502008
SN,AH,nidana,1066,8.75,3.28,27.5502008
SN,AH,nidana,1472,8.75,3.33,27.5502008
SN,AH,nidana,1176,8.76,3.63,27.63052209
SN,AH,nidana,230,8.77,3.31,27.71084337
SN,AH,nidana,764,8.77,3.41,27.71084337
SN,AH,nidana,1330,8.77,3.4,27.71084337
SN,AH,nidana,1582,8.77,3.01,27.71084337
SN,AH,nidana,550,8.78,3.33,27.79116466
SN,AH,nidana,756,8.78,3.62,27.79116466
SN,AH,nidana,1548,8.78,3.18,27.79116466
SN,AH,nidana,36,8.79,3.47,27.87148594
SN,AH,nidana,631,8.79,3.41,27.87148594
SN,AH,nidana,1013,8.79,3.53,27.87148594
SN,AH,nidana,120,8.8,3.84,27.95180723
SN,AH,nidana,364,8.8,3.81,27.95180723
SN,AH,nidana,618,8.8,3.71,27.95180723
SN,AH,nidana,643,8.8,3.27,27.95180723
SN,AH,nidana,1474,8.8,3.31,27.95180723
SN,AH,nidana,78,8.81,3.55,28.03212851
SN,AH,nidana,754,8.81,3.72,28.03212851
SN,AH,nidana,1054,8.81,3.27,28.03212851
SN,AH,nidana,1071,8.81,3.39,28.03212851
SN,AH,nidana,270,8.82,3.48,28.1124498
SN,AH,nidana,465,8.82,3.12,28.1124498
SN,AH,nidana,473,8.82,3.41,28.1124498
SN,AH,nidana,1075,8.82,3.21,28.1124498
SN,AH,nidana,1327,8.82,3.38,28.1124498
SN,AH,nidana,462,8.83,3.11,28.19277108
SN,AH,nidana,239,8.84,3.46,28.27309237
SN,AH,nidana,733,8.84,3.44,28.27309237
SN,AH,nidana,758,8.84,3.59,28.27309237
SN,AH,nidana,1244,8.84,3.13,28.27309237
SN,AH,nidana,590,8.85,3.68,28.35341365
SN,AH,nidana,646,8.85,3.23,28.35341365
SN,AH,nidana,1173,8.85,3.45,28.35341365
SN,AH,nidana,912,8.86,3.82,28.43373494
SN,AH,nidana,355,8.87,3.58,28.51405622
SN,AH,nidana,650,8.87,3.2,28.51405622
SN,AH,nidana,699,8.87,3.97,28.51405622
SN,AH,nidana,125,8.88,3.86,28.59437751
SN,AH,nidana,404,8.88,3.39,28.59437751
SN,AH,nidana,1256,8.88,3.28,28.59437751
SN,AH,nidana,1257,8.88,3.28,28.59437751
SN,AH,nidana,1258,8.88,3.28,28.59437751
SN,AH,nidana,119,8.89,3.83,28.6746988
SN,AH,nidana,310,8.89,3.3,28.6746988
SN,AH,nidana,1550,8.89,3.33,28.6746988
SN,AH,nidana,21,8.9,3.48,28.75502008
SN,AH,nidana,117,8.9,3.78,28.75502008
SN,AH,nidana,376,8.9,3.58,28.75502008
SN,AH,nidana,464,8.9,3.14,28.75502008
SN,AH,nidana,939,8.9,3.4,28.75502008
SN,AH,nidana,956,8.9,3.14,28.75502008
SN,AH,nidana,617,8.91,3.74,28.83534137
SN,AH,nidana,1328,8.91,3.49,28.83534137
SN,AH,nidana,1409,8.91,3.36,28.83534137
SN,AH,nidana,1528,8.91,3.37,28.83534137
SN,AH,nidana,755,8.92,3.69,28.91566265
SN,AH,nidana,1350,8.92,3.53,28.91566265
SN,AH,nidana,79,8.93,3.57,28.99598394
SN,AH,nidana,368,8.93,3.85,28.99598394
SN,AH,nidana,701,8.93,3.93,28.99598394
SN,AH,nidana,984,8.93,3.89,28.99598394
SN,AH,nidana,436,8.94,3.84,29.07630522
SN,AH,nidana,726,8.94,3.2,29.07630522
SN,AH,nidana,357,8.95,3.53,29.15662651
SN,AH,nidana,467,8.95,3.17,29.15662651
SN,AH,nidana,532,8.95,3.35,29.15662651
SN,AH,nidana,705,8.95,3.72,29.15662651
SN,AH,nidana,941,8.95,3.3,29.15662651
SN,AH,nidana,228,8.96,3.45,29.23694779
SN,AH,nidana,370,8.96,3.91,29.23694779
SN,AH,nidana,470,8.96,3.37,29.23694779
SN,AH,nidana,1144,8.96,3.86,29.23694779
SN,AH,nidana,1,8.97,3.93,29.31726908
SN,AH,nidana,123,8.97,3.86,29.31726908
SN,AH,nidana,382,8.97,3.56,29.31726908
SN,AH,nidana,408,8.97,3.66,29.31726908
SN,AH,nidana,524,8.97,2.99,29.31726908
SN,AH,nidana,530,8.97,3.41,29.31726908
SN,AH,nidana,437,8.98,3.78,29.39759036
SN,AH,nidana,1175,8.98,3.57,29.39759036
SN,AH,nidana,356,8.99,3.59,29.47791165
SN,AH,nidana,235,9,3.43,29.55823293
SN,AH,nidana,1009,9,3.38,29.55823293
SN,AH,nidana,1012,9,3.51,29.55823293
SN,AH,nidana,1457,9,3.71,29.55823293
SN,AH,nidana,124,9.01,3.88,29.63855422
SN,AH,nidana,527,9.01,3.17,29.63855422
SN,AH,nidana,1016,9.01,3.67,29.63855422
SN,AH,nidana,1383,9.01,3.34,29.63855422
SN,AH,nidana,1280,9.02,3.65,29.7188755
SN,AH,nidana,1578,9.02,3.39,29.7188755
SN,AH,nidana,873,9.03,3.31,29.79919679
SN,AH,nidana,612,9.04,3.64,29.87951807
SN,AH,nidana,1010,9.04,3.39,29.87951807
SN,AH,nidana,1581,9.04,3.19,29.87951807
SN,AH,nidana,632,9.05,3.54,29.95983936
SN,AH,nidana,1015,9.05,3.52,29.95983936
SN,AH,nidana,982,9.06,4.02,30.04016064
SN,AH,nidana,267,9.07,3.55,30.12048193
SN,AH,nidana,391,9.07,3.5,30.12048193
SN,AH,nidana,829,9.07,3.34,30.12048193
SN,AH,nidana,1017,9.07,3.6,30.12048193
SN,AH,nidana,1074,9.07,3.33,30.12048193
SN,AH,nidana,362,9.08,3.85,30.20080321
SN,AH,nidana,387,9.08,3.36,30.20080321
SN,AH,nidana,531,9.08,3.44,30.20080321
SN,AH,nidana,936,9.08,3.51,30.20080321
SN,AH,nidana,1539,9.08,3.61,30.20080321
SN,AH,nidana,31,9.09,3.49,30.2811245
SN,AH,nidana,216,9.09,3.46,30.2811245
SN,AH,nidana,630,9.09,3.53,30.2811245
SN,AH,nidana,1206,9.09,3.47,30.2811245
SN,AH,nidana,1378,9.09,3.09,30.2811245
SN,AH,nidana,1413,9.09,3.34,30.2811245
SN,AH,nidana,236,9.1,3.5,30.36144578
SN,AH,nidana,456,9.1,3.35,30.36144578
SN,AH,nidana,727,9.11,3.31,30.44176707
SN,AH,nidana,883,9.11,3.24,30.44176707
SN,AH,nidana,42,9.12,3.55,30.52208835
SN,AH,nidana,940,9.12,3.41,30.52208835
SN,AH,nidana,32,9.13,3.52,30.60240964
SN,AH,nidana,328,9.13,3.71,30.60240964
SN,AH,nidana,1408,9.13,3.43,30.60240964
SN,AH,nidana,647,9.14,3.37,30.68273092
SN,AH,nidana,1220,9.16,3.81,30.84337349
SN,AH,nidana,1438,9.16,3.84,30.84337349
SN,AH,nidana,1575,9.16,3.61,30.84337349
SN,AH,nidana,226,9.17,3.48,30.92369478
SN,AH,nidana,383,9.17,3.6,30.92369478
SN,AH,nidana,693,9.17,3.94,30.92369478
SN,AH,nidana,901,9.17,3.82,30.92369478
SN,AH,nidana,1411,9.17,3.39,30.92369478
SN,AH,nidana,1290,9.18,3.69,31.00401606
SN,AH,nidana,1380,9.18,3.23,31.00401606
SN,AH,nidana,44,9.19,3.5,31.08433735
SN,AH,nidana,118,9.19,4.01,31.08433735
SN,AH,nidana,354,9.19,3.62,31.08433735
SN,AH,nidana,917,9.19,4.16,31.08433735
SN,AH,nidana,392,9.2,3.5,31.16465863
SN,AH,nidana,461,9.2,3.2,31.16465863
SN,AH,nidana,548,9.2,3.4,31.16465863
SN,AH,nidana,983,9.2,4,31.16465863
SN,AH,nidana,237,9.21,3.48,31.24497992
SN,AH,nidana,268,9.21,3.61,31.24497992
SN,AH,nidana,1014,9.21,3.44,31.24497992
SN,AH,nidana,1381,9.21,3.29,31.24497992
SN,AH,nidana,24,9.22,3.52,31.3253012
SN,AH,nidana,1080,9.22,3.3,31.3253012
SN,AH,nidana,1527,9.22,3.45,31.3253012
SN,AH,nidana,396,9.23,3.37,31.40562249
SN,AH,nidana,242,9.24,3.57,31.48594378
SN,AH,nidana,427,9.24,3.68,31.48594378
SN,AH,nidana,616,9.24,3.8,31.48594378
SN,AH,nidana,41,9.25,3.62,31.56626506
SN,AH,nidana,1331,9.25,3.5,31.56626506
SN,AH,nidana,1530,9.25,3.51,31.56626506
SN,AH,nidana,1174,9.26,3.76,31.64658635
SN,AH,nidana,1250,9.26,3.1,31.64658635
SN,AH,nidana,1305,9.26,4.08,31.64658635
SN,AH,nidana,1571,9.27,3.73,31.72690763
SN,AH,nidana,469,9.28,3.37,31.80722892
SN,AH,nidana,1311,9.28,3.75,31.80722892
SN,AH,nidana,1536,9.28,3.63,31.80722892
SN,AH,nidana,181,9.29,3.67,31.8875502
SN,AH,nidana,233,9.29,3.38,31.8875502
SN,AH,nidana,624,9.29,3.69,31.8875502
SN,AH,nidana,709,9.29,3.87,31.8875502
SN,AH,nidana,725,9.29,3.3,31.8875502
SN,AH,nidana,388,9.3,3.49,31.96787149
SN,AH,nidana,296,9.31,3.7,32.04819277
SN,AH,nidana,308,9.31,3.53,32.04819277
SN,AH,nidana,1576,9.32,3.63,32.12851406
SN,AH,nidana,234,9.33,3.46,32.20883534
SN,AH,nidana,619,9.33,3.83,32.20883534
SN,AH,nidana,767,9.33,3.56,32.20883534
SN,AH,nidana,1317,9.33,3.66,32.20883534
SN,AH,nidana,1332,9.33,3.55,32.20883534
SN,AH,nidana,217,9.35,3.58,32.36947791
SN,AH,nidana,460,9.35,3.24,32.36947791
SN,AH,nidana,623,9.35,3.65,32.36947791
SN,AH,nidana,759,9.35,3.73,32.36947791
SN,AH,nidana,1579,9.35,3.29,32.36947791
SN,AH,nidana,363,9.36,3.96,32.4497992
SN,AH,nidana,358,9.37,3.76,32.53012048
SN,AH,nidana,219,9.38,3.61,32.61044177
SN,AH,nidana,523,9.38,3.01,32.61044177
SN,AH,nidana,106,9.39,3.9,32.69076305
SN,AH,nidana,642,9.39,3.38,32.69076305
SN,AH,nidana,1255,9.39,3.43,32.69076305
SN,AH,nidana,385,9.4,3.58,32.77108434
SN,AH,nidana,611,9.4,3.76,32.77108434
SN,AH,nidana,760,9.4,3.69,32.77108434
SN,AH,nidana,1310,9.4,3.86,32.77108434
SN,AH,nidana,361,9.41,3.91,32.85140562
SN,AH,nidana,533,9.41,3.52,32.85140562
SN,AH,nidana,1551,9.41,3.45,32.85140562
SN,AH,nidana,691,9.42,4,32.93172691
SN,AH,nidana,231,9.43,3.41,33.01204819
SN,AH,nidana,389,9.43,3.52,33.01204819
SN,AH,nidana,384,9.44,3.63,33.09236948
SN,AH,nidana,641,9.44,3.5,33.09236948
SN,AH,nidana,1082,9.44,3.25,33.09236948
SN,AH,nidana,1499,9.44,3.79,33.09236948
SN,AH,nidana,1079,9.45,3.41,33.17269076
SN,AH,nidana,300,9.46,3.81,33.25301205
SN,AH,nidana,1045,9.46,3.58,33.25301205
SN,AH,nidana,1081,9.46,3.34,33.25301205
SN,AH,nidana,369,9.47,3.98,33.33333333
SN,AH,nidana,640,9.47,3.49,33.33333333
SN,AH,nidana,955,9.47,3.25,33.33333333
SN,AH,nidana,1309,9.47,3.97,33.33333333
SN,AH,nidana,393,9.48,3.47,33.41365462
SN,AH,nidana,1442,9.48,4.01,33.41365462
SN,AH,nidana,88,9.49,3.44,33.4939759
SN,AH,nidana,265,9.49,3.67,33.4939759
SN,AH,nidana,865,9.49,3.54,33.4939759
SN,AH,nidana,1254,9.49,3.36,33.4939759
SN,AH,nidana,1475,9.49,3.43,33.4939759
SN,AH,nidana,882,9.5,3.32,33.57429719
SN,AH,nidana,1073,9.5,3.46,33.57429719
SN,AH,nidana,1246,9.5,3.26,33.57429719
SN,AH,nidana,1403,9.5,3.51,33.57429719
SN,AH,nidana,218,9.51,3.54,33.65461847
SN,AH,nidana,297,9.51,3.76,33.65461847
SN,AH,nidana,937,9.51,3.6,33.65461847
SN,AH,nidana,1041,9.51,3.63,33.65461847
SN,AH,nidana,1538,9.51,3.67,33.65461847
SN,AH,nidana,1560,9.51,3.72,33.65461847
SN,AH,nidana,1148,9.52,3.87,33.73493976
SN,AH,nidana,690,9.53,4,33.81526104
SN,AH,nidana,1402,9.53,3.51,33.81526104
SN,AH,nidana,380,9.54,3.93,33.89558233
SN,AH,nidana,1412,9.54,3.44,33.89558233
SN,AH,nidana,1572,9.54,3.71,33.89558233
SN,AH,nidana,541,9.55,3.5,33.97590361
SN,AH,nidana,604,9.55,3.93,33.97590361
SN,AH,nidana,329,9.56,3.79,34.0562249
SN,AH,nidana,352,9.56,3.77,34.0562249
SN,AH,nidana,1440,9.56,3.92,34.0562249
SN,AH,nidana,1531,9.56,3.63,34.0562249
SN,AH,nidana,710,9.57,3.92,34.13654618
SN,AH,nidana,938,9.57,3.57,34.13654618
SN,AH,nidana,1407,9.57,3.5,34.13654618
SN,AH,nidana,1515,9.57,3.58,34.13654618
SN,AH,nidana,227,9.58,3.56,34.21686747
SN,AH,nidana,1057,9.58,3.33,34.21686747
SN,AH,nidana,1526,9.58,3.53,34.21686747
SN,AH,nidana,29,9.59,3.38,34.29718876
SN,AH,nidana,543,9.59,3.63,34.29718876
SN,AH,nidana,549,9.59,3.49,34.29718876
SN,AH,nidana,1053,9.6,3.53,34.37751004
SN,AH,nidana,309,9.61,3.55,34.45783133
SN,AH,nidana,375,9.61,3.6,34.45783133
SN,AH,nidana,1060,9.61,3.32,34.45783133
SN,AH,nidana,913,9.62,4.14,34.53815261
SN,AH,nidana,1574,9.62,3.74,34.53815261
SN,AH,nidana,293,9.63,3.8,34.6184739
SN,AH,nidana,182,9.64,3.45,34.69879518
SN,AH,nidana,379,9.64,3.94,34.69879518
SN,AH,nidana,762,9.64,3.64,34.69879518
SN,AH,nidana,351,9.66,3.83,34.85943775
SN,AH,nidana,540,9.66,3.57,34.85943775
SN,AH,nidana,1580,9.66,3.32,34.85943775
SN,AH,nidana,359,9.67,3.82,34.93975904
SN,AH,nidana,1043,9.67,3.61,34.93975904
SN,AH,nidana,1067,9.67,3.56,34.93975904
SN,AH,nidana,80,9.68,3.69,35.02008032
SN,AH,nidana,1056,9.68,3.36,35.02008032
SN,AH,nidana,1271,9.68,3.73,35.02008032
SN,AH,nidana,1306,9.68,4.12,35.02008032
SN,AH,nidana,1069,9.69,3.6,35.10040161
SN,AH,nidana,1083,9.69,3.32,35.10040161
SN,AH,nidana,1480,9.7,3.53,35.18072289
SN,AH,nidana,1552,9.7,3.59,35.18072289
SN,AH,nidana,603,9.71,3.97,35.26104418
SN,AH,nidana,229,9.72,3.59,35.34136546
SN,AH,nidana,977,9.72,4.33,35.34136546
SN,AH,nidana,220,9.73,3.78,35.42168675
SN,AH,nidana,795,9.73,4.14,35.42168675
SN,AH,nidana,1416,9.73,3.66,35.42168675
SN,AH,nidana,90,9.74,3.55,35.50200803
SN,AH,nidana,311,9.74,3.55,35.50200803
SN,AH,nidana,648,9.74,3.48,35.50200803
SN,AH,nidana,528,9.75,3.34,35.58232932
SN,AH,nidana,1052,9.75,3.58,35.58232932
SN,AH,nidana,89,9.76,3.57,35.6626506
SN,AH,nidana,692,9.76,4.06,35.6626506
SN,AH,nidana,919,9.76,4.21,35.6626506
SN,AH,nidana,698,9.77,4.22,35.74297189
SN,AH,nidana,627,9.78,3.82,35.82329317
SN,AH,nidana,918,9.78,4.31,35.82329317
SN,AH,nidana,1051,9.78,3.57,35.82329317
SN,AH,nidana,509,9.79,3.17,35.90361446
SN,AH,nidana,728,9.79,3.56,35.90361446
SN,AH,nidana,529,9.8,3.4,35.98393574
SN,AH,nidana,880,9.8,3.39,35.98393574
SN,AH,nidana,1534,9.8,3.74,35.98393574
SN,AH,nidana,92,9.83,3.56,36.2248996
SN,AH,nidana,625,9.83,3.83,36.2248996
SN,AH,nidana,900,9.83,3.87,36.2248996
SN,AH,nidana,1077,9.83,3.45,36.2248996
SN,AH,nidana,1460,9.83,3.87,36.2248996
SN,AH,nidana,30,9.84,3.59,36.30522088
SN,AH,nidana,394,9.84,3.63,36.30522088
SN,AH,nidana,544,9.84,3.63,36.30522088
SN,AH,nidana,1334,9.84,3.74,36.30522088
SN,AH,nidana,25,9.86,3.76,36.46586345
SN,AH,nidana,43,9.89,3.77,36.70682731
SN,AH,nidana,294,9.89,3.87,36.70682731
SN,AH,nidana,302,9.89,3.96,36.70682731
SN,AH,nidana,1253,9.89,3.44,36.70682731
SN,AH,nidana,525,9.9,3.13,36.78714859
SN,AH,nidana,595,9.9,4.01,36.78714859
SN,AH,nidana,622,9.92,3.82,36.94779116
SN,AH,nidana,240,9.93,3.7,37.02811245
SN,AH,nidana,1272,9.93,3.75,37.02811245
SN,AH,nidana,605,9.94,3.99,37.10843373
SN,AH,nidana,1058,9.94,3.42,37.10843373
SN,AH,nidana,884,9.95,3.49,37.18875502
SN,AH,nidana,1404,9.95,3.68,37.18875502
SN,AH,nidana,1459,9.95,3.88,37.18875502
SN,AH,nidana,1479,9.95,3.5,37.18875502
SN,AH,nidana,874,9.96,3.59,37.26907631
SN,AH,nidana,1308,9.96,4.12,37.26907631
SN,AH,nidana,777,9.97,3.41,37.34939759
SN,AH,nidana,1333,9.97,3.73,37.34939759
SN,AH,nidana,1561,9.97,3.86,37.34939759
SN,AH,nidana,435,9.98,4.14,37.42971888
SN,AH,nidana,629,9.98,3.77,37.42971888
SN,AH,nidana,1291,9.98,3.95,37.42971888
SN,AH,nidana,1461,9.99,3.71,37.51004016
SN,AH,nidana,426,10,3.83,37.59036145
SN,AH,nidana,1040,10,3.48,37.59036145
SN,AH,nidana,1316,10,3.76,37.59036145
SN,AH,nidana,425,10.01,3.9,37.67068273
SN,AH,nidana,546,10.02,3.61,37.75100402
SN,AH,nidana,1439,10.02,4.1,37.75100402
SN,AH,nidana,428,10.03,3.87,37.8313253
SN,AH,nidana,266,10.04,3.75,37.91164659
SN,AH,nidana,183,10.05,3.7,37.99196787
SN,AH,nidana,232,10.05,3.57,37.99196787
SN,AH,nidana,881,10.05,3.46,37.99196787
SN,AH,nidana,763,10.06,3.7,38.07228916
SN,AH,nidana,857,10.07,3.83,38.15261044
SN,AH,nidana,301,10.08,3.98,38.23293173
SN,AH,nidana,390,10.08,3.74,38.23293173
SN,AH,nidana,545,10.08,3.66,38.23293173
SN,AH,nidana,1570,10.08,3.98,38.23293173
SN,AH,nidana,593,10.09,3.99,38.31325301
SN,AH,nidana,539,10.11,3.67,38.47389558
SN,AH,nidana,547,10.11,3.6,38.47389558
SN,AH,nidana,1348,10.11,3.82,38.47389558
SN,AH,nidana,1078,10.12,3.6,38.55421687
SN,AH,nidana,1518,10.13,3.65,38.63453815
SN,AH,nidana,1458,10.14,3.95,38.71485944
SN,AH,nidana,421,10.15,3.92,38.79518072
SN,AH,nidana,606,10.15,4.11,38.79518072
SN,AH,nidana,1346,10.15,3.91,38.79518072
SN,AH,nidana,1044,10.16,3.69,38.87550201
SN,AH,nidana,186,10.18,3.81,39.03614458
SN,AH,nidana,1437,10.18,4.25,39.03614458
SN,AH,nidana,535,10.19,3.83,39.11646586
SN,AH,nidana,626,10.21,3.9,39.27710843
SN,AH,nidana,184,10.22,3.81,39.35742972
SN,AH,nidana,360,10.22,3.98,39.35742972
SN,AH,nidana,1061,10.22,3.55,39.35742972
SN,AH,nidana,598,10.24,4.08,39.51807229
SN,AH,nidana,1252,10.24,3.54,39.51807229
SN,AH,nidana,91,10.25,3.68,39.59839357
SN,AH,nidana,926,10.26,4.31,39.67871486
SN,AH,nidana,1269,10.27,3.8,39.75903614
SN,AH,nidana,1477,10.27,3.58,39.75903614
SN,AH,nidana,1478,10.27,3.58,39.75903614
SN,AH,nidana,1573,10.27,3.84,39.75903614
SN,AH,nidana,46,10.28,3.83,39.83935743
SN,AH,nidana,1030,10.28,3.67,39.83935743
SN,AH,nidana,1307,10.28,4.23,39.83935743
SN,AH,nidana,1315,10.28,3.86,39.83935743
SN,AH,nidana,628,10.29,3.89,39.91967871
SN,AH,nidana,1064,10.29,3.57,39.91967871
SN,AH,nidana,1494,10.29,4,39.91967871
SN,AH,nidana,649,10.3,3.58,40
SN,AH,nidana,1312,10.3,4.17,40
SN,AH,nidana,45,10.31,3.75,40.08032129
SN,AH,nidana,885,10.31,3.57,40.08032129
SN,AH,nidana,1068,10.31,3.74,40.08032129
SN,AH,nidana,1251,10.31,3.5,40.08032129
SN,AH,nidana,761,10.32,3.76,40.16064257
SN,AH,nidana,215,10.33,3.85,40.24096386
SN,AH,nidana,330,10.33,3.97,40.24096386
SN,AH,nidana,1032,10.35,3.65,40.40160643
SN,AH,nidana,1270,10.35,3.84,40.40160643
SN,AH,nidana,1441,10.35,4.16,40.40160643
SN,AH,nidana,1497,10.36,3.98,40.48192771
SN,AH,nidana,111,10.39,4.16,40.72289157
SN,AH,nidana,241,10.39,3.86,40.72289157
SN,AH,nidana,864,10.39,3.7,40.72289157
SN,AH,nidana,1489,10.39,3.8,40.72289157
SN,AH,nidana,536,10.4,3.93,40.80321285
SN,AH,nidana,886,10.4,3.61,40.80321285
SN,AH,nidana,1349,10.41,3.92,40.88353414
SN,AH,nidana,600,10.42,4.12,40.96385542
SN,AH,nidana,794,10.42,4.47,40.96385542
SN,AH,nidana,1063,10.42,3.59,40.96385542
SN,AH,nidana,185,10.43,3.87,41.04417671
SN,AH,nidana,594,10.44,4.02,41.12449799
SN,AH,nidana,620,10.44,3.98,41.12449799
SN,AH,nidana,28,10.46,3.53,41.28514056
SN,AH,nidana,607,10.46,4.08,41.28514056
SN,AH,nidana,1496,10.47,3.92,41.36546185
SN,AH,nidana,534,10.48,3.89,41.44578313
SN,AH,nidana,110,10.49,4.28,41.52610442
SN,AH,nidana,608,10.49,4.08,41.52610442
SN,AH,nidana,1065,10.49,3.63,41.52610442
SN,AH,nidana,1313,10.5,4.13,41.6064257
SN,AH,nidana,1567,10.5,4.1,41.6064257
SN,AH,nidana,1533,10.51,3.87,41.68674699
SN,AH,nidana,107,10.52,4.04,41.76706827
SN,AH,nidana,353,10.53,3.96,41.84738956
SN,AH,nidana,1279,10.53,3.89,41.84738956
SN,AH,nidana,696,10.54,4.29,41.92771084
SN,AH,nidana,1476,10.55,3.66,42.00803213
SN,AH,nidana,422,10.56,4.03,42.08835341
SN,AH,nidana,1055,10.56,3.58,42.08835341
SN,AH,nidana,1519,10.56,3.77,42.08835341
SN,AH,nidana,99,10.57,3.8,42.1686747
SN,AH,nidana,1062,10.58,3.65,42.24899598
SN,AH,nidana,1405,10.58,3.74,42.24899598
SN,AH,nidana,695,10.59,4.25,42.32931727
SN,AH,nidana,538,10.6,3.91,42.40963855
SN,AH,nidana,1345,10.6,3.91,42.40963855
SN,AH,nidana,116,10.62,4.32,42.57028112
SN,AH,nidana,333,10.62,3.94,42.57028112
SN,AH,nidana,1467,10.64,3.68,42.73092369
SN,AH,nidana,887,10.66,3.67,42.89156627
SN,AH,nidana,1029,10.66,3.69,42.89156627
SN,AH,nidana,1483,10.68,3.73,43.05220884
SN,AH,nidana,1469,10.69,3.83,43.13253012
SN,AH,nidana,94,10.71,3.77,43.29317269
SN,AH,nidana,102,10.72,3.99,43.37349398
SN,AH,nidana,114,10.72,4.27,43.37349398
SN,AH,nidana,105,10.73,4.16,43.45381526
SN,AH,nidana,920,10.73,4.4,43.45381526
SN,AH,nidana,621,10.75,4.07,43.61445783
SN,AH,nidana,87,10.76,3.74,43.69477912
SN,AH,nidana,93,10.76,3.81,43.69477912
SN,AH,nidana,221,10.76,4.11,43.69477912
SN,AH,nidana,599,10.77,4.28,43.7751004
SN,AH,nidana,610,10.77,4.17,43.7751004
SN,AH,nidana,1498,10.78,4.06,43.85542169
SN,AH,nidana,601,10.79,4.24,43.93574297
SN,AH,nidana,954,10.79,3.64,43.93574297
SN,AH,nidana,112,10.81,4.24,44.09638554
SN,AH,nidana,1276,10.81,3.94,44.09638554
SN,AH,nidana,1277,10.81,3.94,44.09638554
SN,AH,nidana,1464,10.82,3.74,44.17670683
SN,AH,nidana,1486,10.83,3.96,44.25702811
SN,AH,nidana,694,10.85,4.35,44.41767068
SN,AH,nidana,875,10.85,3.71,44.41767068
SN,AH,nidana,108,10.86,4.11,44.49799197
SN,AH,nidana,779,10.88,3.73,44.65863454
SN,AH,nidana,778,10.89,3.69,44.73895582
SN,AH,nidana,1021,10.89,3.9,44.73895582
SN,AH,nidana,1248,10.89,3.71,44.73895582
SN,AH,nidana,100,10.9,3.89,44.81927711
SN,AH,nidana,862,10.9,3.95,44.81927711
SN,AH,nidana,98,10.91,3.82,44.89959839
SN,AH,nidana,222,10.92,4.07,44.97991968
SN,AH,nidana,1482,10.92,3.83,44.97991968
SN,AH,nidana,1532,10.92,4.01,44.97991968
SN,AH,nidana,1465,10.93,3.75,45.06024096
SN,AH,nidana,1466,10.93,3.75,45.06024096
SN,AH,nidana,596,10.94,4.29,45.14056225
SN,AH,nidana,424,10.95,4.03,45.22088353
SN,AH,nidana,783,10.95,3.94,45.22088353
SN,AH,nidana,298,10.97,4.13,45.3815261
SN,AH,nidana,1569,10.97,4.25,45.3815261
SN,AH,nidana,299,10.98,4.16,45.46184739
SN,AH,nidana,1344,10.98,4.05,45.46184739
SN,AH,nidana,1406,10.98,3.82,45.46184739
SN,AH,nidana,782,11,3.95,45.62248996
SN,AH,nidana,860,11,3.93,45.62248996
SN,AH,nidana,879,11.01,3.66,45.70281124
SN,AH,nidana,1568,11.01,4.24,45.70281124
SN,AH,nidana,1039,11.02,3.69,45.78313253
SN,AH,nidana,1245,11.02,3.57,45.78313253
SN,AH,nidana,1484,11.02,3.8,45.78313253
SN,AH,nidana,431,11.06,4.47,46.10441767
SN,AH,nidana,1488,11.06,3.92,46.10441767
SN,AH,nidana,537,11.07,4.12,46.18473896
SN,AH,nidana,602,11.07,4.4,46.18473896
SN,AH,nidana,1347,11.07,4.12,46.18473896
SN,AH,nidana,1022,11.08,4.09,46.26506024
SN,AH,nidana,1037,11.1,3.66,46.42570281
SN,AH,nidana,1566,11.1,4.16,46.42570281
SN,AH,nidana,81,11.11,4,46.5060241
SN,AH,nidana,1278,11.12,4.04,46.58634538
SN,AH,nidana,1059,11.14,3.82,46.74698795
SN,AH,nidana,1247,11.15,3.77,46.82730924
SN,AH,nidana,1492,11.15,4.12,46.82730924
SN,AH,nidana,945,11.16,3.6,46.90763052
SN,AH,nidana,331,11.17,4.15,46.98795181
SN,AH,nidana,1033,11.17,3.9,46.98795181
SN,AH,nidana,1036,11.18,3.66,47.06827309
SN,AH,nidana,1028,11.19,3.84,47.14859438
SN,AH,nidana,1470,11.19,3.95,47.14859438
SN,AH,nidana,1274,11.2,4.07,47.22891566
SN,AH,nidana,1273,11.21,3.97,47.30923695
SN,AH,nidana,1468,11.21,3.82,47.30923695
SN,AH,nidana,697,11.22,4.52,47.38955823
SN,AH,nidana,1336,11.22,4.04,47.38955823
SN,AH,nidana,1487,11.22,3.98,47.38955823
SN,AH,nidana,1275,11.23,4.02,47.46987952
SN,AH,nidana,1517,11.23,3.91,47.46987952
SN,AH,nidana,109,11.25,4.31,47.63052209
SN,AH,nidana,113,11.26,4.28,47.71084337
SN,AH,nidana,187,11.26,4.13,47.71084337
SN,AH,nidana,858,11.27,4.04,47.79116466
SN,AH,nidana,1031,11.27,3.84,47.79116466
SN,AH,nidana,101,11.28,3.97,47.87148594
SN,AH,nidana,1537,11.28,4.23,47.87148594
SN,AH,nidana,225,11.3,4.01,48.03212851
SN,AH,nidana,332,11.3,4.17,48.03212851
SN,AH,nidana,104,11.33,4.35,48.27309237
SN,AH,nidana,1462,11.34,3.83,48.35341365
SN,AH,nidana,1490,11.34,4.11,48.35341365
SN,AH,nidana,115,11.35,4.38,48.43373494
SN,AH,nidana,1314,11.38,4.34,48.6746988
SN,AH,nidana,1335,11.38,4.05,48.6746988
SN,AH,nidana,1516,11.38,4,48.6746988
SN,AH,nidana,434,11.39,4.52,48.75502008
SN,AH,nidana,423,11.41,4.21,48.91566265
SN,AH,nidana,1481,11.43,4,49.07630522
SN,AH,nidana,97,11.44,4.02,49.15662651
SN,AH,nidana,898,11.44,3.96,49.15662651
SN,AH,nidana,1520,11.44,3.93,49.15662651
SN,AH,nidana,1027,11.45,3.8,49.23694779
SN,AH,nidana,597,11.46,4.43,49.31726908
SN,AH,nidana,780,11.5,3.97,49.63855422
SN,AH,nidana,1463,11.5,3.9,49.63855422
SN,AH,nidana,878,11.51,3.77,49.7188755
SN,AH,nidana,1491,11.53,4.22,49.87951807
SN,AH,nidana,95,11.56,4.06,50.12048193
SN,AH,nidana,1249,11.57,3.79,50.20080321
SN,AH,nidana,96,11.58,4.03,50.2811245
SN,AH,nidana,223,11.58,4.2,50.2811245
SN,AH,nidana,432,11.58,4.67,50.2811245
SN,AH,nidana,899,11.61,4.22,50.52208835
SN,AH,nidana,863,11.64,4.11,50.76305221
SN,AH,nidana,922,11.64,4.59,50.76305221
SN,AH,nidana,923,11.65,4.58,50.84337349
SN,AH,nidana,1338,11.71,4.11,51.3253012
SN,AH,nidana,1493,11.71,4.26,51.3253012
SN,AH,nidana,1034,11.72,3.89,51.40562249
SN,AH,nidana,953,11.74,3.84,51.56626506
SN,AH,nidana,1485,11.74,3.95,51.56626506
SN,AH,nidana,609,11.75,4.39,51.64658635
SN,AH,nidana,781,11.76,4.01,51.72690763
SN,AH,nidana,861,11.76,4.16,51.72690763
SN,AH,nidana,214,11.8,4.18,52.04819277
SN,AH,nidana,925,11.8,4.67,52.04819277
SN,AH,nidana,1562,11.81,4.36,52.12851406
SN,AH,nidana,433,11.82,4.66,52.20883534
SN,AH,nidana,1038,11.82,3.85,52.20883534
SN,AH,nidana,944,11.9,3.81,52.85140562
SN,AH,nidana,1337,11.96,4.17,53.33333333
SN,AH,nidana,224,11.98,4.19,53.4939759
SN,AH,nidana,791,11.98,4.86,53.4939759
SN,AH,nidana,1024,11.98,4.25,53.4939759
SN,AH,nidana,1563,11.98,4.43,53.4939759
SN,AH,nidana,26,12.02,4.23,53.81526104
SN,AH,nidana,188,12.03,4.35,53.89558233
SN,AH,nidana,86,12.04,4.05,53.97590361
SN,AH,nidana,1565,12.1,4.4,54.45783133
SN,AH,nidana,82,12.12,4.18,54.6184739
SN,AH,nidana,921,12.19,4.72,55.18072289
SN,AH,nidana,27,12.21,4.09,55.34136546
SN,AH,nidana,784,12.21,4.29,55.34136546
SN,AH,nidana,897,12.22,4,55.42168675
SN,AH,nidana,429,12.23,4.37,55.50200803
SN,AH,nidana,859,12.28,4.32,55.90361446
SN,AH,nidana,350,12.3,4.83,56.06425703
SN,AH,nidana,1495,12.31,4.47,56.14457831
SN,AH,nidana,942,12.32,4.06,56.2248996
SN,AH,nidana,1023,12.33,4.36,56.30522088
SN,AH,nidana,430,12.36,4.48,56.54618474
SN,AH,nidana,786,12.44,4.69,57.18875502
SN,AH,nidana,876,12.46,4.02,57.34939759
SN,AH,nidana,793,12.51,5.02,57.75100402
SN,AH,nidana,103,12.55,4.7,58.07228916
SN,AH,nidana,785,12.56,4.46,58.15261044
SN,AH,nidana,888,12.56,3.99,58.15261044
SN,AH,nidana,1026,12.66,4.26,58.95582329
SN,AH,nidana,335,12.67,4.48,59.03614458
SN,AH,nidana,1025,12.68,4.29,59.11646586
SN,AH,nidana,1035,12.68,3.97,59.11646586
SN,AH,nidana,790,12.69,5.03,59.19678715
SN,AH,nidana,792,12.73,5.1,59.51807229
SN,AH,nidana,877,12.76,4.09,59.75903614
SN,AH,nidana,946,12.77,3.96,59.83935743
SN,AH,nidana,1339,12.81,4.31,60.16064257
SN,AH,nidana,336,12.82,4.51,60.24096386
SN,AH,nidana,83,12.87,4.32,60.64257028
SN,AH,nidana,85,12.9,4.31,60.88353414
SN,AH,nidana,1343,12.91,4.41,60.96385542
SN,AH,nidana,1341,12.92,4.43,61.04417671
SN,AH,nidana,1340,12.93,4.41,61.12449799
SN,AH,nidana,211,12.94,4.49,61.20481928
SN,AH,nidana,943,12.96,4.13,61.36546185
SN,AH,nidana,84,13.01,4.37,61.76706827
SN,AH,nidana,924,13.12,4.93,62.65060241
SN,AH,nidana,334,13.15,4.53,62.89156627
SN,AH,nidana,189,13.29,4.56,64.01606426
SN,AH,nidana,195,13.33,4.6,64.3373494
SN,AH,nidana,787,13.41,5.1,64.97991968
SN,AH,nidana,947,13.41,4.11,64.97991968
SN,AH,nidana,1564,13.5,4.74,65.70281124
SN,AH,nidana,895,13.59,4.17,66.42570281
SN,AH,nidana,1342,13.64,4.56,66.82730924
SN,AH,nidana,213,13.66,4.61,66.98795181
SN,AH,nidana,952,13.7,4.27,67.30923695
SN,AH,nidana,194,13.8,4.62,68.1124498
SN,AH,nidana,789,13.81,5.27,68.19277108
SN,AH,nidana,893,13.82,4.21,68.27309237
SN,AH,nidana,891,13.85,4.26,68.51405622
SN,AH,nidana,890,13.93,4.28,69.15662651
SN,AH,nidana,894,13.96,4.23,69.39759036
SN,AH,nidana,212,13.99,4.64,69.63855422
SN,AH,nidana,343,13.99,5.21,69.63855422
SN,AH,nidana,342,14.01,5.17,69.79919679
SN,AH,nidana,210,14.04,4.8,70.04016064
SN,AH,nidana,193,14.11,4.89,70.60240964
SN,AH,nidana,190,14.14,4.91,70.84337349
SN,AH,nidana,345,14.15,5.2,70.92369478
SN,AH,nidana,889,14.16,4.34,71.00401606
SN,AH,nidana,951,14.16,4.31,71.00401606
SN,AH,nidana,344,14.19,5.22,71.24497992
SN,AH,nidana,896,14.19,4.28,71.24497992
SN,AH,nidana,788,14.38,5.43,72.77108434
SN,AH,nidana,349,14.41,5.28,73.01204819
SN,AH,nidana,339,14.46,4.84,73.41365462
SN,AH,nidana,346,14.49,5.27,73.65461847
SN,AH,nidana,192,14.55,4.95,74.13654618
SN,AH,nidana,196,14.59,4.86,74.45783133
SN,AH,nidana,199,14.59,4.85,74.45783133
SN,AH,nidana,347,14.64,5.31,74.85943775
SN,AH,nidana,948,14.68,4.4,75.18072289
SN,AH,nidana,348,14.86,5.37,76.62650602
SN,AH,nidana,950,15.04,4.47,78.07228916
SN,AH,nidana,191,15.05,5.01,78.15261044
SN,AH,nidana,892,15.06,4.47,78.23293173
SN,AH,nidana,208,15.15,5.05,78.95582329
SN,AH,nidana,206,15.24,5.12,79.67871486
SN,AH,nidana,200,15.52,5.22,81.92771084
SN,AH,nidana,338,15.56,4.96,82.24899598
SN,AH,nidana,198,15.59,4.88,82.48995984
SN,AH,nidana,197,15.61,4.91,82.65060241
SN,AH,nidana,204,15.73,5.27,83.61445783
SN,AH,nidana,337,15.74,4.99,83.69477912
SN,AH,nidana,209,15.75,5.17,83.7751004
SN,AH,nidana,341,16.04,5.39,86.10441767
SN,AH,nidana,949,16.06,4.6,86.26506024
SN,AH,nidana,203,16.21,5.51,87.46987952
SN,AH,nidana,207,16.32,5.35,88.35341365
SN,AH,nidana,340,16.66,5.44,91.08433735
SN,AH,nidana,205,17.1,5.6,94.6184739
SN,AH,nidana,201,17.55,5.69,98.23293173
SN,AH,nidana,202,17.77,5.79,100
