Text_Type,Book,Chapter,Window,Avg Word Len,Avg Sen Len (Word),Avg Sen Len (Chr),Richness,Shannon,Avg Compound Words
SN,AS,kalpa,1,12.37,7.48,44.72,0.85,0.15,0.06
SN,AS,kalpa,2,12.43,7.48,44.96,0.85,0.15,0.06
SN,AS,kalpa,3,12.29,7.6,45.36,0.84,0.15,0.06
SN,AS,kalpa,4,12.18,7.48,44.24,0.83,0.15,0.06
SN,AS,kalpa,5,11.99,7.52,43.96,0.83,0.15,0.05
SN,AS,kalpa,6,11.82,7.24,41.84,0.83,0.15,0.05
SN,AS,kalpa,7,11.61,6.8,38.52,0.82,0.15,0.05
SN,AS,kalpa,8,11.71,6.44,36.72,0.83,0.16,0.05
SN,AS,kalpa,9,11.52,5.88,33.12,0.82,0.16,0.05
SN,AS,kalpa,10,11.22,5.88,32.4,0.8,0.16,0.04
SN,AS,kalpa,11,11.26,5.92,32.6,0.8,0.16,0.04
SN,AS,kalpa,12,10.91,5.96,31.8,0.81,0.16,0.03
SN,AS,kalpa,13,10.93,6.12,32.48,0.82,0.16,0.03
SN,AS,kalpa,14,10.97,6.0,31.92,0.83,0.16,0.03
SN,AS,kalpa,15,11.23,5.68,31.0,0.83,0.16,0.04
SN,AS,kalpa,16,11.51,5.56,31.2,0.86,0.16,0.04
SN,AS,kalpa,17,11.39,5.44,30.28,0.86,0.16,0.04
SN,AS,kalpa,18,11.42,5.24,29.08,0.86,0.16,0.05
SN,AS,kalpa,19,10.61,5.08,25.92,0.88,0.16,0.05
SN,AS,kalpa,20,9.91,4.96,23.8,0.88,0.16,0.03
SN,AS,kalpa,21,9.76,5.08,24.08,0.87,0.16,0.03
SN,AS,kalpa,22,9.77,5.12,24.08,0.87,0.16,0.03
SN,AS,kalpa,23,9.74,5.16,24.08,0.86,0.16,0.03
SN,AS,kalpa,24,9.71,5.28,24.44,0.86,0.16,0.03
SN,AS,kalpa,25,9.13,4.76,20.56,0.84,0.16,0.03
SN,AS,kalpa,26,8.95,4.64,19.68,0.84,0.17,0.03
SN,AS,kalpa,27,8.82,4.64,19.4,0.82,0.17,0.03
SN,AS,kalpa,28,9.35,4.48,19.6,0.84,0.17,0.03
SN,AS,kalpa,29,9.46,4.56,20.12,0.83,0.17,0.03
SN,AS,kalpa,30,9.64,4.68,20.88,0.83,0.17,0.03
SN,AS,kalpa,31,9.49,4.72,20.68,0.81,0.17,0.03
SN,AS,kalpa,32,9.67,4.76,21.4,0.82,0.17,0.03
SN,AS,kalpa,33,9.76,4.76,21.6,0.82,0.17,0.03
SN,AS,kalpa,34,9.86,4.84,22.2,0.82,0.17,0.02
SN,AS,kalpa,35,9.83,5.04,23.08,0.83,0.17,0.02
SN,AS,kalpa,36,9.91,5.32,24.6,0.83,0.16,0.03
SN,AS,kalpa,37,10.26,5.16,24.68,0.84,0.16,0.03
SN,AS,kalpa,38,10.71,5.04,25.64,0.83,0.17,0.04
SN,AS,kalpa,39,11.12,5.0,26.48,0.82,0.17,0.05
SN,AS,kalpa,40,11.35,5.08,27.48,0.83,0.16,0.05
SN,AS,kalpa,41,11.25,5.16,27.6,0.82,0.16,0.04
SN,AS,kalpa,42,11.42,5.36,29.4,0.81,0.17,0.04
SN,AS,kalpa,43,11.11,5.32,28.56,0.82,0.17,0.04
SN,AS,kalpa,44,11.11,5.24,28.32,0.82,0.17,0.04
SN,AS,kalpa,45,11.2,5.2,28.4,0.82,0.17,0.04
SN,AS,kalpa,46,11.34,4.92,27.2,0.83,0.17,0.04
SN,AS,kalpa,47,11.46,4.8,26.92,0.83,0.17,0.04
SN,AS,kalpa,48,11.51,4.76,26.84,0.83,0.17,0.04
SN,AS,kalpa,49,11.13,4.6,25.28,0.83,0.17,0.03
SN,AS,kalpa,50,11.24,4.56,25.24,0.84,0.16,0.04
SN,AS,kalpa,51,11.42,4.44,24.8,0.85,0.16,0.04
SN,AS,kalpa,52,11.45,4.4,24.56,0.86,0.16,0.04
SN,AS,kalpa,53,11.05,4.4,23.84,0.86,0.16,0.04
SN,AS,kalpa,54,10.76,4.48,23.6,0.87,0.16,0.04
SN,AS,kalpa,55,10.69,4.56,24.0,0.88,0.16,0.04
SN,AS,kalpa,56,10.97,4.6,24.76,0.88,0.16,0.03
SN,AS,kalpa,57,10.92,4.92,26.16,0.88,0.16,0.03
SN,AS,kalpa,58,10.94,5.0,26.6,0.87,0.16,0.03
SN,AS,kalpa,59,10.79,5.04,26.36,0.87,0.15,0.03
SN,AS,kalpa,60,11.12,4.84,26.0,0.87,0.16,0.04
SN,AS,kalpa,61,11.67,4.52,25.16,0.88,0.16,0.04
SN,AS,kalpa,62,11.91,4.4,24.88,0.87,0.16,0.05
SN,AS,kalpa,63,12.46,4.56,27.04,0.89,0.16,0.08
SN,AS,kalpa,64,12.1,4.48,25.8,0.87,0.16,0.07
SN,AS,kalpa,65,11.94,4.4,24.88,0.88,0.16,0.07
SN,AS,kalpa,66,11.85,4.36,24.4,0.88,0.16,0.07
SN,AS,kalpa,67,11.69,4.2,22.8,0.9,0.16,0.07
SN,AS,kalpa,68,11.67,4.32,23.24,0.93,0.15,0.06
SN,AS,kalpa,69,11.89,4.24,23.2,0.92,0.15,0.08
SN,AS,kalpa,70,12.24,4.16,23.16,0.93,0.15,0.08
SN,AS,kalpa,71,12.08,4.28,23.52,0.93,0.15,0.07
SN,AS,kalpa,72,11.97,4.4,23.84,0.94,0.15,0.07
SN,AS,kalpa,73,12.05,4.4,24.0,0.94,0.15,0.07
SN,AS,kalpa,74,12.21,4.36,24.08,0.93,0.15,0.07
SN,AS,kalpa,75,12.1,4.4,24.24,0.93,0.15,0.07
SN,AS,kalpa,76,12.39,4.36,24.72,0.93,0.15,0.08
SN,AS,kalpa,77,12.26,4.48,25.2,0.92,0.15,0.08
SN,AS,kalpa,78,12.25,4.52,25.44,0.92,0.15,0.08
SN,AS,kalpa,79,12.62,4.4,25.52,0.93,0.15,0.08
SN,AS,kalpa,80,13.12,4.08,24.52,0.92,0.16,0.1
SN,AS,kalpa,81,13.31,3.92,23.88,0.94,0.16,0.11
SN,AS,kalpa,82,13.27,3.64,22.12,0.93,0.16,0.12
SN,AS,kalpa,83,13.42,3.56,21.8,0.93,0.16,0.12
SN,AS,kalpa,84,13.93,3.44,21.8,0.93,0.16,0.13
SN,AS,kalpa,85,13.74,3.44,21.44,0.94,0.16,0.12
SN,AS,kalpa,86,13.52,3.36,20.96,0.94,0.16,0.12
SN,AS,kalpa,87,12.72,3.44,20.32,0.94,0.16,0.1
SN,AS,kalpa,88,10.9,3.28,16.24,0.94,0.16,0.06
SN,AS,kalpa,89,11.43,3.24,16.72,0.94,0.16,0.07
SN,AS,kalpa,90,11.19,3.32,16.72,0.93,0.16,0.07
SN,AS,kalpa,91,11.64,3.2,16.68,0.94,0.16,0.09
SN,AS,kalpa,92,11.69,3.2,16.68,0.94,0.16,0.09
SN,AS,kalpa,93,11.6,3.2,16.72,0.95,0.16,0.09
SN,AS,kalpa,94,11.39,3.28,16.76,0.94,0.16,0.07
SN,AS,kalpa,95,11.44,3.24,16.76,0.94,0.16,0.09
SN,AS,kalpa,96,11.77,3.16,16.72,0.95,0.16,0.09
SN,AS,kalpa,97,11.7,3.16,16.76,0.96,0.16,0.09
SN,AS,kalpa,98,11.48,3.24,16.76,0.95,0.16,0.09
SN,AS,kalpa,99,11.4,3.28,16.8,0.94,0.16,0.09
SN,AS,kalpa,100,11.92,3.16,16.76,0.95,0.16,0.1
SN,AS,kalpa,101,11.49,3.32,16.76,0.93,0.16,0.08
SN,AS,kalpa,102,11.49,3.32,16.76,0.93,0.16,0.08
SN,AS,kalpa,103,12.07,3.2,16.76,0.93,0.16,0.1
SN,AS,kalpa,104,12.24,3.16,16.68,0.92,0.16,0.11
SN,AS,kalpa,105,11.83,3.28,16.64,0.93,0.16,0.1
SN,AS,kalpa,106,11.34,3.44,16.68,0.92,0.16,0.08
SN,AS,kalpa,107,11.47,3.4,16.68,0.92,0.16,0.08
SN,AS,kalpa,108,11.12,3.52,16.72,0.91,0.16,0.08
SN,AS,kalpa,109,10.91,3.6,16.72,0.91,0.16,0.08
SN,AS,kalpa,110,11.24,3.48,16.72,0.91,0.16,0.09
SN,AS,kalpa,111,10.9,3.6,16.68,0.91,0.16,0.08
SN,AS,kalpa,112,10.78,3.64,16.68,0.91,0.16,0.08
SN,AS,kalpa,113,11.12,3.56,16.72,0.92,0.16,0.08
SN,AS,kalpa,114,10.63,3.72,16.72,0.9,0.16,0.06
SN,AS,kalpa,115,10.97,3.64,16.8,0.9,0.16,0.07
SN,AS,kalpa,116,10.42,3.8,16.84,0.91,0.16,0.05
SN,AS,kalpa,117,10.55,3.76,16.8,0.91,0.16,0.05
SN,AS,kalpa,118,10.59,3.76,16.8,0.93,0.16,0.05
SN,AS,kalpa,119,10.45,3.8,16.76,0.93,0.16,0.05
SN,AS,kalpa,120,10.3,3.88,16.72,0.93,0.16,0.04
SN,AS,kalpa,121,9.91,4.0,16.76,0.92,0.16,0.04
SN,AS,kalpa,122,10.34,3.88,16.76,0.92,0.16,0.05
SN,AS,kalpa,123,10.35,3.84,16.8,0.95,0.16,0.05
SN,AS,kalpa,124,10.63,3.72,16.76,0.95,0.16,0.06
SN,AS,kalpa,125,10.38,3.8,16.8,0.95,0.16,0.05
SN,AS,kalpa,126,10.05,3.88,16.76,0.95,0.15,0.05
SN,AS,kalpa,127,10.41,3.76,16.72,0.95,0.16,0.06
SN,AS,kalpa,128,9.83,3.92,16.72,0.95,0.15,0.05
SN,AS,kalpa,129,9.47,4.04,16.72,0.95,0.15,0.04
SN,AS,kalpa,130,9.51,4.0,16.72,0.95,0.15,0.04
SN,AS,kalpa,131,9.56,3.96,16.72,0.95,0.15,0.04
SN,AS,kalpa,132,9.66,3.92,16.68,0.95,0.15,0.04
SN,AS,kalpa,133,9.72,3.88,16.64,0.96,0.15,0.04
SN,AS,kalpa,134,9.57,3.88,16.6,0.95,0.15,0.04
SN,AS,kalpa,135,9.41,3.92,16.64,0.95,0.15,0.03
SN,AS,kalpa,136,9.17,4.0,16.64,0.93,0.16,0.03
SN,AS,kalpa,137,9.41,3.92,16.72,0.92,0.16,0.03
SN,AS,kalpa,138,9.27,3.96,16.72,0.92,0.16,0.03
SN,AS,kalpa,139,9.15,3.96,16.68,0.92,0.16,0.03
SN,AS,kalpa,140,9.08,3.96,16.64,0.91,0.16,0.03
SN,AS,kalpa,141,9.1,4.0,16.64,0.92,0.16,0.03
SN,AS,kalpa,142,8.83,4.08,16.68,0.91,0.16,0.03
SN,AS,kalpa,143,9.01,4.0,16.68,0.91,0.16,0.03
SN,AS,kalpa,144,8.83,4.08,16.68,0.91,0.16,0.03
SN,AS,kalpa,145,8.54,4.16,16.72,0.91,0.16,0.03
SN,AS,kalpa,146,8.52,4.16,16.68,0.89,0.16,0.03
SN,AS,kalpa,147,8.11,4.32,16.68,0.87,0.16,0.02
SN,AS,kalpa,148,8.36,4.2,16.6,0.87,0.16,0.03
SN,AS,kalpa,149,8.23,4.28,16.6,0.87,0.16,0.02
SN,AS,kalpa,150,8.14,4.32,16.56,0.87,0.16,0.02
SN,AS,kalpa,151,8.44,4.16,16.56,0.88,0.16,0.02
SN,AS,kalpa,152,8.19,4.28,16.6,0.88,0.16,0.01
SN,AS,kalpa,153,8.21,4.28,16.56,0.85,0.16,0.01
SN,AS,kalpa,154,8.04,4.36,16.56,0.84,0.16,0.01
SN,AS,kalpa,155,7.88,4.44,16.6,0.86,0.16,0.01
SN,AS,kalpa,156,7.78,4.48,16.56,0.86,0.16,0.01
SN,AS,kalpa,157,7.7,4.52,16.6,0.86,0.16,0.01
SN,AS,kalpa,158,7.81,4.44,16.6,0.86,0.16,0.01
SN,AS,kalpa,159,7.83,4.44,16.56,0.87,0.16,0.01
SN,AS,kalpa,160,7.79,4.52,16.52,0.88,0.16,0.01
SN,AS,kalpa,161,7.86,4.52,16.52,0.88,0.16,0.01
SN,AS,kalpa,162,7.77,4.56,16.44,0.88,0.16,0.01
SN,AS,kalpa,163,7.83,4.52,16.4,0.88,0.15,0.01
SN,AS,kalpa,164,8.01,4.48,16.48,0.9,0.15,0.01
SN,AS,kalpa,165,7.96,4.52,16.48,0.9,0.15,0.01
SN,AS,kalpa,166,8.08,4.44,16.48,0.91,0.15,0.01
SN,AS,kalpa,167,8.28,4.36,16.48,0.9,0.15,0.01
SN,AS,kalpa,168,8.44,4.32,16.48,0.9,0.15,0.02
SN,AS,kalpa,169,8.88,4.16,16.48,0.9,0.16,0.02
SN,AS,kalpa,170,9.06,4.12,16.48,0.89,0.16,0.02
SN,AS,kalpa,171,9.57,3.92,16.48,0.9,0.16,0.03
SN,AS,kalpa,172,9.59,3.92,16.44,0.91,0.16,0.03
SN,AS,kalpa,173,9.37,4.04,16.56,0.91,0.16,0.02
SN,AS,kalpa,174,9.29,4.08,16.6,0.91,0.16,0.02
SN,AS,kalpa,175,9.31,4.12,16.64,0.91,0.16,0.02
SN,AS,kalpa,176,9.15,4.2,16.64,0.9,0.16,0.02
SN,AS,kalpa,177,9.39,4.08,16.64,0.91,0.16,0.02
SN,AS,kalpa,178,9.56,4.04,16.72,0.92,0.16,0.02
SN,AS,kalpa,179,9.88,3.92,16.68,0.92,0.16,0.02
SN,AS,kalpa,180,9.93,3.88,16.68,0.91,0.16,0.02
SN,AS,kalpa,181,10.24,3.76,16.68,0.91,0.16,0.02
SN,AS,kalpa,182,10.4,3.72,16.68,0.9,0.16,0.02
SN,AS,kalpa,183,10.32,3.76,16.68,0.9,0.16,0.03
SN,AS,kalpa,184,10.54,3.68,16.72,0.9,0.16,0.03
SN,AS,kalpa,185,10.8,3.6,16.72,0.9,0.16,0.03
SN,AS,kalpa,186,11.05,3.52,16.8,0.92,0.16,0.03
SN,AS,kalpa,187,11.24,3.44,16.84,0.92,0.16,0.05
SN,AS,kalpa,188,11.22,3.44,16.84,0.92,0.16,0.05
SN,AS,kalpa,189,11.16,3.44,16.76,0.92,0.16,0.05
SN,AS,kalpa,190,11.09,3.44,16.76,0.92,0.16,0.05
SN,AS,kalpa,191,11.25,3.4,16.84,0.92,0.16,0.06
SN,AS,kalpa,192,11.32,3.36,16.84,0.94,0.16,0.06
SN,AS,kalpa,193,11.2,3.36,16.8,0.94,0.16,0.05
SN,AS,kalpa,194,10.99,3.4,16.84,0.94,0.16,0.05
SN,AS,kalpa,195,10.93,3.4,16.84,0.95,0.16,0.05
SN,AS,kalpa,196,10.46,3.56,16.84,0.96,0.16,0.03
SN,AS,kalpa,197,10.84,3.44,16.84,0.95,0.16,0.03
SN,AS,kalpa,198,10.58,3.52,16.84,0.93,0.16,0.03
SN,AS,kalpa,199,10.58,3.52,16.88,0.91,0.16,0.03
SN,AS,kalpa,200,10.76,3.44,16.84,0.91,0.16,0.03
SN,AS,kalpa,201,10.85,3.4,16.88,0.93,0.16,0.04
SN,AS,kalpa,202,10.51,3.52,16.88,0.93,0.16,0.03
SN,AS,kalpa,203,10.88,3.44,16.84,0.93,0.16,0.05
SN,AS,kalpa,204,11.29,3.32,16.88,0.94,0.16,0.06
SN,AS,kalpa,205,11.42,3.32,16.88,0.94,0.16,0.06
SN,AS,kalpa,206,11.2,3.4,16.92,0.93,0.16,0.06
SN,AS,kalpa,207,10.76,3.52,16.92,0.92,0.16,0.06
SN,AS,kalpa,208,10.98,3.48,16.92,0.92,0.16,0.06
SN,AS,kalpa,209,10.46,3.64,16.88,0.9,0.16,0.05
SN,AS,kalpa,210,9.95,3.8,16.96,0.91,0.16,0.05
SN,AS,kalpa,211,10.02,3.76,16.88,0.9,0.16,0.05
SN,AS,kalpa,212,9.77,3.84,16.88,0.92,0.16,0.04
SN,AS,kalpa,213,9.88,3.84,17.04,0.92,0.16,0.04
SN,AS,kalpa,214,9.92,3.84,17.04,0.92,0.16,0.04
SN,AS,kalpa,215,10.3,3.72,17.0,0.94,0.16,0.05
SN,AS,kalpa,216,10.09,3.76,16.88,0.94,0.16,0.04
SN,AS,kalpa,217,10.18,3.72,16.88,0.94,0.16,0.04
SN,AS,kalpa,218,10.17,3.72,16.96,0.94,0.16,0.04
SN,AS,kalpa,219,10.12,3.72,17.0,0.94,0.16,0.04
SN,AS,kalpa,220,10.12,3.72,17.0,0.95,0.16,0.04
SN,AS,kalpa,221,10.2,3.68,17.0,0.95,0.16,0.04
SN,AS,kalpa,222,9.89,3.76,17.0,0.94,0.16,0.04
SN,AS,kalpa,223,10.18,3.68,16.88,0.95,0.16,0.04
SN,AS,kalpa,224,10.26,3.68,16.8,0.95,0.16,0.04
SN,AS,kalpa,225,10.34,3.68,16.84,0.95,0.16,0.04
SN,AS,kalpa,226,10.43,3.68,16.84,0.95,0.16,0.04
SN,AS,kalpa,227,10.57,3.64,16.88,0.95,0.16,0.04
SN,AS,kalpa,228,10.53,3.6,16.84,0.94,0.16,0.04
SN,AS,kalpa,229,10.34,3.68,16.84,0.95,0.16,0.03
SN,AS,kalpa,230,10.49,3.6,16.84,0.94,0.16,0.03
SN,AS,kalpa,231,10.65,3.56,16.84,0.96,0.16,0.03
SN,AS,kalpa,232,11.22,3.4,16.84,0.96,0.16,0.05
SN,AS,kalpa,233,11.4,3.36,17.08,0.98,0.16,0.05
SN,AS,kalpa,234,11.75,3.32,17.36,1.0,0.16,0.05
SN,AS,kalpa,235,12.09,3.16,16.96,1.0,0.16,0.05
SN,AS,kalpa,236,11.95,3.12,16.64,1.0,0.16,0.05
SN,AS,kalpa,237,12.23,3.12,16.84,1.0,0.16,0.05
SN,AS,kalpa,238,12.03,3.12,16.6,0.99,0.16,0.05
SN,AS,kalpa,239,12.21,3.28,17.88,0.98,0.16,0.06
SN,AS,kalpa,240,12.28,3.24,17.72,0.98,0.16,0.06
SN,AS,kalpa,241,12.41,3.28,18.0,0.98,0.16,0.06
SN,AS,kalpa,242,12.09,3.4,18.16,0.96,0.16,0.06
SN,AS,kalpa,243,12.16,3.56,19.04,0.96,0.16,0.07
SN,AS,kalpa,244,11.9,3.6,18.76,0.94,0.16,0.07
SN,AS,kalpa,245,12.02,3.64,19.32,0.95,0.16,0.07
SN,AS,kalpa,246,12.34,3.72,20.24,0.94,0.16,0.08
SN,AS,kalpa,247,12.44,3.76,20.56,0.94,0.16,0.07
SN,AS,kalpa,248,12.31,3.76,20.64,0.93,0.16,0.07
SN,AS,kalpa,249,11.92,4.04,21.8,0.89,0.16,0.07
SN,AS,kalpa,250,11.56,4.08,21.56,0.87,0.16,0.07
SN,AS,kalpa,251,11.61,4.04,21.48,0.87,0.16,0.07
SN,AS,kalpa,252,11.63,4.0,21.32,0.86,0.16,0.07
SN,AS,kalpa,253,11.52,4.12,21.72,0.86,0.16,0.06
SN,AS,kalpa,254,11.23,4.52,23.36,0.84,0.16,0.06
SN,AS,kalpa,255,11.47,4.8,25.08,0.85,0.16,0.06
SN,AS,kalpa,256,11.62,5.0,26.36,0.86,0.16,0.06
SN,AS,kalpa,257,11.53,4.96,25.96,0.85,0.16,0.06
SN,AS,kalpa,258,11.25,5.12,25.96,0.85,0.16,0.05
SN,AS,kalpa,259,10.96,5.4,26.72,0.84,0.16,0.04
SN,AS,kalpa,260,11.05,5.68,28.4,0.84,0.16,0.04
SN,AS,kalpa,261,11.46,5.64,29.28,0.84,0.16,0.05
SN,AS,kalpa,262,11.37,5.92,30.64,0.83,0.16,0.05
SN,AS,kalpa,263,11.55,5.92,31.16,0.82,0.16,0.05
SN,AS,kalpa,264,11.57,5.72,30.12,0.83,0.16,0.04
SN,AS,kalpa,265,11.42,5.76,30.04,0.82,0.16,0.03
SN,AS,kalpa,266,11.36,5.84,30.52,0.84,0.16,0.03
SN,AS,kalpa,267,11.24,5.88,30.36,0.84,0.16,0.03
SN,AS,kalpa,268,10.97,5.84,29.52,0.84,0.16,0.03
SN,AS,kalpa,269,11.07,5.8,29.68,0.85,0.16,0.03
SN,AS,kalpa,270,10.7,6.16,30.44,0.84,0.16,0.03
SN,AS,kalpa,271,10.55,6.24,30.44,0.84,0.15,0.02
SN,AS,kalpa,272,10.56,6.16,30.12,0.84,0.16,0.02
SN,AS,kalpa,273,10.81,6.08,30.44,0.84,0.16,0.03
SN,AS,kalpa,274,11.23,5.72,29.68,0.86,0.15,0.03
SN,AS,kalpa,275,11.34,5.76,30.08,0.86,0.15,0.03
SN,AS,kalpa,276,11.3,5.8,30.2,0.86,0.16,0.03
SN,AS,kalpa,277,11.16,5.88,30.36,0.86,0.15,0.03
SN,AS,kalpa,278,10.98,5.84,29.72,0.86,0.16,0.03
SN,AS,kalpa,279,10.81,5.72,28.64,0.87,0.15,0.03
SN,AS,kalpa,280,10.49,5.44,26.72,0.86,0.16,0.03
SN,AS,kalpa,281,10.34,5.4,26.36,0.87,0.16,0.02
SN,AS,kalpa,282,10.41,5.48,27.0,0.87,0.16,0.03
SN,AS,kalpa,283,10.49,5.56,27.76,0.88,0.15,0.04
SN,AS,kalpa,284,10.74,5.16,26.48,0.88,0.16,0.04
SN,AS,kalpa,285,10.68,5.08,25.8,0.88,0.16,0.04
SN,AS,kalpa,286,10.29,5.16,25.28,0.88,0.15,0.03
SN,AS,kalpa,287,10.22,4.8,23.4,0.89,0.16,0.03
SN,AS,kalpa,288,9.98,4.92,23.4,0.89,0.16,0.03
SN,AS,kalpa,289,10.05,5.12,24.52,0.89,0.15,0.03
SN,AS,kalpa,290,9.98,5.16,24.56,0.9,0.15,0.03
SN,AS,kalpa,291,10.09,5.24,24.88,0.9,0.15,0.03
SN,AS,kalpa,292,10.33,5.2,25.28,0.91,0.15,0.03
SN,AS,kalpa,293,10.4,5.08,24.88,0.91,0.15,0.03
SN,AS,kalpa,294,10.42,5.44,26.48,0.9,0.15,0.04
SN,AS,kalpa,295,10.89,5.16,26.24,0.91,0.15,0.04
SN,AS,kalpa,296,11.14,4.92,25.6,0.92,0.15,0.05
SN,AS,kalpa,297,11.36,4.96,26.16,0.92,0.15,0.05
SN,AS,kalpa,298,11.04,5.0,25.56,0.91,0.15,0.04
SN,AS,kalpa,299,10.75,5.12,25.6,0.92,0.15,0.03
SN,AS,kalpa,300,10.67,5.32,26.24,0.9,0.15,0.03
SN,AS,kalpa,301,10.66,5.4,26.64,0.9,0.15,0.03
SN,AS,kalpa,302,10.82,5.44,27.12,0.89,0.15,0.03
SN,AS,kalpa,303,10.9,5.4,27.12,0.89,0.15,0.03
SN,AS,kalpa,304,11.4,5.16,27.0,0.89,0.15,0.03
SN,AS,kalpa,305,11.38,5.2,27.08,0.9,0.15,0.03
SN,AS,kalpa,306,11.28,5.2,26.68,0.88,0.15,0.03
SN,AS,kalpa,307,11.12,5.44,27.56,0.88,0.15,0.02
SN,AS,kalpa,308,11.13,5.24,26.68,0.87,0.16,0.02
SN,AS,kalpa,309,11.24,5.24,26.84,0.87,0.16,0.02
SN,AS,kalpa,310,11.18,5.08,25.96,0.86,0.16,0.02
SN,AS,kalpa,311,11.19,5.16,26.28,0.84,0.16,0.02
SN,AS,kalpa,312,11.19,5.2,26.44,0.85,0.16,0.02
SN,AS,kalpa,313,11.1,5.28,26.44,0.84,0.16,0.02
SN,AS,kalpa,314,11.04,5.08,25.16,0.84,0.16,0.02
SN,AS,kalpa,315,10.98,5.12,25.16,0.84,0.16,0.02
SN,AS,kalpa,316,10.62,5.04,24.08,0.82,0.16,0.02
SN,AS,kalpa,317,10.43,5.04,23.6,0.83,0.16,0.02
SN,AS,kalpa,318,10.43,5.24,24.36,0.82,0.16,0.02
SN,AS,kalpa,319,10.54,4.92,23.2,0.82,0.16,0.02
SN,AS,kalpa,320,10.34,4.76,21.92,0.82,0.17,0.02
SN,AS,kalpa,321,10.13,4.96,22.36,0.82,0.16,0.02
SN,AS,kalpa,322,10.28,5.0,22.92,0.83,0.16,0.03
SN,AS,kalpa,323,10.39,5.0,23.32,0.85,0.16,0.03
SN,AS,kalpa,324,10.21,5.04,23.08,0.85,0.16,0.03
SN,AS,kalpa,325,10.13,4.92,22.68,0.88,0.16,0.03
SN,AS,kalpa,326,10.03,4.76,21.76,0.88,0.16,0.03
SN,AS,kalpa,327,10.11,4.6,21.28,0.89,0.16,0.03
SN,AS,kalpa,328,10.12,4.68,21.56,0.89,0.16,0.03
SN,AS,kalpa,329,9.62,4.8,21.12,0.88,0.16,0.03
SN,AS,kalpa,330,9.48,4.88,21.2,0.88,0.15,0.03
SN,AS,kalpa,331,9.44,4.76,20.68,0.9,0.15,0.03
SN,AS,kalpa,332,9.17,4.64,19.56,0.91,0.15,0.03
SN,AS,kalpa,333,9.08,4.72,19.52,0.92,0.15,0.03
SN,AS,kalpa,334,9.01,4.8,19.6,0.93,0.15,0.03
SN,AS,kalpa,335,8.95,4.88,19.8,0.94,0.15,0.02
SN,AS,kalpa,336,8.79,4.88,19.48,0.93,0.15,0.02
SN,AS,kalpa,337,8.92,4.88,19.64,0.93,0.15,0.02
SN,AS,kalpa,338,9.09,4.68,19.24,0.93,0.15,0.03
SN,AS,kalpa,339,8.97,4.72,19.2,0.93,0.15,0.03
SN,AS,kalpa,340,8.88,4.84,19.44,0.93,0.15,0.02
SN,AS,kalpa,341,9.18,4.72,19.48,0.93,0.15,0.03
SN,AS,kalpa,342,9.19,4.72,19.6,0.93,0.15,0.03
SN,AS,kalpa,343,9.19,4.6,19.12,0.92,0.15,0.03
SN,AS,kalpa,344,8.76,4.72,18.72,0.9,0.15,0.03
SN,AS,kalpa,345,8.93,4.68,18.88,0.9,0.15,0.03
SN,AS,kalpa,346,8.77,4.6,18.2,0.89,0.15,0.02
SN,AS,kalpa,347,8.25,4.56,17.12,0.89,0.15,0.0
SN,AS,kalpa,348,8.18,4.6,16.92,0.89,0.15,0.0
SN,AS,kalpa,349,8.38,4.48,16.72,0.89,0.15,0.0
SN,AS,kalpa,350,8.47,4.36,16.28,0.9,0.15,0.0
SN,AS,kalpa,351,8.59,4.44,16.8,0.9,0.15,0.0
SN,AS,kalpa,352,8.38,4.6,16.96,0.89,0.15,0.0
SN,AS,kalpa,353,8.34,4.68,17.2,0.89,0.15,0.0
SN,AS,kalpa,354,8.55,4.48,16.84,0.9,0.15,0.0
SN,AS,kalpa,355,8.64,4.36,16.52,0.9,0.15,0.0
SN,AS,kalpa,356,8.62,4.32,16.28,0.9,0.15,0.0
SN,AS,kalpa,357,8.72,4.24,16.16,0.89,0.16,0.0
SN,AS,kalpa,358,8.54,4.36,16.32,0.88,0.16,0.0
SN,AS,kalpa,359,8.42,4.48,16.68,0.88,0.16,0.0
SN,AS,kalpa,360,8.72,4.36,16.96,0.89,0.16,0.01
SN,AS,kalpa,361,8.95,4.32,17.16,0.9,0.16,0.01
SN,AS,kalpa,362,8.79,4.4,17.36,0.91,0.15,0.01
SN,AS,kalpa,363,8.46,4.6,17.6,0.9,0.15,0.01
SN,AS,kalpa,364,8.57,4.6,17.84,0.9,0.15,0.01
SN,AS,kalpa,365,8.81,4.52,18.04,0.9,0.15,0.01
SN,AS,kalpa,366,9.0,4.44,18.32,0.9,0.16,0.02
SN,AS,kalpa,367,8.99,4.52,18.52,0.91,0.15,0.02
SN,AS,kalpa,368,9.23,4.44,18.76,0.92,0.15,0.02
SN,AS,kalpa,369,9.51,4.36,19.0,0.94,0.15,0.02
SN,AS,kalpa,370,9.43,4.44,19.28,0.95,0.15,0.02
SN,AS,kalpa,371,9.85,4.28,19.48,0.95,0.15,0.03
SN,AS,kalpa,372,10.08,4.24,19.76,0.95,0.15,0.03
SN,AS,kalpa,373,10.47,4.12,20.04,0.95,0.15,0.04
SN,AS,kalpa,374,10.53,4.16,20.36,0.95,0.15,0.04
SN,AS,kalpa,375,10.77,4.12,20.64,0.95,0.15,0.04
SN,AS,kalpa,376,11.01,4.08,20.84,0.95,0.15,0.05
SN,AS,kalpa,377,11.49,3.96,20.92,0.97,0.15,0.06
SN,AS,kalpa,378,11.56,3.92,20.88,0.97,0.15,0.06
SN,AS,kalpa,379,11.74,3.96,21.44,0.98,0.15,0.07
SN,AS,kalpa,380,11.84,4.04,22.0,0.98,0.15,0.07
SN,AS,kalpa,381,12.03,4.04,22.44,0.97,0.15,0.08
SN,AS,kalpa,382,12.28,4.04,22.8,0.97,0.15,0.08
SN,AS,kalpa,383,12.51,3.96,22.88,0.98,0.15,0.08
SN,AS,kalpa,384,13.3,3.72,22.76,0.99,0.15,0.1
SN,AS,kalpa,385,13.22,3.76,22.72,0.97,0.15,0.1
SN,AS,kalpa,386,13.21,3.76,22.76,0.97,0.15,0.1
SN,AS,kalpa,387,13.35,3.72,22.76,0.97,0.15,0.1
SN,AS,kalpa,388,13.94,3.56,22.76,0.97,0.16,0.1
SN,AS,kalpa,389,14.09,3.52,22.72,0.97,0.16,0.11
SN,AS,kalpa,390,14.71,3.36,22.72,0.98,0.16,0.13
SN,AS,kalpa,391,13.46,3.68,22.68,0.97,0.16,0.11
SN,AS,kalpa,392,13.78,3.6,22.72,0.97,0.16,0.11
SN,AS,kalpa,393,13.05,3.8,22.72,0.95,0.16,0.11
SN,AS,kalpa,394,13.03,3.8,22.72,0.94,0.16,0.11
SN,AS,kalpa,395,13.45,3.68,22.72,0.93,0.16,0.12
SN,AS,kalpa,396,12.65,3.92,22.72,0.91,0.16,0.1
SN,AS,kalpa,397,12.54,3.96,22.6,0.91,0.16,0.1
SN,AS,kalpa,398,12.08,4.12,22.64,0.91,0.16,0.09
SN,AS,kalpa,399,12.43,4.0,22.6,0.91,0.16,0.1
SN,AS,kalpa,400,12.25,4.08,22.6,0.9,0.16,0.1
SN,AS,kalpa,401,11.76,4.24,22.56,0.87,0.16,0.08
SN,AS,kalpa,402,11.54,4.28,22.48,0.86,0.16,0.07
SN,AS,kalpa,403,11.71,4.2,22.32,0.86,0.16,0.08
SN,AS,kalpa,404,11.83,4.12,22.08,0.85,0.16,0.08
SN,AS,kalpa,405,11.85,4.08,21.88,0.86,0.16,0.08
SN,AS,kalpa,406,11.52,4.16,21.68,0.87,0.16,0.07
SN,AS,kalpa,407,11.35,4.16,21.4,0.87,0.16,0.07
SN,AS,kalpa,408,11.52,4.04,21.08,0.86,0.17,0.07
SN,AS,kalpa,409,11.36,4.04,20.84,0.86,0.17,0.07
SN,AS,kalpa,410,10.88,4.16,20.6,0.87,0.16,0.06
SN,AS,kalpa,411,10.81,4.12,20.32,0.85,0.17,0.06
SN,AS,kalpa,412,10.64,4.16,20.08,0.86,0.17,0.06
SN,AS,kalpa,413,10.73,4.12,19.8,0.84,0.17,0.07
SN,AS,kalpa,414,10.64,4.08,19.56,0.85,0.17,0.06
SN,AS,kalpa,415,10.25,4.16,19.32,0.86,0.17,0.05
SN,AS,kalpa,416,11.06,3.8,19.04,0.86,0.17,0.06
SN,AS,kalpa,417,10.94,3.8,18.72,0.86,0.17,0.06
SN,AS,kalpa,418,11.53,3.56,18.48,0.9,0.17,0.08
SN,AS,kalpa,419,11.7,3.48,18.24,0.92,0.17,0.08
SN,AS,kalpa,420,11.31,3.6,17.96,0.92,0.16,0.07
SN,AS,kalpa,421,11.42,3.52,17.72,0.92,0.16,0.07
SN,AS,kalpa,422,11.64,3.4,17.52,0.93,0.16,0.07
SN,AS,kalpa,423,11.62,3.36,17.2,0.92,0.17,0.07
SN,AS,kalpa,424,11.01,3.48,16.96,0.92,0.16,0.06
SN,AS,kalpa,425,11.14,3.36,16.68,0.93,0.16,0.06
SN,AS,kalpa,426,11.58,3.16,16.44,0.94,0.17,0.06
SN,AS,kalpa,427,11.58,3.16,16.24,0.94,0.17,0.06
SN,AS,kalpa,428,11.6,3.12,16.04,0.94,0.17,0.06
SN,AS,kalpa,429,11.16,3.24,16.04,0.94,0.16,0.05
SN,AS,kalpa,430,11.39,3.16,16.0,0.95,0.16,0.06
SN,AS,kalpa,431,11.38,3.16,15.96,0.96,0.16,0.06
SN,AS,kalpa,432,11.16,3.2,15.96,0.97,0.16,0.06
SN,AS,kalpa,433,11.3,3.16,15.96,0.97,0.16,0.08
SN,AS,kalpa,434,11.27,3.16,15.96,0.97,0.16,0.08
SN,AS,kalpa,435,11.96,3.0,15.96,0.97,0.16,0.09
SN,AS,kalpa,436,11.74,3.08,16.12,0.99,0.16,0.09
SN,AS,kalpa,437,11.6,3.12,16.16,0.97,0.16,0.09
SN,AS,kalpa,438,11.44,3.16,16.2,0.97,0.16,0.08
SN,AS,kalpa,439,11.19,3.24,16.24,0.98,0.16,0.07
SN,AS,kalpa,440,11.45,3.2,16.28,0.97,0.16,0.09
SN,AS,kalpa,441,11.01,3.36,16.36,0.96,0.16,0.07
SN,AS,kalpa,442,11.46,3.2,16.36,0.96,0.16,0.09
SN,AS,kalpa,443,11.06,3.32,16.4,0.96,0.16,0.07
SN,AS,kalpa,444,11.33,3.24,16.44,0.96,0.16,0.09
SN,AS,kalpa,445,11.69,3.12,16.48,0.96,0.16,0.1
SN,AS,kalpa,446,11.56,3.16,16.56,0.97,0.16,0.1
SN,AS,kalpa,447,11.41,3.2,16.56,0.97,0.16,0.1
SN,AS,kalpa,448,11.95,3.08,16.6,0.97,0.16,0.12
SN,AS,kalpa,449,11.86,3.12,16.6,0.95,0.16,0.12
SN,AS,kalpa,450,12.09,3.08,16.64,0.95,0.16,0.13
SN,AS,kalpa,451,12.08,3.12,16.64,0.94,0.16,0.13
SN,AS,kalpa,452,12.44,3.0,16.64,0.93,0.17,0.15
SN,AS,kalpa,453,12.36,3.04,16.8,0.91,0.17,0.14
SN,AS,kalpa,454,12.1,3.12,16.8,0.9,0.17,0.14
SN,AS,kalpa,455,11.86,3.2,16.84,0.9,0.17,0.12
SN,AS,kalpa,456,11.95,3.2,16.84,0.91,0.16,0.12
SN,AS,kalpa,457,12.57,3.08,16.84,0.91,0.17,0.14
SN,AS,kalpa,458,12.26,3.2,16.88,0.91,0.16,0.12
SN,AS,kalpa,459,11.93,3.32,17.04,0.9,0.16,0.11
SN,AS,kalpa,460,11.39,3.48,17.16,0.9,0.16,0.09
SN,AS,kalpa,461,11.41,3.48,17.04,0.9,0.16,0.09
SN,AS,kalpa,462,11.71,3.4,17.04,0.89,0.16,0.09
SN,AS,kalpa,463,11.87,3.36,17.12,0.9,0.16,0.1
SN,AS,kalpa,464,11.65,3.44,17.08,0.91,0.16,0.09
SN,AS,kalpa,465,11.7,3.44,17.24,0.92,0.16,0.09
SN,AS,kalpa,466,11.72,3.4,17.2,0.91,0.16,0.09
SN,AS,kalpa,467,11.38,3.44,16.88,0.91,0.16,0.08
SN,AS,kalpa,468,11.38,3.36,16.52,0.92,0.16,0.08
SN,AS,kalpa,469,11.08,3.44,16.36,0.92,0.16,0.07
SN,AS,kalpa,470,10.6,3.56,16.24,0.91,0.16,0.06
SN,AS,kalpa,471,10.87,3.48,16.24,0.93,0.16,0.06
SN,AS,kalpa,472,10.8,3.52,16.36,0.93,0.16,0.06
SN,AS,kalpa,473,10.25,3.68,16.36,0.93,0.16,0.04
SN,AS,kalpa,474,10.39,3.6,16.32,0.94,0.16,0.04
SN,AS,kalpa,475,10.2,3.68,16.32,0.95,0.16,0.03
SN,AS,kalpa,476,10.16,3.68,16.36,0.96,0.16,0.03
SN,AS,kalpa,477,9.84,3.76,16.36,0.96,0.15,0.02
SN,AS,kalpa,478,9.95,3.68,16.36,0.96,0.16,0.03
SN,AS,kalpa,479,10.44,3.52,16.36,0.97,0.16,0.05
SN,AS,kalpa,480,10.52,3.48,16.36,0.97,0.16,0.06
SN,AS,kalpa,481,10.64,3.4,16.4,0.96,0.16,0.06
SN,AS,kalpa,482,10.26,3.48,16.4,0.95,0.16,0.05
SN,AS,kalpa,483,10.44,3.4,16.36,0.95,0.16,0.06
SN,AS,kalpa,484,10.1,3.48,16.2,0.94,0.16,0.06
SN,AS,kalpa,485,10.25,3.4,16.08,0.95,0.16,0.06
SN,AS,kalpa,486,10.26,3.36,16.04,0.95,0.16,0.06
SN,AS,kalpa,487,10.43,3.28,16.04,0.95,0.16,0.06
SN,AS,kalpa,488,10.32,3.28,15.92,0.95,0.16,0.06
SN,AS,kalpa,489,10.4,3.24,15.92,0.95,0.16,0.06
SN,AS,kalpa,490,10.18,3.28,15.72,0.94,0.16,0.05
SN,AS,kalpa,491,10.21,3.28,15.68,0.94,0.16,0.05
SN,AS,kalpa,492,10.57,3.24,16.04,0.95,0.16,0.06
SN,AS,kalpa,493,10.97,3.2,16.36,0.95,0.16,0.07
SN,AS,kalpa,494,10.66,3.28,16.52,0.94,0.16,0.07
SN,AS,kalpa,495,10.71,3.28,16.64,0.94,0.16,0.07
SN,AS,kalpa,496,10.72,3.28,16.6,0.94,0.16,0.07
SN,AS,kalpa,497,10.9,3.2,16.48,0.94,0.16,0.07
SN,AS,kalpa,498,11.5,3.04,16.44,0.93,0.17,0.09
SN,AS,kalpa,499,11.59,3.04,16.44,0.92,0.17,0.09
SN,AS,kalpa,500,11.91,2.96,16.44,0.92,0.17,0.11
SN,AS,kalpa,501,12.22,2.88,16.4,0.92,0.17,0.12
SN,AS,kalpa,502,12.71,2.8,16.36,0.91,0.17,0.14
SN,AS,kalpa,503,12.81,2.8,16.36,0.91,0.17,0.14
SN,AS,kalpa,504,12.19,2.92,16.4,0.92,0.17,0.12
SN,AS,kalpa,505,11.84,3.0,16.48,0.92,0.17,0.11
SN,AS,kalpa,506,12.01,3.0,16.48,0.92,0.17,0.11
SN,AS,kalpa,507,12.35,2.96,16.48,0.92,0.17,0.11
SN,AS,kalpa,508,12.52,2.92,16.52,0.92,0.17,0.11
SN,AS,kalpa,509,13.23,2.76,16.6,0.94,0.17,0.12
SN,AS,kalpa,510,13.66,2.68,16.6,0.94,0.17,0.13
SN,AS,kalpa,511,13.83,2.64,16.64,0.94,0.17,0.14
SN,AS,kalpa,512,13.49,2.72,16.64,0.93,0.17,0.13
SN,AS,kalpa,513,13.63,2.68,16.68,0.93,0.17,0.13
SN,AS,kalpa,514,13.49,2.72,16.68,0.91,0.17,0.13
SN,AS,kalpa,515,13.79,2.68,16.72,0.93,0.17,0.15
SN,AS,kalpa,516,14.26,2.6,16.76,0.94,0.17,0.17
SN,AS,kalpa,517,13.76,2.68,16.72,0.94,0.17,0.15
SN,AS,kalpa,518,13.5,2.72,16.72,0.94,0.17,0.15
SN,AS,kalpa,519,14.17,2.6,16.68,0.95,0.17,0.15
SN,AS,kalpa,520,14.22,2.6,16.64,0.92,0.17,0.15
SN,AS,kalpa,521,14.41,2.56,16.68,0.92,0.17,0.16
SN,AS,kalpa,522,14.31,2.6,16.68,0.92,0.17,0.15
SN,AS,kalpa,523,13.35,2.76,16.72,0.93,0.17,0.13
SN,AS,kalpa,524,12.89,2.84,16.76,0.94,0.17,0.13
SN,AS,kalpa,525,12.32,2.96,16.76,0.95,0.16,0.11
SN,AS,kalpa,526,11.54,3.16,16.76,0.95,0.16,0.09
SN,AS,kalpa,527,10.95,3.32,16.76,0.95,0.16,0.07
SN,AS,kalpa,528,10.68,3.4,16.76,0.95,0.16,0.06
SN,AS,kalpa,529,10.75,3.4,16.72,0.95,0.16,0.06
SN,AS,kalpa,530,11.04,3.36,16.6,0.95,0.16,0.07
SN,AS,kalpa,531,11.23,3.28,16.56,0.95,0.16,0.09
SN,AS,kalpa,532,11.36,3.24,16.6,0.95,0.16,0.09
SN,AS,kalpa,533,11.12,3.32,16.56,0.95,0.16,0.08
SN,AS,kalpa,534,10.83,3.44,16.52,0.94,0.16,0.08
SN,AS,kalpa,535,10.78,3.44,16.56,0.95,0.16,0.07
SN,AS,kalpa,536,10.78,3.44,16.52,0.98,0.16,0.07
SN,AS,kalpa,537,10.59,3.52,16.64,0.97,0.16,0.07
SN,AS,kalpa,538,10.49,3.6,16.72,0.96,0.16,0.07
SN,AS,kalpa,539,10.94,3.44,16.8,0.95,0.16,0.08
SN,AS,kalpa,540,10.57,3.52,16.8,0.95,0.16,0.07
SN,AS,kalpa,541,10.55,3.52,16.76,0.95,0.16,0.07
SN,AS,kalpa,542,10.8,3.44,16.76,0.95,0.16,0.08
SN,AS,kalpa,543,10.92,3.4,16.8,0.95,0.16,0.08
SN,AS,kalpa,544,11.02,3.36,16.76,0.95,0.16,0.1
SN,AS,kalpa,545,11.43,3.24,16.76,0.95,0.16,0.11
SN,AS,kalpa,546,11.23,3.32,16.8,0.93,0.16,0.11
SN,AS,kalpa,547,11.11,3.32,16.8,0.93,0.16,0.11
SN,AS,kalpa,548,11.57,3.2,16.76,0.94,0.16,0.11
SN,AS,kalpa,549,12.08,3.08,16.76,0.94,0.17,0.12
SN,AS,kalpa,550,12.04,3.08,16.76,0.92,0.17,0.12
SN,AS,kalpa,551,12.77,2.92,16.84,0.95,0.17,0.12
SN,AS,kalpa,552,12.92,2.88,16.88,0.94,0.17,0.12
SN,AS,kalpa,553,12.85,2.92,16.92,0.95,0.17,0.12
SN,AS,kalpa,554,13.36,2.8,16.96,0.94,0.17,0.13
SN,AS,kalpa,555,12.78,2.88,17.0,0.93,0.17,0.11
SN,AS,kalpa,556,12.53,2.92,17.0,0.93,0.17,0.11
SN,AS,kalpa,557,12.31,2.96,17.0,0.93,0.17,0.11
SN,AS,kalpa,558,11.79,3.08,17.08,0.92,0.17,0.09
SN,AS,kalpa,559,11.42,3.16,17.12,0.91,0.17,0.09
SN,AS,kalpa,560,11.19,3.24,17.08,0.91,0.17,0.09
SN,AS,kalpa,561,11.1,3.28,17.12,0.91,0.17,0.09
SN,AS,kalpa,562,11.71,3.08,17.0,0.94,0.17,0.1
SN,AS,kalpa,563,11.67,3.04,16.92,0.95,0.16,0.11
SN,AS,kalpa,564,11.68,3.04,16.92,0.96,0.16,0.09
SN,AS,kalpa,565,11.35,3.12,16.88,0.95,0.17,0.09
SN,AS,kalpa,566,11.22,3.16,16.88,0.95,0.16,0.08
SN,AS,kalpa,567,11.07,3.2,16.96,0.95,0.16,0.06
SN,AS,kalpa,568,10.79,3.28,16.92,0.95,0.16,0.05
SN,AS,kalpa,569,10.61,3.36,16.96,0.95,0.16,0.04
SN,AS,kalpa,570,10.4,3.44,17.0,0.95,0.16,0.02
SN,AS,kalpa,571,10.16,3.48,16.92,0.97,0.16,0.02
SN,AS,kalpa,572,10.11,3.52,16.96,0.95,0.16,0.02
SN,AS,kalpa,573,9.87,3.64,17.0,0.96,0.16,0.02
SN,AS,kalpa,574,9.46,3.8,16.96,0.96,0.16,0.02
SN,AS,kalpa,575,9.57,3.76,16.96,0.97,0.15,0.02
SN,AS,kalpa,576,9.27,3.84,16.92,0.97,0.15,0.02
SN,AS,kalpa,577,9.35,3.84,16.88,0.95,0.16,0.02
SN,AS,kalpa,578,9.25,3.84,16.84,0.93,0.16,0.02
SN,AS,kalpa,579,8.83,4.0,16.8,0.92,0.16,0.02
SN,AS,kalpa,580,8.95,3.96,16.8,0.92,0.16,0.02
SN,AS,kalpa,581,8.57,4.12,16.8,0.92,0.15,0.01
SN,AS,kalpa,582,8.49,4.16,16.76,0.92,0.15,0.01
SN,AS,kalpa,583,8.43,4.16,16.64,0.92,0.15,0.01
SN,AS,kalpa,584,8.59,4.08,16.6,0.9,0.16,0.01
SN,AS,kalpa,585,8.91,3.96,16.64,0.9,0.16,0.02
SN,AS,kalpa,586,8.96,3.92,16.64,0.9,0.16,0.02
SN,AS,kalpa,587,8.65,4.04,16.6,0.89,0.16,0.01
SN,AS,kalpa,588,8.75,4.04,16.56,0.9,0.16,0.01
SN,AS,kalpa,589,8.55,4.12,16.48,0.9,0.15,0.01
SN,AS,kalpa,590,8.71,4.08,16.52,0.91,0.15,0.01
SN,AS,kalpa,591,8.46,4.24,16.8,0.92,0.15,0.01
SN,AS,kalpa,592,8.21,4.44,17.0,0.92,0.15,0.01
SN,AS,kalpa,593,8.18,4.52,17.24,0.91,0.15,0.01
SN,AS,kalpa,594,7.91,4.68,17.44,0.91,0.15,0.01
SN,AS,kalpa,595,7.68,4.8,17.6,0.89,0.15,0.01
SN,AS,kalpa,596,7.86,4.72,17.8,0.91,0.15,0.01
SN,AS,kalpa,597,7.89,4.72,17.96,0.9,0.15,0.01
SN,AS,kalpa,598,7.95,4.68,18.12,0.89,0.15,0.01
SN,AS,kalpa,599,7.98,4.72,18.48,0.92,0.15,0.01
SN,AS,kalpa,600,8.05,4.72,18.84,0.92,0.15,0.02
SN,AS,kalpa,601,8.14,4.76,19.04,0.92,0.15,0.02
SN,AS,kalpa,602,7.94,4.88,19.36,0.93,0.15,0.02
SN,AS,kalpa,603,8.07,4.92,19.84,0.92,0.15,0.02
SN,AS,kalpa,604,8.21,4.96,20.36,0.92,0.15,0.02
SN,AS,kalpa,605,8.32,4.96,20.56,0.92,0.15,0.02
SN,AS,kalpa,606,8.2,5.12,20.8,0.91,0.15,0.02
SN,AS,kalpa,607,8.29,5.12,21.04,0.91,0.15,0.02
SN,AS,kalpa,608,8.42,5.12,21.36,0.91,0.15,0.02
SN,AS,kalpa,609,8.47,5.16,21.64,0.93,0.15,0.02
SN,AS,kalpa,610,8.32,5.32,21.84,0.93,0.15,0.01
SN,AS,kalpa,611,8.33,5.32,21.84,0.93,0.15,0.01
SN,AS,kalpa,612,8.37,5.32,21.88,0.93,0.15,0.01
SN,AS,kalpa,613,8.32,5.32,21.88,0.92,0.15,0.01
SN,AS,kalpa,614,8.37,5.28,21.88,0.92,0.15,0.01
SN,AS,kalpa,615,8.47,5.24,21.88,0.93,0.15,0.01
SN,AS,kalpa,616,8.48,5.2,21.6,0.94,0.15,0.01
SN,AS,kalpa,617,8.56,5.12,21.32,0.94,0.15,0.01
SN,AS,kalpa,618,8.55,5.12,21.16,0.93,0.15,0.01
SN,AS,kalpa,619,8.86,4.96,21.0,0.94,0.15,0.01
SN,AS,kalpa,620,9.15,4.8,20.84,0.95,0.15,0.01
SN,AS,kalpa,621,9.03,4.84,20.6,0.95,0.15,0.01
SN,AS,kalpa,622,8.98,4.88,20.44,0.96,0.15,0.01
SN,AS,kalpa,623,9.02,4.92,20.56,0.95,0.15,0.01
SN,AS,kalpa,624,9.26,4.84,20.48,0.94,0.15,0.01
SN,AS,kalpa,625,9.1,4.8,19.76,0.94,0.15,0.0
SN,AS,kalpa,626,9.03,4.68,19.16,0.95,0.15,0.0
SN,AS,kalpa,627,9.31,4.52,18.72,0.95,0.15,0.0
SN,AS,kalpa,628,9.13,4.48,18.12,0.94,0.15,0.0
SN,AS,kalpa,629,9.44,4.24,17.6,0.94,0.15,0.01
SN,AS,kalpa,630,9.64,4.12,17.36,0.94,0.15,0.02
SN,AS,kalpa,631,10.1,3.88,17.12,0.94,0.16,0.02
SN,AS,kalpa,632,10.09,3.84,16.88,0.95,0.16,0.02
SN,AS,kalpa,633,10.26,3.72,16.68,0.95,0.16,0.02
SN,AS,kalpa,634,10.3,3.68,16.4,0.96,0.16,0.02
SN,AS,kalpa,635,10.38,3.56,16.2,0.96,0.16,0.02
SN,AS,kalpa,636,10.2,3.64,16.16,0.96,0.16,0.02
SN,AS,kalpa,637,10.22,3.64,16.16,0.96,0.16,0.02
SN,AS,kalpa,638,10.43,3.6,16.2,0.96,0.16,0.02
SN,AS,kalpa,639,10.24,3.68,16.2,0.96,0.16,0.02
SN,AS,kalpa,640,10.12,3.72,16.2,0.96,0.16,0.02
SN,AS,kalpa,641,10.62,3.52,16.24,0.95,0.16,0.03
SN,AS,kalpa,642,10.94,3.44,16.32,0.95,0.16,0.03
SN,AS,kalpa,643,10.78,3.44,16.24,0.97,0.16,0.03
SN,AS,kalpa,644,10.49,3.52,16.2,0.95,0.16,0.03
SN,AS,kalpa,645,10.6,3.48,16.2,0.95,0.16,0.05
SN,AS,kalpa,646,10.84,3.4,16.2,0.95,0.16,0.05
SN,AS,kalpa,647,11.17,3.28,16.2,0.96,0.16,0.06
SN,AS,kalpa,648,11.1,3.24,15.96,0.96,0.16,0.06
SN,AS,kalpa,649,10.89,3.2,15.68,0.96,0.16,0.06
SN,AS,kalpa,650,10.72,3.32,16.0,0.95,0.16,0.06
SN,AS,kalpa,651,10.6,3.44,16.4,0.95,0.16,0.06
SN,AS,kalpa,652,10.21,3.6,16.6,0.93,0.16,0.06
SN,AS,kalpa,653,10.32,3.6,16.72,0.93,0.16,0.06
SN,AS,kalpa,654,10.05,3.72,16.8,0.94,0.16,0.04
SN,AS,kalpa,655,9.75,3.84,16.88,0.94,0.16,0.03
SN,AS,kalpa,656,9.88,3.8,16.96,0.94,0.16,0.03
SN,AS,kalpa,657,9.85,3.8,17.0,0.94,0.16,0.03
SN,AS,kalpa,658,9.71,3.84,16.92,0.95,0.16,0.03
SN,AS,kalpa,659,9.84,3.8,16.92,0.95,0.16,0.03
SN,AS,kalpa,660,9.72,3.88,16.96,0.95,0.15,0.03
SN,AS,kalpa,661,9.86,3.8,17.0,0.95,0.16,0.03
SN,AS,kalpa,662,9.97,3.76,17.0,0.95,0.16,0.03
SN,AS,kalpa,663,9.84,3.8,17.04,0.94,0.16,0.03
SN,AS,kalpa,664,9.92,3.8,17.16,0.95,0.16,0.03
SN,AS,kalpa,665,10.09,3.76,17.16,0.95,0.16,0.03
SN,AS,kalpa,666,9.99,3.8,17.16,0.95,0.16,0.02
SN,AS,kalpa,667,10.06,3.76,17.08,0.95,0.16,0.02
SN,AS,kalpa,668,10.51,3.64,17.04,0.95,0.16,0.02
SN,AS,kalpa,669,10.76,3.56,17.04,0.96,0.16,0.02
SN,AS,kalpa,670,10.52,3.68,17.04,0.96,0.16,0.01
SN,AS,kalpa,671,10.27,3.76,17.04,0.95,0.16,0.01
SN,AS,kalpa,672,10.05,3.84,17.0,0.95,0.16,0.0
SN,AS,kalpa,673,10.27,3.76,16.96,0.96,0.16,0.0
SN,AS,kalpa,674,10.27,3.8,17.0,0.96,0.15,0.0
SN,AS,kalpa,675,10.36,3.76,17.0,0.97,0.15,0.0
SN,AS,kalpa,676,10.6,3.68,17.0,0.97,0.16,0.0
SN,AS,kalpa,677,10.93,3.56,16.96,0.98,0.16,0.0
SN,AS,kalpa,678,11.09,3.52,17.0,0.98,0.16,0.0
SN,AS,kalpa,679,11.12,3.52,16.96,0.98,0.16,0.0
SN,AS,kalpa,680,11.03,3.52,16.92,0.98,0.16,0.0
SN,AS,kalpa,681,11.07,3.52,16.92,0.98,0.16,0.0
SN,AS,kalpa,682,11.17,3.52,16.88,0.98,0.16,0.0
SN,AS,kalpa,683,11.37,3.48,16.88,0.98,0.16,0.01
SN,AS,kalpa,684,11.31,3.48,16.84,0.98,0.16,0.01
SN,AS,kalpa,685,11.51,3.4,16.76,0.98,0.16,0.01
SN,AS,kalpa,686,11.37,3.44,16.72,0.98,0.16,0.01
SN,AS,kalpa,687,11.3,3.44,16.72,0.97,0.16,0.01
SN,AS,kalpa,688,11.6,3.4,16.76,0.96,0.16,0.01
SN,AS,kalpa,689,11.84,3.32,16.68,0.96,0.16,0.01
SN,AS,kalpa,690,11.72,3.32,16.64,0.96,0.16,0.01
SN,AS,kalpa,691,11.55,3.36,16.6,0.96,0.16,0.01
SN,AS,kalpa,692,11.52,3.36,16.6,0.96,0.16,0.01
SN,AS,kalpa,693,11.63,3.32,16.64,0.96,0.16,0.02
SN,AS,kalpa,694,11.66,3.28,16.68,0.96,0.16,0.02
SN,AS,kalpa,695,11.75,3.24,16.64,0.96,0.16,0.02
SN,AS,kalpa,696,11.68,3.28,16.64,0.98,0.16,0.02
SN,AS,kalpa,697,11.91,3.24,16.68,0.96,0.16,0.04
SN,AS,kalpa,698,11.2,3.44,16.64,0.94,0.16,0.03
SN,AS,kalpa,699,11.35,3.36,16.64,0.95,0.16,0.04
SN,AS,kalpa,700,11.45,3.32,16.64,0.95,0.16,0.04
SN,AS,kalpa,701,11.25,3.4,16.6,0.96,0.16,0.04
SN,AS,kalpa,702,10.95,3.48,16.56,0.95,0.16,0.03
SN,AS,kalpa,703,10.69,3.56,16.48,0.94,0.16,0.03
SN,AS,kalpa,704,10.6,3.56,16.48,0.93,0.16,0.03
SN,AS,kalpa,705,10.92,3.48,16.48,0.94,0.16,0.03
SN,AS,kalpa,706,10.76,3.52,16.4,0.93,0.16,0.03
SN,AS,kalpa,707,10.4,3.6,16.44,0.92,0.16,0.03
SN,AS,kalpa,708,10.1,3.72,16.48,0.91,0.16,0.02
SN,AS,kalpa,709,10.08,3.72,16.48,0.91,0.16,0.02
SN,AS,kalpa,710,10.16,3.68,16.52,0.91,0.16,0.03
SN,AS,kalpa,711,10.37,3.64,16.56,0.92,0.16,0.03
SN,AS,kalpa,712,10.65,3.56,16.56,0.93,0.16,0.04
SN,AS,kalpa,713,10.65,3.52,16.56,0.93,0.16,0.05
SN,AS,kalpa,714,10.23,3.68,16.56,0.92,0.16,0.04
SN,AS,kalpa,715,10.54,3.56,16.56,0.92,0.16,0.06
SN,AS,kalpa,716,10.74,3.52,16.6,0.92,0.16,0.06
SN,AS,kalpa,717,10.63,3.56,16.64,0.92,0.16,0.06
SN,AS,kalpa,718,10.41,3.64,16.68,0.91,0.16,0.04
SN,AS,kalpa,719,10.0,3.8,16.64,0.89,0.16,0.04
SN,AS,kalpa,720,9.99,3.8,16.64,0.89,0.16,0.04
SN,AS,kalpa,721,10.36,3.64,16.68,0.89,0.16,0.04
SN,AS,kalpa,722,10.36,3.64,16.68,0.9,0.16,0.03
SN,AS,kalpa,723,11.01,3.44,16.68,0.92,0.16,0.03
SN,AS,kalpa,724,11.0,3.48,16.68,0.92,0.16,0.03
SN,AS,kalpa,725,11.01,3.52,16.72,0.93,0.16,0.03
SN,AS,kalpa,726,11.4,3.4,16.76,0.93,0.16,0.04
SN,AS,kalpa,727,11.82,3.28,16.76,0.94,0.16,0.04
SN,AS,kalpa,728,12.15,3.2,16.8,0.95,0.16,0.04
SN,AS,kalpa,729,12.45,3.12,16.8,0.95,0.16,0.04
SN,AS,kalpa,730,12.12,3.2,16.76,0.95,0.16,0.04
SN,AS,kalpa,731,11.83,3.28,16.76,0.94,0.16,0.04
SN,AS,kalpa,732,12.22,3.2,16.72,0.93,0.16,0.05
SN,AS,kalpa,733,12.37,3.16,16.84,0.94,0.16,0.05
SN,AS,kalpa,734,11.94,3.28,16.84,0.93,0.16,0.05
SN,AS,kalpa,735,11.51,3.4,16.84,0.93,0.16,0.04
SN,AS,kalpa,736,11.28,3.48,16.84,0.93,0.16,0.03
SN,AS,kalpa,737,10.86,3.64,16.84,0.93,0.16,0.02
SN,AS,kalpa,738,10.52,3.72,16.72,0.92,0.16,0.02
SN,AS,kalpa,739,10.73,3.6,16.68,0.92,0.16,0.02
SN,AS,kalpa,740,10.31,3.76,16.8,0.91,0.16,0.01
SN,AS,kalpa,741,10.08,3.84,16.76,0.92,0.16,0.01
SN,AS,kalpa,742,9.98,3.88,16.76,0.92,0.16,0.01
SN,AS,kalpa,743,9.83,3.96,16.84,0.93,0.16,0.01
SN,AS,kalpa,744,10.06,3.88,16.88,0.95,0.16,0.01
SN,AS,kalpa,745,10.12,3.88,16.92,0.95,0.16,0.01
SN,AS,kalpa,746,9.85,4.0,16.96,0.95,0.15,0.01
SN,AS,kalpa,747,9.57,4.08,16.92,0.95,0.15,0.01
SN,AS,kalpa,748,9.38,4.12,16.96,0.93,0.15,0.01
SN,AS,kalpa,749,9.22,4.16,17.0,0.91,0.15,0.01
SN,AS,kalpa,750,9.04,4.24,17.0,0.91,0.15,0.01
SN,AS,kalpa,751,8.87,4.32,16.96,0.91,0.15,0.01
SN,AS,kalpa,752,8.82,4.36,17.04,0.92,0.15,0.01
SN,AS,kalpa,753,8.93,4.28,17.04,0.92,0.15,0.02
SN,AS,kalpa,754,8.97,4.28,17.04,0.92,0.15,0.02
SN,AS,kalpa,755,9.01,4.24,17.12,0.92,0.15,0.02
SN,AS,kalpa,756,9.06,4.2,17.12,0.91,0.15,0.02
SN,AS,kalpa,757,8.92,4.24,17.12,0.91,0.15,0.01
SN,AS,kalpa,758,8.98,4.2,16.96,0.9,0.16,0.01
SN,AS,kalpa,759,9.13,4.12,16.96,0.92,0.15,0.01
SN,AS,kalpa,760,9.13,4.12,16.92,0.91,0.16,0.01
SN,AS,kalpa,761,8.91,4.16,16.88,0.91,0.16,0.01
SN,AS,kalpa,762,9.06,4.08,16.96,0.9,0.16,0.01
SN,AS,kalpa,763,9.01,4.12,17.04,0.9,0.16,0.01
SN,AS,kalpa,764,9.17,4.08,17.12,0.91,0.16,0.01
SN,AS,kalpa,765,9.29,4.0,17.04,0.91,0.16,0.01
SN,AS,kalpa,766,9.08,4.04,17.08,0.89,0.16,0.01
SN,AS,kalpa,767,8.98,4.08,17.04,0.88,0.16,0.01
SN,AS,kalpa,768,9.05,4.04,16.96,0.87,0.16,0.01
SN,AS,kalpa,769,8.99,4.08,16.92,0.85,0.16,0.01
SN,AS,kalpa,770,9.0,4.04,16.88,0.85,0.16,0.01
SN,AS,kalpa,771,9.3,3.92,16.8,0.86,0.16,0.01
SN,AS,kalpa,772,9.18,3.96,16.72,0.82,0.16,0.01
SN,AS,kalpa,773,9.17,4.0,16.72,0.79,0.17,0.01
SN,AS,kalpa,774,9.33,3.92,16.64,0.79,0.17,0.01
SN,AS,kalpa,775,9.43,3.84,16.64,0.78,0.17,0.01
SN,AS,kalpa,776,9.32,3.88,16.64,0.76,0.17,0.01
SN,AS,kalpa,777,9.43,3.8,16.6,0.76,0.17,0.01
SN,AS,kalpa,778,9.29,3.88,16.56,0.76,0.17,0.0
SN,AS,kalpa,779,8.85,4.04,16.6,0.75,0.17,0.0
SN,AS,kalpa,780,8.6,4.16,16.48,0.76,0.17,0.0
SN,AS,kalpa,781,8.87,4.04,16.48,0.77,0.17,0.0
SN,AS,kalpa,782,8.7,4.12,16.52,0.79,0.16,0.0
SN,AS,kalpa,783,8.6,4.2,16.56,0.79,0.16,0.0
SN,AS,kalpa,784,8.72,4.12,16.6,0.82,0.16,0.0
SN,AS,kalpa,785,9.0,4.0,16.6,0.83,0.16,0.01
SN,AS,kalpa,786,9.29,3.92,16.6,0.84,0.16,0.01
SN,AS,kalpa,787,9.43,3.84,16.48,0.84,0.16,0.02
SN,AS,kalpa,788,9.57,3.76,16.44,0.84,0.16,0.02
SN,AS,kalpa,789,9.48,3.8,16.4,0.84,0.16,0.02
SN,AS,kalpa,790,9.31,3.88,16.4,0.86,0.16,0.02
SN,AS,kalpa,791,9.48,3.76,16.0,0.87,0.16,0.02
SN,AS,kalpa,792,9.52,3.64,15.68,0.9,0.16,0.02
SN,AS,kalpa,793,9.64,3.6,15.56,0.93,0.16,0.02
SN,AS,kalpa,794,9.6,3.56,15.48,0.94,0.16,0.02
SN,AS,kalpa,795,9.62,3.56,15.48,0.94,0.16,0.02
SN,AS,kalpa,796,9.45,3.64,15.52,0.95,0.16,0.02
SN,AS,kalpa,797,9.56,3.64,15.64,0.95,0.16,0.02
SN,AS,kalpa,798,9.75,3.56,15.64,0.96,0.16,0.02
SN,AS,kalpa,799,9.78,3.56,15.64,0.96,0.16,0.02
SN,AS,kalpa,800,10.16,3.44,15.6,0.97,0.16,0.03
SN,AS,kalpa,801,10.58,3.32,15.64,0.98,0.16,0.05
SN,AS,kalpa,802,10.67,3.32,15.6,0.98,0.16,0.05
SN,AS,kalpa,803,10.78,3.24,15.6,0.98,0.16,0.05
SN,AS,kalpa,804,11.15,3.16,15.6,0.99,0.16,0.05
SN,AS,kalpa,805,11.33,3.12,15.72,0.97,0.16,0.05
SN,AS,kalpa,806,11.44,3.08,15.72,0.97,0.16,0.06
SN,AS,kalpa,807,11.91,3.0,15.76,0.99,0.16,0.07
SN,AS,kalpa,808,12.63,2.8,15.72,0.99,0.16,0.09
SN,AS,kalpa,809,13.03,2.76,15.72,0.97,0.17,0.1
SN,AS,kalpa,810,12.83,2.8,15.72,0.97,0.16,0.09
SN,AS,kalpa,811,13.01,2.76,15.76,0.97,0.17,0.09
SN,AS,kalpa,812,13.07,2.76,15.76,0.97,0.17,0.09
SN,AS,kalpa,813,13.16,2.76,15.76,0.97,0.17,0.09
SN,AS,kalpa,814,12.94,2.8,15.76,0.96,0.17,0.09
SN,AS,kalpa,815,12.99,2.8,15.76,0.94,0.17,0.09
SN,AS,kalpa,816,13.61,2.76,16.12,0.96,0.17,0.1
SN,AS,kalpa,817,13.43,2.88,16.44,0.96,0.17,0.1
SN,AS,kalpa,818,13.42,2.88,16.52,0.96,0.17,0.1
SN,AS,kalpa,819,13.66,2.84,16.6,0.94,0.17,0.1
SN,AS,kalpa,820,13.27,2.92,16.6,0.93,0.17,0.1
SN,AS,kalpa,821,13.22,2.92,16.56,0.93,0.17,0.1
SN,AS,kalpa,822,13.4,2.88,16.52,0.93,0.17,0.1
SN,AS,kalpa,823,13.44,2.88,16.52,0.93,0.17,0.1
SN,AS,kalpa,824,13.29,2.92,16.52,0.95,0.17,0.1
SN,AS,kalpa,825,13.09,2.96,16.52,0.95,0.17,0.08
SN,AS,kalpa,826,12.72,3.04,16.52,0.96,0.16,0.07
SN,AS,kalpa,827,12.03,3.2,16.56,0.95,0.16,0.06
SN,AS,kalpa,828,11.6,3.36,16.64,0.93,0.16,0.06
SN,AS,kalpa,829,11.52,3.36,16.6,0.93,0.16,0.06
SN,AS,kalpa,830,11.4,3.4,16.56,0.94,0.16,0.06
SN,AS,kalpa,831,11.0,3.56,16.6,0.94,0.16,0.04
SN,AS,kalpa,832,11.2,3.44,16.44,0.94,0.16,0.06
SN,AS,kalpa,833,10.7,3.6,16.48,0.94,0.16,0.04
SN,AS,kalpa,834,10.66,3.56,16.44,0.94,0.16,0.04
SN,AS,kalpa,835,10.32,3.72,16.52,0.94,0.16,0.04
SN,AS,kalpa,836,10.58,3.64,16.48,0.93,0.16,0.05
SN,AS,kalpa,837,10.39,3.72,16.48,0.94,0.16,0.04
SN,AS,kalpa,838,10.36,3.76,16.48,0.94,0.16,0.04
SN,AS,kalpa,839,10.31,3.8,16.48,0.95,0.16,0.04
SN,AS,kalpa,840,10.74,3.68,16.48,0.96,0.16,0.05
SN,AS,kalpa,841,10.44,3.76,16.48,0.95,0.16,0.04
SN,AS,kalpa,842,10.46,3.72,16.48,0.95,0.16,0.04
SN,AS,kalpa,843,10.74,3.64,16.48,0.95,0.16,0.05
SN,AS,kalpa,844,10.87,3.6,16.48,0.96,0.16,0.06
SN,AS,kalpa,845,10.41,3.76,16.52,0.95,0.16,0.05
SN,AS,kalpa,846,10.28,3.8,16.56,0.95,0.16,0.05
SN,AS,kalpa,847,10.25,3.8,16.56,0.95,0.16,0.05
SN,AS,kalpa,848,9.84,3.96,16.52,0.93,0.16,0.05
SN,AS,kalpa,849,10.1,3.88,16.6,0.93,0.16,0.06
SN,AS,kalpa,850,9.82,4.0,16.6,0.93,0.16,0.06
SN,AS,kalpa,851,9.57,4.08,16.56,0.92,0.16,0.06
SN,AS,kalpa,852,9.57,4.08,16.56,0.91,0.16,0.06
SN,AS,kalpa,853,9.74,4.0,16.56,0.91,0.16,0.06
SN,AS,kalpa,854,9.69,4.0,16.52,0.91,0.16,0.06
SN,AS,kalpa,855,10.14,3.84,16.52,0.91,0.16,0.06
SN,AS,kalpa,856,10.05,3.84,16.48,0.91,0.16,0.06
SN,AS,kalpa,857,9.75,3.96,16.56,0.9,0.16,0.05
SN,AS,kalpa,858,9.94,3.88,16.52,0.9,0.16,0.05
SN,AS,kalpa,859,9.93,3.92,16.6,0.89,0.16,0.05
SN,AS,kalpa,860,9.9,3.92,16.52,0.88,0.16,0.05
SN,AS,kalpa,861,9.42,4.08,16.52,0.87,0.16,0.04
SN,AS,kalpa,862,9.22,4.16,16.56,0.88,0.16,0.04
SN,AS,kalpa,863,9.07,4.2,16.56,0.87,0.16,0.04
SN,AS,kalpa,864,9.06,4.16,16.52,0.85,0.16,0.04
SN,AS,kalpa,865,8.88,4.2,16.52,0.84,0.16,0.03
SN,AS,kalpa,866,8.58,4.32,16.52,0.85,0.16,0.03
SN,AS,kalpa,867,8.59,4.32,16.6,0.86,0.16,0.03
SN,AS,kalpa,868,8.34,4.4,16.64,0.86,0.16,0.02
SN,AS,kalpa,869,8.1,4.52,16.64,0.87,0.16,0.02
SN,AS,kalpa,870,8.52,4.32,16.6,0.9,0.15,0.02
SN,AS,kalpa,871,8.64,4.28,16.6,0.9,0.16,0.02
SN,AS,kalpa,872,8.61,4.28,16.6,0.91,0.15,0.02
SN,AS,kalpa,873,8.74,4.2,16.6,0.91,0.15,0.02
SN,AS,kalpa,874,8.8,4.16,16.52,0.92,0.15,0.02
SN,AS,kalpa,875,9.04,4.04,16.56,0.94,0.15,0.02
SN,AS,kalpa,876,9.49,3.84,16.6,0.95,0.16,0.03
SN,AS,kalpa,877,9.54,3.8,16.6,0.95,0.16,0.03
SN,AS,kalpa,878,9.69,3.76,16.56,0.96,0.16,0.03
SN,AS,kalpa,879,9.91,3.68,16.6,0.96,0.16,0.03
SN,AS,kalpa,880,9.51,3.8,16.56,0.95,0.16,0.03
SN,AS,kalpa,881,9.89,3.64,16.56,0.95,0.16,0.04
SN,AS,kalpa,882,9.92,3.64,16.56,0.93,0.16,0.04
SN,AS,kalpa,883,9.84,3.68,16.56,0.92,0.16,0.04
SN,AS,kalpa,884,9.49,3.8,16.52,0.93,0.16,0.03
SN,AS,kalpa,885,9.79,3.68,16.6,0.95,0.16,0.03
SN,AS,kalpa,886,10.31,3.52,16.6,0.94,0.16,0.05
SN,AS,kalpa,887,10.15,3.52,16.6,0.93,0.16,0.05
SN,AS,kalpa,888,10.21,3.48,16.56,0.93,0.16,0.05
SN,AS,kalpa,889,10.67,3.32,16.6,0.95,0.16,0.06
SN,AS,kalpa,890,10.31,3.44,16.56,0.95,0.16,0.06
SN,AS,kalpa,891,10.65,3.36,16.6,0.95,0.16,0.06
SN,AS,kalpa,892,10.62,3.36,16.52,0.94,0.16,0.06
SN,AS,kalpa,893,10.36,3.44,16.52,0.93,0.16,0.06
SN,AS,kalpa,894,10.74,3.4,16.88,0.93,0.16,0.07
SN,AS,kalpa,895,9.86,3.72,17.24,0.91,0.16,0.06
SN,AS,kalpa,896,9.96,3.72,17.6,0.92,0.16,0.06
SN,AS,kalpa,897,10.05,3.76,18.04,0.93,0.16,0.06
SN,AS,kalpa,898,10.04,3.84,18.44,0.93,0.16,0.06
SN,AS,kalpa,899,9.83,3.96,18.76,0.93,0.16,0.05
SN,AS,kalpa,900,9.54,4.12,19.04,0.93,0.16,0.05
SN,AS,kalpa,901,9.27,4.28,19.36,0.93,0.15,0.04
SN,AS,kalpa,902,9.5,4.2,19.36,0.94,0.15,0.04
SN,AS,kalpa,903,9.29,4.24,19.32,0.94,0.15,0.04
SN,AS,kalpa,904,9.13,4.24,18.96,0.94,0.15,0.04
SN,AS,kalpa,905,9.2,4.12,18.64,0.95,0.15,0.04
SN,AS,kalpa,906,8.99,4.2,18.48,0.95,0.15,0.03
SN,AS,kalpa,907,8.92,4.2,18.4,0.94,0.15,0.03
SN,AS,kalpa,908,9.79,4.72,22.76,0.95,0.15,0.05
SN,AS,kalpa,909,9.96,4.8,23.36,0.96,0.15,0.05
SN,AS,kalpa,910,10.15,4.84,23.88,0.96,0.15,0.05
SN,AS,kalpa,911,10.25,4.88,24.36,0.96,0.15,0.05
SN,AS,kalpa,912,10.77,4.8,25.0,0.97,0.15,0.06
SN,AS,kalpa,913,10.87,4.88,25.6,0.96,0.15,0.06
SN,AS,kalpa,914,10.64,5.12,26.16,0.95,0.15,0.05
SN,AS,kalpa,915,10.94,4.96,26.2,0.96,0.15,0.05
SN,AS,kalpa,916,11.08,4.84,26.04,0.96,0.15,0.05
SN,AS,kalpa,917,11.18,4.76,25.92,0.96,0.15,0.05
SN,AS,kalpa,918,11.26,4.68,25.68,0.96,0.15,0.05
SN,AS,kalpa,919,11.82,4.76,27.48,0.96,0.15,0.06
SN,AS,kalpa,920,12.68,4.44,27.36,0.97,0.15,0.06
SN,AS,kalpa,921,12.52,4.48,27.04,0.96,0.15,0.06
SN,AS,kalpa,922,12.68,4.32,26.32,0.96,0.15,0.06
SN,AS,kalpa,923,12.75,4.16,25.52,0.96,0.15,0.07
SN,AS,kalpa,924,12.67,4.08,24.88,0.96,0.15,0.07
SN,AS,kalpa,925,13.09,4.0,24.84,0.96,0.15,0.08
SN,AS,kalpa,926,13.31,3.92,24.64,0.94,0.15,0.09
SN,AS,kalpa,927,12.65,4.36,25.96,0.92,0.15,0.08
SN,AS,kalpa,928,13.46,4.56,28.88,0.92,0.15,0.1
SN,AS,kalpa,929,13.54,4.56,29.0,0.93,0.15,0.1
SN,AS,kalpa,930,13.78,4.52,29.24,0.94,0.15,0.1
SN,AS,kalpa,931,13.84,4.52,29.48,0.94,0.15,0.1
SN,AS,kalpa,932,13.87,4.44,29.04,0.94,0.15,0.1
SN,AS,kalpa,933,13.29,4.0,24.72,0.94,0.15,0.08
SN,AS,kalpa,934,13.51,3.8,24.12,0.95,0.16,0.08
SN,AS,kalpa,935,13.17,3.76,23.44,0.95,0.16,0.09
SN,AS,kalpa,936,12.45,3.88,22.84,0.95,0.16,0.07
SN,AS,kalpa,937,11.92,3.88,21.84,0.95,0.16,0.06
SN,AS,kalpa,938,12.07,3.84,21.76,0.93,0.16,0.07
SN,AS,kalpa,939,12.26,3.64,21.0,0.93,0.16,0.08
SN,AS,kalpa,940,12.36,3.64,20.92,0.93,0.16,0.08
SN,AS,kalpa,941,12.38,3.72,21.32,0.94,0.16,0.09
SN,AS,kalpa,942,12.28,3.72,21.0,0.92,0.16,0.09
SN,AS,kalpa,943,12.7,4.2,24.36,0.93,0.15,0.09
SN,AS,kalpa,944,11.85,4.36,23.76,0.94,0.15,0.06
SN,AS,kalpa,945,11.58,4.44,23.6,0.94,0.15,0.06
SN,AS,kalpa,946,11.54,4.64,24.64,0.94,0.15,0.06
SN,AS,kalpa,947,11.58,4.68,25.0,0.93,0.15,0.06
SN,AS,kalpa,948,11.65,4.72,25.28,0.93,0.15,0.06
SN,AS,kalpa,949,11.63,5.0,26.56,0.92,0.15,0.06
SN,AS,kalpa,950,11.33,4.96,25.92,0.91,0.15,0.05
SN,AS,kalpa,951,10.98,5.12,25.76,0.91,0.15,0.04
SN,AS,kalpa,952,11.04,4.8,24.4,0.91,0.15,0.04
SN,AS,kalpa,953,10.24,4.6,21.6,0.9,0.15,0.03
SN,AS,kalpa,954,10.12,4.72,21.88,0.9,0.15,0.03
SN,AS,kalpa,955,9.88,4.84,21.88,0.9,0.15,0.02
SN,AS,kalpa,956,9.78,4.88,21.8,0.91,0.15,0.02
SN,AS,kalpa,957,10.12,4.92,22.84,0.92,0.15,0.03
SN,AS,kalpa,958,10.46,4.76,23.08,0.92,0.15,0.03
SN,AS,kalpa,959,10.3,5.0,23.68,0.91,0.15,0.03
SN,AS,kalpa,960,10.2,5.0,23.4,0.91,0.15,0.03
SN,AS,kalpa,961,10.41,4.92,23.56,0.93,0.15,0.03
SN,AS,kalpa,962,10.46,4.96,23.88,0.92,0.15,0.03
SN,AS,kalpa,963,10.36,4.92,23.4,0.93,0.15,0.02
SN,AS,kalpa,964,10.28,5.0,23.6,0.94,0.15,0.02
SN,AS,kalpa,965,10.04,5.12,23.8,0.93,0.15,0.02
SN,AS,kalpa,966,9.84,5.16,23.56,0.92,0.15,0.02
SN,AS,kalpa,967,9.95,5.24,24.2,0.92,0.15,0.02
SN,AS,kalpa,968,9.62,5.08,22.8,0.9,0.15,0.02
SN,AS,kalpa,969,9.56,4.76,21.0,0.89,0.16,0.03
SN,AS,kalpa,970,9.5,4.64,20.4,0.89,0.16,0.03
SN,AS,kalpa,971,9.43,4.4,19.28,0.89,0.16,0.03
SN,AS,kalpa,972,9.13,4.52,19.2,0.88,0.16,0.03
SN,AS,kalpa,973,8.92,5.12,21.48,0.88,0.15,0.02
SN,AS,kalpa,974,8.73,4.92,20.36,0.89,0.15,0.02
SN,AS,kalpa,975,8.8,4.88,20.28,0.89,0.15,0.02
SN,AS,kalpa,976,8.95,4.68,19.88,0.9,0.15,0.03
SN,AS,kalpa,977,9.07,4.52,19.44,0.9,0.15,0.03
SN,AS,kalpa,978,8.84,4.48,18.8,0.89,0.15,0.03
SN,AS,kalpa,979,9.2,4.44,19.48,0.9,0.15,0.04
SN,AS,kalpa,980,9.01,4.48,19.4,0.89,0.15,0.04
SN,AS,kalpa,981,8.95,4.48,19.28,0.89,0.15,0.04
SN,AS,kalpa,982,8.62,4.56,18.8,0.89,0.15,0.03
SN,AS,kalpa,983,8.36,4.8,19.2,0.88,0.15,0.03
SN,AS,kalpa,984,8.3,4.6,18.4,0.89,0.16,0.03
SN,AS,kalpa,985,8.39,4.68,18.8,0.88,0.16,0.03
SN,AS,kalpa,986,8.28,4.68,18.64,0.87,0.16,0.03
SN,AS,kalpa,987,8.33,4.56,18.24,0.88,0.16,0.03
SN,AS,kalpa,988,8.22,4.48,17.92,0.88,0.16,0.03
SN,AS,kalpa,989,8.15,4.44,17.6,0.87,0.16,0.03
SN,AS,kalpa,990,8.35,4.32,17.48,0.88,0.16,0.03
SN,AS,kalpa,991,8.35,4.24,17.08,0.89,0.16,0.03
SN,AS,kalpa,992,8.04,4.32,16.92,0.89,0.16,0.03
SN,AS,kalpa,993,7.56,3.96,14.72,0.89,0.16,0.01
SN,AS,kalpa,994,7.58,4.08,14.96,0.88,0.16,0.01
SN,AS,kalpa,995,7.64,4.2,15.48,0.89,0.16,0.01
SN,AS,kalpa,996,7.64,4.24,15.6,0.9,0.16,0.01
SN,AS,kalpa,997,7.89,4.16,15.6,0.9,0.16,0.01
SN,AS,kalpa,998,8.04,3.56,13.44,0.9,0.16,0.01
SN,AS,kalpa,999,8.02,3.6,13.6,0.91,0.16,0.01
SN,AS,kalpa,1000,7.88,3.8,14.08,0.89,0.16,0.01
SN,AS,kalpa,1001,8.15,3.84,14.52,0.9,0.16,0.01
SN,AS,kalpa,1002,8.1,4.0,15.0,0.9,0.16,0.01
SN,AS,kalpa,1003,8.32,4.08,15.52,0.9,0.16,0.01
SN,AS,kalpa,1004,7.95,4.12,14.8,0.89,0.16,0.0
SN,AS,kalpa,1005,8.21,4.0,14.72,0.91,0.16,0.0
