Text_Type,Book,Chapter,Window,LGL,GGL,LGG,GLG,LLG,GLL,G,LLL,L,GGG,LG,GL,GG,LL
SN,AH,shareera,1,63,33,21,50,18,15,39,1,4,70,0,0,0,0
SN,AH,shareera,2,62,33,22,52,19,15,38,1,4,70,0,0,0,0
SN,AH,shareera,3,62,33,24,51,20,14,38,1,4,69,0,0,0,0
SN,AH,shareera,4,62,32,23,49,19,15,39,1,4,70,0,0,0,0
SN,AH,shareera,5,61,32,25,49,19,15,39,1,4,69,0,0,0,0
SN,AH,shareera,6,59,31,27,51,19,15,38,1,4,71,0,0,0,0
SN,AH,shareera,7,59,31,28,50,19,16,38,1,4,70,0,0,0,0
SN,AH,shareera,8,59,33,30,51,18,16,37,1,4,69,0,0,0,0
SN,AH,shareera,9,60,32,31,50,18,16,37,1,4,69,0,0,0,0
SN,AH,shareera,10,60,32,31,50,16,16,37,1,4,71,0,0,0,0
SN,AH,shareera,11,60,32,31,51,16,16,36,1,5,70,0,0,0,0
SN,AH,shareera,12,59,33,34,51,16,16,35,1,5,72,1,0,0,0
SN,AH,shareera,13,58,33,35,52,15,17,35,1,5,71,1,0,0,0
SN,AH,shareera,14,57,32,36,51,15,17,35,1,5,73,1,0,0,0
SN,AH,shareera,15,57,33,35,51,15,17,35,1,5,73,1,0,0,0
SN,AH,shareera,16,58,33,34,52,14,17,35,1,5,73,1,0,0,0
SN,AH,shareera,17,58,33,35,53,14,17,36,1,4,71,1,0,0,0
SN,AH,shareera,18,57,32,36,54,14,18,35,1,5,72,1,0,0,0
SN,AH,shareera,19,56,32,36,53,14,17,34,1,6,70,1,0,0,0
SN,AH,shareera,20,58,31,36,54,13,18,33,1,6,71,1,0,0,0
SN,AH,shareera,21,57,29,36,54,13,18,32,1,6,69,1,0,0,0
SN,AH,shareera,22,57,28,34,54,13,17,32,1,6,67,1,1,0,0
SN,AH,shareera,23,56,27,34,53,13,17,31,1,6,65,1,1,0,0
SN,AH,shareera,24,57,27,34,55,13,17,31,1,6,65,1,1,0,0
SN,AH,shareera,25,57,28,35,54,13,18,31,1,6,63,1,1,0,0
SN,AH,shareera,26,56,28,36,55,12,17,31,1,6,64,1,1,0,0
SN,AH,shareera,27,55,26,36,55,12,17,31,1,6,67,1,1,0,0
SN,AH,shareera,28,54,26,37,58,12,17,31,1,5,69,2,1,0,0
SN,AH,shareera,29,53,26,37,58,11,17,31,1,5,71,2,1,0,0
SN,AH,shareera,30,53,25,39,57,13,16,30,1,5,75,3,1,0,0
SN,AH,shareera,31,53,24,39,56,14,16,30,1,5,76,3,1,0,0
SN,AH,shareera,32,53,25,38,56,15,16,30,1,5,75,3,1,0,0
SN,AH,shareera,33,52,25,37,56,16,16,30,1,5,76,3,1,0,0
SN,AH,shareera,34,54,24,35,54,17,15,31,1,5,76,3,1,0,0
SN,AH,shareera,35,54,24,36,52,18,15,31,1,5,76,3,1,0,0
SN,AH,shareera,36,53,24,36,51,18,15,32,1,4,78,3,1,0,0
SN,AH,shareera,37,54,24,36,53,16,15,32,1,4,77,3,1,0,0
SN,AH,shareera,38,55,25,36,52,16,13,33,1,4,75,3,1,0,0
SN,AH,shareera,39,55,24,37,50,16,14,33,1,4,76,3,1,0,0
SN,AH,shareera,40,55,23,37,51,15,15,33,1,4,76,3,1,0,0
SN,AH,shareera,41,53,22,37,52,16,15,33,1,4,77,3,1,0,0
SN,AH,shareera,42,53,23,36,53,14,14,34,1,4,76,3,1,0,0
SN,AH,shareera,43,52,22,36,56,14,13,34,1,4,76,3,1,0,0
SN,AH,shareera,44,53,22,36,56,15,12,34,1,4,75,3,1,0,0
SN,AH,shareera,45,53,23,36,56,17,11,34,1,4,73,3,1,0,0
SN,AH,shareera,46,53,24,36,56,17,11,34,1,4,72,3,1,0,0
SN,AH,shareera,47,55,24,35,57,16,11,34,1,4,71,3,1,0,0
SN,AH,shareera,48,59,26,34,58,17,12,34,2,4,72,4,1,0,0
SN,AH,shareera,49,59,26,34,57,18,13,34,2,4,71,4,1,0,0
SN,AH,shareera,50,57,26,34,60,19,13,33,2,4,72,4,1,0,0
SN,AH,shareera,51,56,28,34,59,20,13,33,2,4,71,4,1,0,0
SN,AH,shareera,52,56,29,34,57,20,14,33,2,4,71,4,1,0,0
SN,AH,shareera,53,56,29,32,58,19,14,33,2,4,73,4,1,0,0
SN,AH,shareera,54,56,29,32,60,19,13,32,3,4,74,4,1,0,0
SN,AH,shareera,55,56,29,30,61,20,12,32,3,4,75,4,1,0,0
SN,AH,shareera,56,58,28,28,58,20,13,33,3,4,75,4,1,0,0
SN,AH,shareera,57,59,29,28,57,20,13,33,3,4,74,4,1,0,0
SN,AH,shareera,58,59,27,26,56,20,13,34,3,4,76,4,1,0,0
SN,AH,shareera,59,58,27,25,57,21,13,34,3,4,76,4,1,0,0
SN,AH,shareera,60,57,29,25,59,22,14,33,3,4,74,4,1,0,0
SN,AH,shareera,61,57,30,25,58,22,14,34,3,3,74,4,1,0,0
SN,AH,shareera,62,58,28,22,59,21,15,35,3,3,72,3,1,0,0
SN,AH,shareera,63,58,27,22,59,21,16,35,3,3,72,3,1,0,0
SN,AH,shareera,64,57,28,22,62,20,16,34,3,3,73,3,1,0,0
SN,AH,shareera,65,56,29,22,60,21,17,34,3,3,73,3,1,0,0
SN,AH,shareera,66,55,30,25,59,22,17,33,3,3,75,4,1,0,0
SN,AH,shareera,67,55,31,24,57,23,18,33,3,3,75,4,1,0,0
SN,AH,shareera,68,55,34,24,55,23,18,33,3,2,75,4,1,0,0
SN,AH,shareera,69,56,34,25,55,24,19,34,3,1,76,4,1,0,0
SN,AH,shareera,70,54,35,26,56,26,18,34,3,1,76,5,1,0,0
SN,AH,shareera,71,56,35,26,57,26,19,35,3,1,77,5,1,0,0
SN,AH,shareera,72,55,37,28,58,26,20,35,3,1,78,5,0,0,0
SN,AH,shareera,73,57,37,28,58,27,21,36,3,1,79,5,0,0,0
SN,AH,shareera,74,56,37,28,56,27,21,36,3,1,79,5,0,0,0
SN,AH,shareera,75,54,36,27,56,27,20,36,3,1,79,5,0,0,0
SN,AH,shareera,76,53,37,26,55,27,21,36,3,1,80,5,0,0,0
SN,AH,shareera,77,52,37,26,54,27,21,35,3,1,77,5,0,0,0
SN,AH,shareera,78,52,37,24,52,27,21,35,3,2,76,4,0,0,0
SN,AH,shareera,79,51,36,24,52,27,21,35,3,2,73,4,0,0,0
SN,AH,shareera,80,51,36,22,54,26,22,36,3,2,68,3,0,0,0
SN,AH,shareera,81,51,38,22,53,26,22,36,3,2,67,3,0,0,0
SN,AH,shareera,82,51,37,22,55,25,22,36,3,2,67,3,0,0,0
SN,AH,shareera,83,52,37,22,55,24,23,36,4,2,65,3,0,0,0
SN,AH,shareera,84,51,37,22,56,23,23,36,4,2,66,3,0,0,0
SN,AH,shareera,85,52,37,22,57,22,23,36,4,2,65,3,0,0,0
SN,AH,shareera,86,52,37,22,57,23,25,36,4,2,62,3,0,0,0
SN,AH,shareera,87,51,39,22,55,24,25,36,4,2,62,3,0,0,0
SN,AH,shareera,88,51,38,23,55,24,26,35,4,3,61,3,0,0,0
SN,AH,shareera,89,51,39,23,56,24,25,35,4,3,60,3,0,0,0
SN,AH,shareera,90,51,42,24,56,26,24,34,4,3,60,4,0,0,0
SN,AH,shareera,91,51,43,24,56,26,25,34,4,3,58,4,0,0,0
SN,AH,shareera,92,51,43,25,56,28,25,33,4,3,58,4,0,0,0
SN,AH,shareera,93,51,43,26,54,28,26,33,4,3,58,4,0,0,0
SN,AH,shareera,94,51,42,25,54,27,26,34,3,3,59,4,0,0,0
SN,AH,shareera,95,51,42,25,55,25,26,34,3,3,60,4,0,0,0
SN,AH,shareera,96,49,41,26,58,25,28,34,3,2,60,4,0,0,0
SN,AH,shareera,97,47,40,27,58,25,28,34,3,2,62,4,0,0,0
SN,AH,shareera,98,45,39,27,57,24,26,34,2,2,60,3,0,0,0
SN,AH,shareera,99,45,40,26,57,23,25,34,2,2,62,3,0,0,0
SN,AH,shareera,100,46,40,25,54,22,26,35,2,2,62,3,0,0,0
SN,AH,shareera,101,46,39,25,55,21,26,35,2,2,63,3,0,0,0
SN,AH,shareera,102,47,38,24,55,20,26,36,2,2,62,3,0,0,0
SN,AH,shareera,103,47,38,24,56,20,27,36,2,2,60,3,0,0,0
SN,AH,shareera,104,47,38,23,55,20,28,37,1,2,59,3,0,0,0
SN,AH,shareera,105,47,38,24,57,19,28,37,1,2,57,3,0,0,0
SN,AH,shareera,106,46,38,24,59,19,27,37,1,2,57,3,0,0,0
SN,AH,shareera,107,45,37,24,60,19,26,37,1,2,59,3,0,0,0
SN,AH,shareera,108,44,39,24,59,20,27,37,1,2,57,3,0,0,0
SN,AH,shareera,109,44,40,24,58,19,27,36,1,3,58,3,0,0,0
SN,AH,shareera,110,44,39,27,57,18,27,36,1,3,58,3,0,0,0
SN,AH,shareera,111,44,39,27,56,19,27,36,1,3,58,3,0,0,0
SN,AH,shareera,112,43,40,27,57,20,28,35,1,3,58,3,0,0,0
SN,AH,shareera,113,43,40,28,57,20,27,35,1,3,58,3,0,0,0
SN,AH,shareera,114,45,40,27,55,21,27,35,1,4,55,3,0,0,0
SN,AH,shareera,115,46,39,27,55,21,26,35,1,4,56,3,0,0,0
SN,AH,shareera,116,46,39,25,54,21,26,36,2,4,53,2,0,0,0
SN,AH,shareera,117,46,40,26,54,20,25,36,2,4,53,2,0,0,0
SN,AH,shareera,118,47,37,27,56,20,25,36,2,4,52,2,0,0,0
SN,AH,shareera,119,47,38,26,56,19,24,36,2,4,54,2,0,0,0
SN,AH,shareera,120,47,36,27,54,17,24,37,2,4,54,1,0,0,0
SN,AH,shareera,121,46,37,27,54,17,23,37,2,4,55,1,0,0,0
SN,AH,shareera,122,47,36,25,52,18,23,37,2,5,55,1,0,0,0
SN,AH,shareera,123,46,36,25,52,18,22,37,2,5,57,1,0,0,0
SN,AH,shareera,124,45,37,27,52,19,22,36,2,5,57,1,0,0,0
SN,AH,shareera,125,46,38,27,54,20,22,36,2,5,57,1,0,0,0
SN,AH,shareera,126,47,37,30,55,20,22,35,2,5,56,1,0,0,0
SN,AH,shareera,127,48,37,30,55,21,22,36,2,5,59,1,0,0,0
SN,AH,shareera,128,48,36,30,57,21,22,37,2,4,58,1,0,0,0
SN,AH,shareera,129,50,36,31,58,21,22,37,2,4,59,1,0,0,0
SN,AH,shareera,130,51,37,31,57,20,22,36,2,5,59,1,0,0,0
SN,AH,shareera,131,51,35,31,59,19,22,36,2,5,60,1,0,0,0
SN,AH,shareera,132,51,36,32,60,19,22,35,2,5,62,2,0,0,0
SN,AH,shareera,133,50,36,33,61,19,21,35,1,5,63,2,0,0,0
SN,AH,shareera,134,50,35,33,60,20,21,35,1,5,64,2,0,0,0
SN,AH,shareera,135,50,34,33,60,20,21,35,1,5,65,2,0,0,0
SN,AH,shareera,136,49,34,36,64,19,19,34,1,5,65,2,0,0,0
SN,AH,shareera,137,49,33,37,65,18,19,34,1,5,65,2,0,0,0
SN,AH,shareera,138,49,34,36,67,18,19,34,1,4,66,2,0,0,0
SN,AH,shareera,139,50,33,36,66,18,20,34,1,4,66,2,0,0,0
SN,AH,shareera,140,50,31,35,66,16,20,35,1,4,66,1,0,0,0
SN,AH,shareera,141,50,31,35,66,16,20,35,1,4,66,1,0,0,0
SN,AH,shareera,142,50,30,35,65,15,20,35,2,4,68,1,0,0,0
SN,AH,shareera,143,50,29,34,64,16,19,35,2,4,71,1,0,0,0
SN,AH,shareera,144,50,30,34,63,17,20,35,2,4,69,1,0,0,0
SN,AH,shareera,145,50,29,34,64,17,20,35,2,4,69,1,0,0,0
SN,AH,shareera,146,51,29,34,63,17,18,36,2,4,68,1,0,0,0
SN,AH,shareera,147,52,31,33,63,17,18,36,2,4,66,1,0,0,0
SN,AH,shareera,148,51,32,32,62,16,19,37,2,4,65,1,0,0,0
SN,AH,shareera,149,51,31,32,63,17,19,37,2,4,64,1,0,0,0
SN,AH,shareera,150,51,33,31,65,17,17,37,2,4,63,1,0,0,0
SN,AH,shareera,151,51,33,32,65,18,17,37,2,4,61,1,0,0,0
SN,AH,shareera,152,51,33,32,64,19,16,36,2,5,62,1,0,0,0
SN,AH,shareera,153,52,33,33,62,20,15,36,2,5,62,1,0,0,0
SN,AH,shareera,154,51,33,36,64,20,15,35,2,5,61,1,0,0,0
SN,AH,shareera,155,52,33,36,62,20,16,35,2,5,61,1,0,0,0
SN,AH,shareera,156,52,34,36,61,20,16,35,2,5,61,1,0,0,0
SN,AH,shareera,157,52,34,36,62,20,16,35,2,5,60,1,0,0,0
SN,AH,shareera,158,55,32,36,62,19,15,35,2,5,61,1,0,0,0
SN,AH,shareera,159,55,32,37,64,19,15,36,2,4,58,1,0,0,0
SN,AH,shareera,160,55,33,36,65,20,14,36,2,4,59,2,0,0,0
SN,AH,shareera,161,54,34,36,65,20,14,36,2,4,59,2,0,0,0
SN,AH,shareera,162,54,33,38,64,20,13,36,3,4,59,2,0,0,0
SN,AH,shareera,163,54,34,36,63,20,12,36,3,4,62,2,0,0,0
SN,AH,shareera,164,53,35,36,63,20,12,37,3,3,62,2,0,0,0
SN,AH,shareera,165,52,34,36,63,19,12,36,3,3,60,2,0,1,0
SN,AH,shareera,166,52,33,36,63,19,12,36,2,3,62,2,0,1,0
SN,AH,shareera,167,52,31,35,64,19,12,36,2,3,64,2,0,1,0
SN,AH,shareera,168,52,33,35,64,19,11,36,2,3,63,2,0,1,0
SN,AH,shareera,169,52,33,35,66,19,11,36,2,3,61,2,0,1,0
SN,AH,shareera,170,52,34,34,68,19,12,35,2,3,61,2,0,1,0
SN,AH,shareera,171,53,33,34,67,20,13,35,3,3,59,2,0,1,0
SN,AH,shareera,172,53,32,34,67,20,13,36,3,2,60,2,0,1,0
SN,AH,shareera,173,53,33,35,69,19,13,36,3,2,57,2,0,1,0
SN,AH,shareera,174,56,32,33,69,18,13,37,3,2,55,2,0,1,0
SN,AH,shareera,175,56,31,33,68,18,14,37,3,2,56,2,0,1,0
SN,AH,shareera,176,55,32,31,68,18,13,38,3,2,56,2,0,1,0
SN,AH,shareera,177,55,32,32,69,17,13,38,3,2,55,2,0,1,0
SN,AH,shareera,178,54,33,34,68,17,13,37,3,2,57,2,0,1,0
SN,AH,shareera,179,53,33,33,68,18,15,37,3,2,56,2,0,1,0
SN,AH,shareera,180,54,33,33,67,19,14,38,3,1,56,2,0,1,0
SN,AH,shareera,181,54,34,34,65,21,14,38,3,1,54,2,0,1,0
SN,AH,shareera,182,53,34,34,64,23,14,38,3,1,52,1,0,1,0
SN,AH,shareera,183,53,35,33,62,24,14,38,3,1,53,1,0,1,0
SN,AH,shareera,184,54,35,33,62,24,14,37,3,2,52,1,0,1,0
SN,AH,shareera,185,53,35,32,63,25,14,37,3,2,52,1,0,1,0
SN,AH,shareera,186,54,35,30,60,25,14,38,3,2,53,1,0,1,0
SN,AH,shareera,187,54,37,29,60,25,14,38,3,2,52,1,0,1,0
SN,AH,shareera,188,54,37,28,58,26,13,39,3,2,52,1,0,1,0
SN,AH,shareera,189,54,37,29,58,26,13,39,3,2,51,1,0,1,0
SN,AH,shareera,190,54,36,32,60,27,13,38,3,2,49,1,0,1,0
SN,AH,shareera,191,55,36,32,60,26,12,38,3,2,50,1,0,1,0
SN,AH,shareera,192,55,39,30,59,26,12,39,2,2,48,1,0,1,0
SN,AH,shareera,193,55,40,30,60,25,12,39,2,2,47,1,0,1,0
SN,AH,shareera,194,55,39,32,59,25,11,39,2,2,48,1,0,1,0
SN,AH,shareera,195,55,41,33,58,25,11,39,2,2,46,1,0,1,0
SN,AH,shareera,196,55,41,32,57,25,11,39,2,2,48,1,0,1,0
SN,AH,shareera,197,55,39,32,57,26,11,39,2,2,49,1,0,1,0
SN,AH,shareera,198,55,39,33,58,26,10,38,3,2,50,1,0,1,0
SN,AH,shareera,199,55,39,35,56,26,10,38,3,2,50,1,0,1,0
SN,AH,shareera,200,55,38,36,54,27,10,38,3,2,51,1,0,1,0
SN,AH,shareera,201,55,37,35,55,26,10,38,3,2,53,1,0,1,0
SN,AH,shareera,202,54,39,36,55,26,13,38,3,1,51,1,0,1,0
SN,AH,shareera,203,53,39,35,57,25,14,38,3,1,51,1,0,1,0
SN,AH,shareera,204,55,40,33,54,25,13,39,3,1,51,1,0,1,0
SN,AH,shareera,205,54,40,32,54,26,12,39,3,1,53,1,0,1,0
SN,AH,shareera,206,54,41,33,53,26,12,39,3,1,52,1,0,1,0
SN,AH,shareera,207,54,42,33,52,26,12,39,3,1,52,1,0,1,0
SN,AH,shareera,208,52,45,33,53,26,12,39,3,1,50,1,0,1,0
SN,AH,shareera,209,53,46,32,51,26,12,39,3,1,51,1,0,1,0
SN,AH,shareera,210,54,44,31,48,26,12,40,3,1,51,0,0,1,0
SN,AH,shareera,211,55,43,31,48,25,13,40,3,1,51,0,0,1,0
SN,AH,shareera,212,56,44,30,46,26,13,40,2,1,54,1,0,1,0
SN,AH,shareera,213,56,43,30,47,26,13,40,2,1,54,1,0,1,0
SN,AH,shareera,214,57,41,31,46,25,14,40,2,1,55,1,0,1,0
SN,AH,shareera,215,59,42,32,46,25,15,41,2,1,55,1,0,0,0
SN,AH,shareera,216,59,42,32,47,24,15,41,2,1,55,1,0,0,0
SN,AH,shareera,217,58,44,33,47,24,15,41,2,1,53,1,0,0,0
SN,AH,shareera,218,57,45,32,46,26,15,41,2,1,55,2,0,0,0
SN,AH,shareera,219,57,45,32,45,26,16,41,2,1,55,2,0,0,0
SN,AH,shareera,220,56,46,35,43,27,15,41,2,1,54,2,0,0,0
SN,AH,shareera,221,55,46,35,44,27,14,41,1,1,56,2,0,0,0
SN,AH,shareera,222,55,47,36,47,26,13,40,1,1,56,2,0,0,0
SN,AH,shareera,223,55,48,35,46,26,13,40,1,1,57,2,0,0,0
SN,AH,shareera,224,53,48,35,46,26,13,40,1,1,59,2,0,0,0
SN,AH,shareera,225,53,48,36,46,26,12,40,1,1,59,2,0,0,0
SN,AH,shareera,226,54,49,35,46,26,12,40,1,1,58,2,0,0,0
SN,AH,shareera,227,54,50,35,47,26,12,40,1,1,56,2,0,0,0
SN,AH,shareera,228,56,50,33,45,26,13,41,1,1,54,2,0,0,0
SN,AH,shareera,229,56,51,35,44,26,11,41,1,1,54,2,0,0,0
SN,AH,shareera,230,55,52,35,47,25,12,40,2,1,55,2,0,0,1
SN,AH,shareera,231,55,51,34,49,23,12,39,2,2,57,2,0,0,1
SN,AH,shareera,232,57,50,33,46,21,13,39,2,3,58,2,0,0,1
SN,AH,shareera,233,57,49,35,48,20,13,39,2,3,56,2,0,0,1
SN,AH,shareera,234,56,49,35,47,20,13,40,2,2,58,2,0,0,1
SN,AH,shareera,235,56,49,35,46,19,13,40,2,2,60,2,0,0,1
SN,AH,shareera,236,55,48,35,48,19,14,39,3,2,61,2,0,0,1
SN,AH,shareera,237,54,47,35,47,20,14,39,3,2,63,2,0,0,1
SN,AH,shareera,238,55,46,35,47,19,14,39,3,2,64,2,0,0,1
SN,AH,shareera,239,55,47,33,48,19,13,39,3,2,65,2,0,0,1
SN,AH,shareera,240,55,47,30,47,19,13,40,3,2,66,2,0,0,1
SN,AH,shareera,241,54,46,31,48,19,13,40,3,2,66,2,0,0,1
SN,AH,shareera,242,55,44,33,48,18,13,40,3,2,66,2,0,0,1
SN,AH,shareera,243,55,43,33,48,19,13,40,3,2,66,2,0,0,1
SN,AH,shareera,244,55,44,31,49,18,13,40,3,2,67,2,0,0,1
SN,AH,shareera,245,55,43,30,50,18,13,39,3,3,68,2,0,0,1
SN,AH,shareera,246,55,43,30,50,19,13,39,3,3,67,2,0,0,1
SN,AH,shareera,247,54,43,30,50,18,13,39,3,3,69,2,0,0,1
SN,AH,shareera,248,55,42,30,50,18,13,39,2,3,70,2,0,0,1
SN,AH,shareera,249,56,43,28,50,17,13,38,2,4,71,2,0,0,1
SN,AH,shareera,250,56,42,27,52,16,14,37,2,4,74,2,0,0,1
SN,AH,shareera,251,55,44,27,51,16,16,37,2,4,72,2,0,0,1
SN,AH,shareera,252,57,41,26,51,16,14,38,2,4,73,2,0,0,1
SN,AH,shareera,253,58,41,27,50,16,13,38,2,4,73,2,0,0,1
SN,AH,shareera,254,57,41,27,50,17,13,38,2,4,73,2,0,0,1
SN,AH,shareera,255,59,42,28,49,16,13,38,2,4,71,2,0,0,1
SN,AH,shareera,256,59,41,27,49,17,13,38,2,4,72,2,0,0,1
SN,AH,shareera,257,60,41,26,48,17,13,37,2,5,73,2,0,0,1
SN,AH,shareera,258,60,39,27,48,18,13,37,2,5,73,2,0,0,1
SN,AH,shareera,259,59,38,28,48,20,13,37,2,5,72,2,0,0,1
SN,AH,shareera,260,59,39,27,49,19,14,37,2,5,71,2,0,0,1
SN,AH,shareera,261,59,39,28,50,19,13,37,2,5,70,2,0,0,1
SN,AH,shareera,262,59,39,29,51,18,13,37,3,5,66,1,0,0,1
SN,AH,shareera,263,59,40,29,50,18,15,37,3,5,64,1,0,0,1
SN,AH,shareera,264,58,43,29,53,18,14,36,3,5,65,2,0,0,1
SN,AH,shareera,265,57,42,29,54,18,13,36,3,5,67,2,0,0,1
SN,AH,shareera,266,58,42,28,54,18,13,36,3,5,67,2,0,0,1
SN,AH,shareera,267,59,40,27,55,18,14,36,3,5,67,2,0,0,1
SN,AH,shareera,268,60,38,30,55,16,14,36,3,5,65,1,0,0,1
SN,AH,shareera,269,60,38,32,54,16,14,36,3,5,64,1,0,0,1
SN,AH,shareera,270,61,36,28,54,15,14,36,3,6,67,1,0,0,1
SN,AH,shareera,271,61,36,29,55,14,14,36,3,6,66,1,0,0,1
SN,AH,shareera,272,61,36,28,53,15,15,36,3,7,64,1,0,0,1
SN,AH,shareera,273,61,36,30,52,15,15,36,3,7,63,1,0,0,1
SN,AH,shareera,274,60,35,32,53,18,16,35,3,7,61,1,0,0,1
SN,AH,shareera,275,60,35,32,53,17,17,35,3,7,61,1,0,0,1
SN,AH,shareera,276,62,35,35,54,19,18,34,4,7,62,1,0,0,1
SN,AH,shareera,277,62,36,34,54,19,18,34,4,7,62,1,0,0,1
SN,AH,shareera,278,62,39,35,56,21,18,34,4,7,62,1,0,0,1
SN,AH,shareera,279,62,39,33,56,21,18,34,4,7,64,1,0,0,1
SN,AH,shareera,280,61,37,34,54,22,18,35,3,7,63,1,0,0,0
SN,AH,shareera,281,63,38,34,52,22,19,36,3,6,61,1,0,0,0
SN,AH,shareera,282,61,39,37,54,23,18,36,3,5,60,1,0,0,0
SN,AH,shareera,283,61,41,35,53,24,18,36,3,5,60,1,0,0,0
SN,AH,shareera,284,61,41,35,55,24,18,36,3,5,58,1,0,0,0
SN,AH,shareera,285,62,41,35,54,26,19,36,3,5,55,1,0,0,0
SN,AH,shareera,286,63,43,34,53,26,19,37,2,5,54,1,0,0,0
SN,AH,shareera,287,64,44,34,55,25,20,37,2,5,52,1,0,0,0
SN,AH,shareera,288,63,46,34,57,25,21,37,2,5,50,1,0,0,0
SN,AH,shareera,289,62,47,34,58,25,22,37,2,5,50,1,0,0,0
SN,AH,shareera,290,63,47,35,56,24,22,37,2,5,51,1,0,0,0
SN,AH,shareera,291,63,47,34,54,24,23,37,2,5,53,1,0,0,0
SN,AH,shareera,292,61,47,34,56,26,23,36,2,5,54,1,0,0,0
SN,AH,shareera,293,61,47,35,57,25,24,36,2,5,52,1,0,0,0
SN,AH,shareera,294,61,48,36,59,25,25,35,2,5,52,2,0,0,0
SN,AH,shareera,295,61,47,36,57,25,25,36,2,4,55,2,0,0,0
SN,AH,shareera,296,61,47,37,57,24,25,36,2,4,55,2,0,0,0
SN,AH,shareera,297,62,48,37,58,24,25,36,2,4,52,2,0,0,0
SN,AH,shareera,298,61,48,36,58,24,26,37,2,4,50,2,0,0,0
SN,AH,shareera,299,60,48,36,60,24,26,37,2,4,49,2,0,0,0
SN,AH,shareera,300,59,49,37,61,24,25,37,2,4,48,2,0,0,0
SN,AH,shareera,301,60,47,37,61,26,23,37,2,4,49,2,0,0,0
SN,AH,shareera,302,58,48,38,63,25,23,36,2,4,51,2,0,0,0
SN,AH,shareera,303,57,48,37,63,26,23,36,2,4,52,2,0,0,0
SN,AH,shareera,304,57,48,37,65,25,23,35,2,4,54,2,0,0,0
SN,AH,shareera,305,55,47,37,65,27,23,35,2,4,55,2,0,0,0
SN,AH,shareera,306,55,46,37,67,26,23,34,2,5,55,2,0,0,0
SN,AH,shareera,307,53,48,37,68,26,23,35,2,4,54,2,0,0,0
SN,AH,shareera,308,53,48,36,67,26,23,35,2,4,56,2,0,0,0
SN,AH,shareera,309,53,48,35,68,24,23,35,2,4,58,2,0,0,0
SN,AH,shareera,310,53,48,36,70,24,23,34,2,4,61,2,0,0,0
SN,AH,shareera,311,53,48,36,70,24,23,34,2,4,61,2,0,0,0
SN,AH,shareera,312,53,47,35,70,23,23,35,1,4,62,2,0,0,0
SN,AH,shareera,313,53,46,37,71,23,21,35,1,4,62,2,0,0,0
SN,AH,shareera,314,55,44,37,69,25,23,35,1,4,60,2,0,0,0
SN,AH,shareera,315,55,44,36,68,26,23,35,1,4,61,2,0,0,0
SN,AH,shareera,316,53,44,38,71,26,24,34,1,4,60,2,0,0,0
SN,AH,shareera,317,53,44,39,70,26,23,34,1,4,61,2,0,0,0
SN,AH,shareera,318,53,43,37,70,27,23,34,1,4,65,3,0,0,0
SN,AH,shareera,319,54,43,35,71,27,22,33,1,5,66,3,0,0,0
SN,AH,shareera,320,53,44,37,71,27,25,33,1,4,64,3,0,0,0
SN,AH,shareera,321,53,46,36,70,27,25,33,1,4,64,3,0,0,0
SN,AH,shareera,322,52,47,37,72,26,26,33,1,3,64,3,0,0,0
SN,AH,shareera,323,52,46,35,73,27,26,32,1,4,65,3,0,0,0
SN,AH,shareera,324,53,49,33,72,26,25,32,2,4,67,4,0,0,0
SN,AH,shareera,325,53,49,32,71,28,24,32,2,4,68,4,0,0,0
SN,AH,shareera,326,51,50,30,70,27,23,32,1,4,67,4,0,0,0
SN,AH,shareera,327,51,48,31,70,27,23,32,1,4,68,4,0,0,0
SN,AH,shareera,328,50,44,30,69,25,23,31,1,5,69,4,0,0,0
SN,AH,shareera,329,50,44,30,70,24,23,31,1,5,69,4,0,0,0
SN,AH,shareera,330,49,46,31,71,23,22,30,1,5,71,4,0,0,0
SN,AH,shareera,331,47,45,31,72,24,21,30,1,5,73,4,0,0,0
SN,AH,shareera,332,48,45,29,70,23,22,31,1,5,73,4,0,0,0
SN,AH,shareera,333,48,43,30,71,22,22,31,1,5,74,4,0,0,0
SN,AH,shareera,334,48,45,32,72,21,22,30,1,5,73,4,0,0,0
SN,AH,shareera,335,47,47,32,73,19,21,30,1,5,74,4,0,0,0
SN,AH,shareera,336,47,47,34,74,19,20,29,1,5,73,4,0,0,0
SN,AH,shareera,337,47,44,35,73,19,20,29,1,5,74,4,0,0,0
SN,AH,shareera,338,47,43,35,71,19,20,29,1,5,75,4,0,0,0
SN,AH,shareera,339,48,41,35,69,21,20,29,1,5,74,4,0,0,0
SN,AH,shareera,340,47,42,35,70,21,20,28,1,6,73,4,0,0,0
SN,AH,shareera,341,47,42,35,71,21,19,28,1,6,73,4,0,0,0
SN,AH,shareera,342,49,41,33,70,20,19,29,1,6,73,4,0,0,0
SN,AH,shareera,343,50,41,32,68,21,18,29,1,6,75,4,0,0,0
SN,AH,shareera,344,49,40,33,69,21,18,29,1,6,73,3,0,0,0
SN,AH,shareera,345,48,42,33,71,21,18,29,1,6,70,3,0,0,0
SN,AH,shareera,346,48,42,32,72,21,18,29,1,6,70,3,0,0,0
SN,AH,shareera,347,48,41,32,70,21,19,29,1,6,72,3,0,0,0
SN,AH,shareera,348,48,42,32,70,21,18,29,1,6,72,3,0,0,0
SN,AH,shareera,349,48,43,32,69,21,18,30,1,5,72,3,0,0,0
SN,AH,shareera,350,49,44,31,67,21,18,31,1,5,70,3,0,0,0
SN,AH,shareera,351,49,44,32,67,19,18,30,1,6,71,3,0,0,0
SN,AH,shareera,352,50,45,31,66,19,17,31,1,6,69,3,0,0,0
SN,AH,shareera,353,50,47,31,66,18,17,30,1,7,68,3,0,0,0
SN,AH,shareera,354,50,47,31,65,18,17,31,1,7,66,3,0,0,0
SN,AH,shareera,355,50,47,30,66,17,17,31,1,7,67,3,0,0,0
SN,AH,shareera,356,50,48,31,66,17,17,32,1,6,65,3,0,0,0
SN,AH,shareera,357,51,46,31,65,18,17,32,1,6,66,3,0,0,0
SN,AH,shareera,358,51,47,31,65,17,17,32,1,6,66,3,0,0,0
SN,AH,shareera,359,51,46,31,65,18,17,32,1,6,66,3,0,0,0
SN,AH,shareera,360,51,45,32,63,19,16,33,1,6,62,3,0,0,0
SN,AH,shareera,361,51,44,32,63,19,16,33,1,6,63,3,0,0,0
SN,AH,shareera,362,51,45,31,63,19,15,33,1,6,64,3,0,0,0
SN,AH,shareera,363,51,45,30,63,19,15,33,1,6,65,3,0,0,0
SN,AH,shareera,364,49,44,29,63,17,13,34,1,6,68,2,0,0,0
SN,AH,shareera,365,49,45,29,64,16,13,34,1,6,67,2,0,0,0
SN,AH,shareera,366,50,46,28,61,16,12,35,1,6,67,2,0,0,0
SN,AH,shareera,367,50,47,28,60,17,12,35,1,6,66,2,0,0,0
SN,AH,shareera,368,49,48,27,59,17,13,35,1,6,65,1,0,0,0
SN,AH,shareera,369,48,48,27,59,17,13,36,1,5,66,1,0,0,0
SN,AH,shareera,370,49,48,26,59,18,10,37,1,5,65,1,0,0,0
SN,AH,shareera,371,49,46,26,59,19,10,36,1,6,66,1,0,0,0
SN,AH,shareera,372,50,44,25,58,20,9,37,1,6,66,1,0,0,0
SN,AH,shareera,373,50,44,25,59,19,10,37,1,6,65,1,0,0,0
SN,AH,shareera,374,51,41,25,59,18,10,37,0,7,64,0,0,0,0
SN,AH,shareera,375,51,43,25,59,16,11,36,0,8,63,0,0,0,0
SN,AH,shareera,376,51,41,24,58,16,11,37,0,8,64,0,0,0,0
SN,AH,shareera,377,51,41,24,57,17,11,37,0,8,64,0,0,0,0
SN,AH,shareera,378,52,42,24,56,17,10,38,0,7,64,0,0,0,0
SN,AH,shareera,379,53,42,26,55,17,10,38,0,7,62,0,0,0,0
SN,AH,shareera,380,54,41,26,55,17,11,38,1,7,60,0,0,0,0
SN,AH,shareera,381,54,43,26,55,16,11,38,1,7,59,0,0,0,0
SN,AH,shareera,382,54,43,26,57,16,10,38,1,7,58,0,0,0,0
SN,AH,shareera,383,54,44,25,57,16,11,38,1,7,57,0,0,0,0
SN,AH,shareera,384,54,42,23,55,16,11,39,1,7,60,0,0,0,0
SN,AH,shareera,385,54,41,23,55,16,12,39,1,7,60,0,0,0,0
SN,AH,shareera,386,54,40,22,53,16,12,40,1,7,61,0,0,0,0
SN,AH,shareera,387,54,40,21,53,17,11,40,1,7,62,0,0,0,0
SN,AH,shareera,388,54,39,21,54,17,10,40,1,7,63,0,0,0,0
SN,AH,shareera,389,53,39,21,55,15,9,40,1,7,66,0,0,0,0
SN,AH,shareera,390,54,38,21,54,15,9,41,1,6,67,0,0,0,0
SN,AH,shareera,391,53,38,21,53,15,9,41,1,6,64,0,0,0,0
SN,AH,shareera,392,53,39,21,53,14,9,41,1,6,64,0,0,0,0
SN,AH,shareera,393,53,40,21,54,13,10,41,1,6,62,0,0,0,0
SN,AH,shareera,394,54,39,20,51,13,9,42,1,6,64,0,0,0,0
SN,AH,shareera,395,55,37,22,51,13,9,42,1,6,63,0,0,0,0
SN,AH,shareera,396,54,38,24,52,13,10,41,1,6,62,0,0,0,0
SN,AH,shareera,397,53,39,24,52,15,9,40,1,7,61,0,0,0,0
SN,AH,shareera,398,53,38,26,50,15,10,40,1,7,61,0,0,0,0
SN,AH,shareera,399,53,37,27,51,15,10,40,1,7,60,0,0,0,0
SN,AH,shareera,400,53,36,28,51,15,10,40,1,7,60,0,0,0,0
SN,AH,shareera,401,53,36,28,50,15,10,41,1,6,61,0,0,0,0
SN,AH,shareera,402,53,34,29,49,15,11,41,1,6,62,0,0,0,0
SN,AH,shareera,403,54,32,29,49,15,11,42,1,5,63,0,0,0,0
SN,AH,shareera,404,53,32,30,51,16,11,41,1,5,63,0,0,0,0
SN,AH,shareera,405,53,32,30,51,15,11,41,1,5,64,0,0,0,0
SN,AH,shareera,406,52,33,31,49,15,11,41,1,5,65,0,0,0,0
SN,AH,shareera,407,52,33,31,50,14,11,41,1,5,65,0,0,0,0
SN,AH,shareera,408,51,32,32,53,14,12,40,1,5,65,0,0,0,0
SN,AH,shareera,409,52,32,32,54,13,12,40,1,5,64,0,0,0,0
SN,AH,shareera,410,52,32,30,54,12,12,40,1,5,67,0,0,0,0
SN,AH,shareera,411,52,32,30,53,13,12,39,1,6,67,0,0,0,0
SN,AH,shareera,412,52,32,31,54,13,12,39,1,6,65,0,0,0,0
SN,AH,shareera,413,52,32,30,56,13,12,39,1,6,64,0,0,0,0
SN,AH,shareera,414,51,32,32,58,13,13,38,1,6,63,0,0,0,0
SN,AH,shareera,415,51,31,32,58,13,13,38,1,6,64,0,0,0,0
SN,AH,shareera,416,50,31,32,61,13,13,37,1,6,65,0,0,0,0
SN,AH,shareera,417,50,30,32,62,12,13,36,1,7,66,0,0,0,0
SN,AH,shareera,418,50,30,33,63,11,12,36,1,7,66,0,0,0,0
SN,AH,shareera,419,50,30,34,63,11,12,35,1,8,65,0,0,0,0
SN,AH,shareera,420,49,29,35,64,10,13,34,1,8,68,0,0,0,0
SN,AH,shareera,421,50,29,35,63,9,13,35,1,7,69,0,0,0,0
SN,AH,shareera,422,51,30,35,62,8,12,35,1,7,70,0,0,0,0
SN,AH,shareera,423,52,29,35,61,8,11,36,1,6,72,0,0,0,0
SN,AH,shareera,424,51,30,35,61,7,11,37,1,5,73,0,0,0,0
SN,AH,shareera,425,51,29,36,63,7,10,38,1,4,72,0,0,0,0
SN,AH,shareera,426,51,28,36,64,6,10,38,1,4,73,0,0,0,0
SN,AH,shareera,427,51,30,35,64,5,10,38,1,4,73,0,0,0,0
SN,AH,shareera,428,49,29,38,66,5,12,37,1,4,72,0,0,0,0
SN,AH,shareera,429,48,28,36,67,6,12,37,1,4,74,0,0,0,0
SN,AH,shareera,430,48,29,34,67,6,11,38,0,4,74,0,0,0,0
SN,AH,shareera,431,48,30,35,66,6,11,38,0,4,73,0,0,0,0
SN,AH,shareera,432,48,29,35,64,7,11,38,0,4,75,0,0,0,0
SN,AH,shareera,433,48,28,35,64,8,11,38,0,4,75,0,0,0,0
SN,AH,shareera,434,48,30,35,63,8,11,38,0,4,74,0,0,0,0
SN,AH,shareera,435,48,30,36,63,8,10,38,0,4,74,0,0,0,0
SN,AH,shareera,436,48,29,36,62,9,10,38,0,4,75,0,0,0,0
SN,AH,shareera,437,48,30,36,62,9,10,38,0,4,74,0,0,0,0
SN,AH,shareera,438,49,31,37,60,9,10,38,0,4,73,0,0,0,0
SN,AH,shareera,439,49,33,37,60,9,10,38,0,4,71,0,0,0,0
SN,AH,shareera,440,48,33,37,60,10,10,38,0,4,71,0,0,0,0
SN,AH,shareera,441,49,33,37,61,10,10,38,0,4,74,0,0,0,0
SN,AH,shareera,442,48,32,39,62,10,11,37,0,4,75,0,0,0,0
SN,AH,shareera,443,47,33,39,62,10,10,37,0,4,76,0,0,0,0
SN,AH,shareera,444,47,34,39,63,12,10,36,0,4,77,1,0,0,0
SN,AH,shareera,445,47,35,38,62,12,10,36,0,4,78,1,0,0,0
SN,AH,shareera,446,47,35,38,62,13,9,36,0,4,78,1,0,0,0
SN,AH,shareera,447,47,34,38,62,12,9,37,0,3,80,1,0,0,0
SN,AH,shareera,448,47,33,38,64,13,9,36,0,3,81,1,0,0,0
SN,AH,shareera,449,48,32,37,63,14,9,36,0,3,82,1,0,0,0
SN,AH,shareera,450,49,31,37,64,14,9,36,0,3,81,1,0,0,0
SN,AH,shareera,451,50,32,37,64,14,10,36,0,3,78,1,0,0,0
SN,AH,shareera,452,50,34,38,64,14,9,36,0,3,76,1,0,0,0
SN,AH,shareera,453,49,35,38,63,15,9,36,0,3,76,1,0,0,0
SN,AH,shareera,454,50,35,36,63,14,9,37,0,3,75,1,0,0,0
SN,AH,shareera,455,51,36,36,63,14,9,37,0,3,73,1,0,0,0
SN,AH,shareera,456,52,34,35,63,15,9,37,0,3,74,1,0,0,0
SN,AH,shareera,457,52,35,35,63,15,9,37,0,3,73,1,0,0,0
SN,AH,shareera,458,53,34,34,61,16,8,38,0,3,73,1,0,0,0
SN,AH,shareera,459,51,34,34,59,16,8,38,0,3,72,1,0,0,0
SN,AH,shareera,460,51,34,34,60,16,8,37,0,4,71,1,0,0,0
SN,AH,shareera,461,51,35,34,61,15,8,38,0,3,70,1,0,0,0
SN,AH,shareera,462,51,35,34,62,16,8,37,0,3,71,1,0,0,0
SN,AH,shareera,463,51,36,34,59,17,8,37,0,3,72,1,0,0,0
SN,AH,shareera,464,53,37,32,58,17,9,38,1,3,71,1,0,0,0
SN,AH,shareera,465,54,38,32,59,17,11,38,2,3,69,1,0,0,0
SN,AH,shareera,466,55,37,31,56,19,12,39,3,3,68,1,0,0,0
SN,AH,shareera,467,55,37,30,56,21,13,40,4,2,67,1,0,0,0
SN,AH,shareera,468,59,38,30,55,26,15,40,5,2,65,1,0,1,0
SN,AH,shareera,469,60,38,30,54,29,15,40,5,1,64,1,0,2,0
SN,AH,shareera,470,61,40,29,56,30,16,40,5,2,61,1,0,2,0
SN,AH,shareera,471,60,42,29,58,30,17,39,5,3,59,1,0,2,0
SN,AH,shareera,472,59,44,30,58,30,18,38,5,3,60,1,0,2,0
SN,AH,shareera,473,58,44,30,59,31,18,38,5,3,59,1,0,2,0
SN,AH,shareera,474,57,43,33,60,31,18,37,5,3,62,1,0,2,0
SN,AH,shareera,475,56,44,32,60,31,18,37,5,3,65,1,0,2,0
SN,AH,shareera,476,56,47,33,58,36,18,36,5,3,64,2,0,2,0
SN,AH,shareera,477,55,45,33,58,36,23,35,7,3,63,2,0,2,0
SN,AH,shareera,478,57,46,30,57,37,21,35,8,3,64,2,0,3,0
SN,AH,shareera,479,58,46,30,57,37,22,34,9,3,64,2,0,4,0
SN,AH,shareera,480,57,46,30,57,37,22,34,9,3,67,2,0,4,0
SN,AH,shareera,481,56,45,29,58,37,22,33,9,4,71,2,0,4,0
SN,AH,shareera,482,57,46,28,60,36,23,32,9,5,70,2,0,4,0
SN,AH,shareera,483,57,48,28,60,35,23,31,9,6,71,2,0,4,0
SN,AH,shareera,484,58,49,28,62,35,24,30,9,6,70,2,0,4,0
SN,AH,shareera,485,58,49,27,62,36,24,30,9,6,70,2,0,4,0
SN,AH,shareera,486,57,49,30,65,35,24,29,9,6,71,2,0,4,0
SN,AH,shareera,487,56,50,30,66,34,24,29,9,6,73,2,0,4,0
SN,AH,shareera,488,56,50,29,69,34,25,29,9,6,72,2,0,4,0
SN,AH,shareera,489,57,50,29,70,34,26,29,9,6,71,2,0,4,0
SN,AH,shareera,490,58,50,28,71,34,27,28,10,6,71,2,0,5,0
SN,AH,shareera,491,59,50,28,71,35,28,27,11,6,70,2,0,6,0
SN,AH,shareera,492,59,50,28,72,36,30,27,12,6,69,2,0,6,0
SN,AH,shareera,493,60,49,29,71,39,30,26,12,6,68,2,0,7,0
SN,AH,shareera,494,60,50,29,72,38,32,26,12,7,66,1,0,7,0
SN,AH,shareera,495,60,51,28,74,38,33,26,12,7,65,1,0,7,0
SN,AH,shareera,496,60,50,30,71,37,33,26,12,7,68,1,0,7,0
SN,AH,shareera,497,59,50,34,71,36,33,25,12,7,69,1,0,7,0
SN,AH,shareera,498,60,51,40,71,35,33,25,12,8,77,1,0,7,0
SN,AH,shareera,499,59,53,40,72,34,34,24,12,9,77,1,0,7,0
SN,AH,shareera,500,60,54,40,71,34,35,23,13,9,78,1,0,7,0
SN,AH,shareera,501,59,55,39,71,35,34,23,13,9,79,1,0,7,0
SN,AH,shareera,502,60,53,37,71,37,34,23,13,9,80,1,0,7,0
SN,AH,shareera,503,60,53,37,72,36,35,23,13,9,79,1,0,7,0
SN,AH,shareera,504,60,52,39,70,36,35,23,13,9,80,1,0,7,0
SN,AH,shareera,505,59,51,39,70,36,35,23,13,9,82,1,0,7,0
SN,AH,shareera,506,59,52,38,71,35,35,23,13,9,82,1,0,7,0
SN,AH,shareera,507,59,50,38,70,36,35,23,13,9,84,1,0,7,0
SN,AH,shareera,508,60,51,38,71,35,35,23,13,9,82,1,0,7,0
SN,AH,shareera,509,61,51,39,71,36,35,23,13,9,84,1,0,7,0
SN,AH,shareera,510,61,51,40,71,36,35,24,13,8,83,1,0,7,0
SN,AH,shareera,511,61,51,39,71,36,35,24,13,8,84,1,0,7,0
SN,AH,shareera,512,62,50,38,68,35,37,25,13,8,84,1,0,7,0
SN,AH,shareera,513,62,49,38,70,34,37,25,13,8,84,1,0,7,0
SN,AH,shareera,514,60,49,40,70,35,35,24,12,8,85,1,0,7,0
SN,AH,shareera,515,59,48,41,69,35,33,24,11,8,86,1,0,7,0
SN,AH,shareera,516,60,48,41,69,33,32,24,10,8,87,1,0,7,0
SN,AH,shareera,517,60,49,41,69,31,31,24,9,8,88,1,0,7,0
SN,AH,shareera,518,58,47,39,70,27,29,25,8,8,87,1,0,6,0
SN,AH,shareera,519,57,46,39,70,25,30,26,8,8,88,1,0,5,0
SN,AH,shareera,520,57,44,40,66,24,29,27,8,7,89,1,0,5,0
SN,AH,shareera,521,57,43,40,66,24,28,28,8,6,89,1,0,5,0
SN,AH,shareera,522,56,41,41,69,24,27,28,8,6,88,1,0,5,0
SN,AH,shareera,523,58,42,41,68,23,27,27,8,7,87,1,0,5,0
SN,AH,shareera,524,59,43,38,67,24,27,28,8,7,83,1,0,5,0
SN,AH,shareera,525,60,41,39,66,24,27,28,8,7,82,1,0,5,0
SN,AH,shareera,526,60,40,38,66,21,27,29,8,7,81,0,0,5,0
SN,AH,shareera,527,61,40,38,66,21,22,30,6,7,84,0,0,5,0
SN,AH,shareera,528,60,39,38,66,20,22,31,5,7,85,0,0,4,0
SN,AH,shareera,529,60,39,38,65,19,21,32,4,7,86,0,0,3,0
SN,AH,shareera,530,60,37,39,67,19,22,31,4,7,85,0,0,3,0
SN,AH,shareera,531,61,36,39,67,19,22,32,4,6,83,0,0,3,0
SN,AH,shareera,532,59,36,42,66,21,21,32,4,5,83,0,0,3,0
SN,AH,shareera,533,59,34,43,67,21,20,33,4,4,82,0,0,3,0
SN,AH,shareera,534,58,32,44,69,21,20,33,4,4,81,0,0,3,0
SN,AH,shareera,535,59,31,44,70,20,20,33,4,4,81,0,0,3,0
SN,AH,shareera,536,60,33,41,67,20,20,34,4,4,79,0,0,3,0
SN,AH,shareera,537,61,31,43,66,20,20,33,4,5,77,0,0,3,0
SN,AH,shareera,538,60,31,43,65,20,19,32,4,6,78,0,0,3,0
SN,AH,shareera,539,59,30,44,63,21,18,32,4,6,79,0,0,3,0
SN,AH,shareera,540,58,30,46,62,21,18,33,3,6,77,0,0,2,0
SN,AH,shareera,541,57,30,46,61,21,17,34,2,6,78,0,0,1,0
SN,AH,shareera,542,57,30,44,59,20,15,35,1,6,79,0,0,1,0
SN,AH,shareera,543,56,30,43,61,17,16,36,1,6,79,0,0,0,0
SN,AH,shareera,544,56,29,42,58,17,14,37,1,5,80,0,0,0,0
SN,AH,shareera,545,57,29,42,55,17,13,37,1,5,81,0,0,0,0
SN,AH,shareera,546,59,30,40,59,17,13,38,1,5,81,0,0,0,0
SN,AH,shareera,547,60,30,36,61,17,13,39,1,5,79,0,0,0,0
SN,AH,shareera,548,59,30,29,59,17,12,40,1,4,72,0,0,0,0
SN,AH,shareera,549,59,29,30,58,17,11,41,1,3,72,0,0,0,0
SN,AH,shareera,550,57,30,30,59,17,11,41,0,3,72,0,0,0,0
SN,AH,shareera,551,57,29,31,60,17,11,41,0,3,71,0,0,0,0
SN,AH,shareera,552,55,29,34,63,16,11,40,1,3,70,0,0,0,0
SN,AH,shareera,553,55,30,34,62,16,10,40,1,3,71,0,0,0,0
SN,AH,shareera,554,55,31,32,61,16,11,40,1,3,72,0,0,0,0
SN,AH,shareera,555,55,32,32,61,16,11,40,1,3,71,0,0,0,0
SN,AH,shareera,556,55,31,32,60,17,11,40,1,3,72,0,0,0,0
SN,AH,shareera,557,56,31,32,61,16,12,40,1,3,70,0,0,0,0
SN,AH,shareera,558,54,32,34,61,17,12,39,1,3,71,0,0,0,0
SN,AH,shareera,559,54,34,33,61,16,12,39,1,3,71,0,0,0,0
SN,AH,shareera,560,54,34,32,59,17,12,38,1,4,73,0,0,0,0
SN,AH,shareera,561,55,34,32,58,17,13,38,1,4,72,0,0,0,0
SN,AH,shareera,562,55,34,32,58,19,11,38,1,4,72,0,0,0,0
SN,AH,shareera,563,55,34,32,57,20,11,38,1,4,72,0,0,0,0
SN,AH,shareera,564,55,33,31,57,19,12,38,2,4,73,0,0,0,0
SN,AH,shareera,565,55,34,30,57,19,12,37,2,5,73,0,0,0,0
SN,AH,shareera,566,53,35,32,60,19,13,36,2,5,71,0,0,0,0
SN,AH,shareera,567,53,34,34,60,19,13,35,2,5,70,1,0,0,0
SN,AH,shareera,568,52,34,35,59,18,13,35,2,5,72,1,0,0,0
SN,AH,shareera,569,52,34,35,61,17,12,35,2,5,72,1,0,0,0
SN,AH,shareera,570,54,34,35,63,18,11,34,2,5,73,2,0,0,0
SN,AH,shareera,571,54,33,36,63,18,11,33,2,6,73,2,0,0,0
SN,AH,shareera,572,55,33,35,60,18,12,34,2,6,72,2,0,0,0
SN,AH,shareera,573,53,32,36,59,20,12,35,2,5,73,2,0,0,0
SN,AH,shareera,574,52,33,38,60,19,12,34,2,5,74,2,0,0,0
SN,AH,shareera,575,52,35,38,59,20,12,34,2,5,72,2,0,0,0
SN,AH,shareera,576,52,34,38,61,18,13,34,2,5,72,2,0,0,0
SN,AH,shareera,577,53,35,38,61,18,13,34,2,5,70,2,0,0,0
SN,AH,shareera,578,52,35,40,64,18,14,33,3,5,67,2,0,0,0
SN,AH,shareera,579,51,35,41,65,18,14,33,3,5,66,2,0,0,0
SN,AH,shareera,580,52,38,42,63,20,14,34,3,5,66,2,0,0,0
SN,AH,shareera,581,52,37,43,63,21,14,34,3,5,65,2,0,0,0
SN,AH,shareera,582,53,36,42,63,19,15,35,3,5,64,2,0,0,0
SN,AH,shareera,583,53,36,42,62,19,15,35,3,5,65,2,0,0,0
SN,AH,shareera,584,53,35,42,59,20,14,36,3,5,66,2,0,0,0
SN,AH,shareera,585,52,37,42,57,21,14,36,3,5,66,2,0,0,0
SN,AH,shareera,586,53,38,43,61,21,14,36,3,5,67,2,0,0,0
SN,AH,shareera,587,54,38,41,61,21,16,37,3,4,66,2,0,0,0
SN,AH,shareera,588,55,38,43,62,21,16,38,3,3,70,2,0,0,0
SN,AH,shareera,589,56,38,42,63,20,16,38,3,3,70,2,0,0,0
SN,AH,shareera,590,57,40,41,68,19,16,38,3,3,72,2,0,0,0
SN,AH,shareera,591,58,40,42,68,18,16,38,3,3,71,2,0,0,0
SN,AH,shareera,592,59,41,42,68,18,15,38,3,3,70,2,0,0,0
SN,AH,shareera,593,60,41,43,67,18,14,38,3,3,70,2,0,0,0
SN,AH,shareera,594,60,40,45,68,18,16,37,3,3,69,2,0,0,0
SN,AH,shareera,595,59,39,46,69,18,16,37,3,3,69,2,0,0,0
SN,AH,shareera,596,58,39,44,67,18,16,37,3,3,66,2,0,0,0
SN,AH,shareera,597,58,40,44,66,18,16,36,3,4,66,2,0,0,0
SN,AH,shareera,598,58,39,43,67,19,16,36,3,4,66,2,0,0,0
SN,AH,shareera,599,57,39,42,67,19,16,36,4,4,67,2,0,0,0
SN,AH,shareera,600,56,38,42,67,19,15,37,4,4,67,2,0,0,0
SN,AH,shareera,601,56,38,42,66,19,15,37,4,4,68,2,0,0,0
SN,AH,shareera,602,58,39,39,64,18,16,38,3,4,68,2,0,0,0
SN,AH,shareera,603,58,37,40,65,18,16,37,3,5,68,2,0,0,0
SN,AH,shareera,604,58,36,40,67,18,16,37,3,5,67,2,0,0,0
SN,AH,shareera,605,57,36,41,68,18,16,37,3,5,66,2,0,0,0
SN,AH,shareera,606,57,40,42,69,17,17,36,3,5,63,2,0,0,0
SN,AH,shareera,607,56,42,42,70,17,16,36,3,5,62,2,0,0,0
SN,AH,shareera,608,57,41,41,71,16,16,36,3,5,63,2,0,0,0
SN,AH,shareera,609,57,39,42,73,17,16,36,3,5,61,2,0,0,0
SN,AH,shareera,610,58,40,42,73,16,17,37,3,4,59,2,0,0,0
SN,AH,shareera,611,57,39,43,73,17,17,37,3,4,59,2,0,0,0
SN,AH,shareera,612,56,39,43,73,16,17,37,3,4,61,2,0,0,0
SN,AH,shareera,613,56,40,43,72,16,17,37,3,4,61,2,0,0,0
SN,AH,shareera,614,57,40,44,72,16,17,37,3,4,59,2,0,0,0
SN,AH,shareera,615,58,40,44,71,16,18,38,3,3,58,2,0,0,0
SN,AH,shareera,616,58,42,42,68,16,17,39,3,3,59,2,0,0,0
SN,AH,shareera,617,58,42,40,68,17,17,40,3,3,60,1,0,0,0
SN,AH,shareera,618,57,42,40,69,17,19,39,4,3,60,1,0,0,0
SN,AH,shareera,619,57,43,39,68,18,19,39,4,3,60,1,0,0,0
SN,AH,shareera,620,54,44,39,67,17,20,39,5,3,60,0,0,0,0
SN,AH,shareera,621,54,44,39,65,19,20,40,5,2,60,0,0,0,0
SN,AH,shareera,622,54,44,39,67,19,20,39,5,2,61,0,0,0,0
SN,AH,shareera,623,54,45,40,67,17,20,39,5,2,61,0,0,0,0
SN,AH,shareera,624,55,44,38,66,17,20,40,5,2,61,0,0,0,0
SN,AH,shareera,625,55,42,38,67,17,20,40,5,2,62,0,0,0,0
SN,AH,shareera,626,56,41,40,66,17,21,39,5,2,63,0,0,0,0
SN,AH,shareera,627,55,40,42,66,17,22,39,5,2,62,0,0,0,0
SN,AH,shareera,628,57,40,40,63,17,21,40,4,2,64,0,0,0,0
SN,AH,shareera,629,57,41,40,63,17,21,40,4,2,63,0,0,0,0
SN,AH,shareera,630,56,39,39,63,16,21,39,4,2,63,0,0,0,0
SN,AH,shareera,631,57,39,38,63,15,21,39,4,2,64,0,0,0,0
SN,AH,shareera,632,59,41,37,65,16,21,39,4,2,66,0,0,0,0
SN,AH,shareera,633,59,43,37,64,16,21,39,4,2,65,0,0,0,0
SN,AH,shareera,634,59,44,37,64,15,21,39,4,2,65,0,0,0,0
SN,AH,shareera,635,58,43,38,67,14,21,39,4,2,64,0,0,0,0
SN,AH,shareera,636,57,40,36,65,14,22,39,4,2,63,0,0,0,0
SN,AH,shareera,637,56,40,37,65,15,20,39,4,2,64,0,0,0,0
SN,AH,shareera,638,55,40,35,65,15,20,39,4,2,59,0,0,0,0
SN,AH,shareera,639,54,40,35,65,15,20,39,4,2,60,0,0,0,0
SN,AH,shareera,640,52,40,36,62,15,19,38,4,2,60,0,0,0,0
SN,AH,shareera,641,51,40,37,63,15,20,38,4,2,58,0,0,0,0
SN,AH,shareera,642,49,41,38,63,16,22,37,4,2,58,0,0,0,0
SN,AH,shareera,643,49,41,37,62,16,23,37,4,2,59,0,0,0,0
SN,AH,shareera,644,49,43,37,61,15,21,38,4,2,58,0,0,0,0
SN,AH,shareera,645,49,42,36,60,16,22,37,4,3,59,0,0,0,0
SN,AH,shareera,646,49,43,38,60,17,22,36,4,3,58,0,0,0,0
SN,AH,shareera,647,49,42,38,60,17,22,37,4,2,59,0,0,0,0
SN,AH,shareera,648,50,43,39,59,16,22,37,4,2,58,0,0,0,0
SN,AH,shareera,649,51,43,40,58,17,23,37,3,2,56,0,0,0,0
SN,AH,shareera,650,53,44,41,58,17,23,36,3,2,55,0,0,0,0
SN,AH,shareera,651,53,43,40,59,17,23,36,3,2,56,0,0,0,0
SN,AH,shareera,652,52,42,41,62,17,24,35,3,2,56,0,0,0,0
SN,AH,shareera,653,52,42,41,61,18,25,36,3,1,55,0,0,0,0
SN,AH,shareera,654,52,44,41,59,19,24,35,3,2,55,0,0,0,0
SN,AH,shareera,655,54,43,40,58,20,24,35,3,2,55,0,0,0,0
SN,AH,shareera,656,53,42,40,58,22,23,35,3,2,56,0,0,0,0
SN,AH,shareera,657,54,40,40,58,22,23,35,3,2,57,0,0,0,0
SN,AH,shareera,658,54,41,40,58,22,23,35,3,2,58,1,0,0,0
SN,AH,shareera,659,54,41,39,57,22,23,35,3,2,60,1,0,0,0
SN,AH,shareera,660,53,41,39,58,22,23,34,3,3,60,1,0,0,0
SN,AH,shareera,661,53,43,38,58,21,22,34,3,3,61,1,0,0,0
SN,AH,shareera,662,53,43,38,59,21,22,34,3,3,60,1,0,0,0
SN,AH,shareera,663,53,43,38,60,21,22,34,3,3,59,1,0,0,0
SN,AH,shareera,664,54,44,36,59,24,21,34,2,3,61,2,0,0,0
SN,AH,shareera,665,53,44,36,60,24,20,34,2,3,62,2,0,0,0
SN,AH,shareera,666,55,41,36,59,24,21,34,2,3,63,2,0,0,0
SN,AH,shareera,667,55,41,36,60,23,22,34,2,3,62,2,0,0,0
SN,AH,shareera,668,57,41,35,61,23,20,35,1,3,60,2,0,0,0
SN,AH,shareera,669,57,41,35,63,22,20,34,1,4,59,2,0,0,0
SN,AH,shareera,670,59,41,33,63,22,20,34,0,5,57,2,0,0,0
SN,AH,shareera,671,59,42,32,65,21,20,34,0,5,56,2,0,0,0
SN,AH,shareera,672,58,42,32,64,22,19,35,0,5,55,2,0,0,0
SN,AH,shareera,673,58,42,30,64,23,19,35,0,5,56,2,0,0,0
SN,AH,shareera,674,58,42,31,63,23,19,35,0,5,56,2,0,0,0
SN,AH,shareera,675,58,42,30,63,22,19,34,0,6,58,2,0,0,0
SN,AH,shareera,676,56,42,29,65,22,17,34,1,6,60,2,0,0,0
SN,AH,shareera,677,57,42,27,65,22,16,34,1,6,62,2,0,0,0
SN,AH,shareera,678,56,44,28,65,22,16,34,1,6,60,2,0,0,0
SN,AH,shareera,679,57,44,27,64,23,17,33,1,7,59,2,0,0,0
SN,AH,shareera,680,58,44,26,63,23,16,34,1,7,58,2,0,0,0
SN,AH,shareera,681,57,44,27,63,24,16,33,1,8,57,2,0,0,0
SN,AH,shareera,682,54,44,27,62,23,15,32,1,8,58,2,0,0,0
SN,AH,shareera,683,54,43,26,61,25,15,32,1,8,59,2,0,0,0
SN,AH,shareera,684,54,44,28,60,25,16,32,1,8,59,2,0,0,0
SN,AH,shareera,685,55,44,29,58,25,16,32,1,8,59,2,0,0,0
SN,AH,shareera,686,55,46,29,57,25,15,32,1,8,59,2,0,0,0
SN,AH,shareera,687,55,46,28,56,25,15,32,1,8,61,2,0,0,0
SN,AH,shareera,688,55,45,30,54,25,15,32,1,8,62,2,0,0,0
SN,AH,shareera,689,55,46,30,54,25,15,31,1,9,61,2,0,0,0
SN,AH,shareera,690,55,45,29,54,25,17,31,1,9,61,2,0,0,0
SN,AH,shareera,691,55,46,27,55,26,16,31,1,9,61,2,0,0,0
SN,AH,shareera,692,56,44,27,55,25,14,32,1,9,62,2,0,0,0
SN,AH,shareera,693,55,44,27,56,25,13,32,1,9,63,2,0,0,0
SN,AH,shareera,694,55,42,25,56,26,14,32,1,9,65,2,0,0,0
SN,AH,shareera,695,56,43,25,58,25,13,33,1,8,63,2,0,0,0
SN,AH,shareera,696,56,42,24,57,24,14,34,1,8,63,2,0,0,0
SN,AH,shareera,697,57,42,25,57,24,15,34,1,8,60,2,0,0,0
SN,AH,shareera,698,56,41,24,57,25,15,34,1,8,62,2,0,0,0
SN,AH,shareera,699,56,41,24,57,24,14,34,1,8,64,2,0,0,0
SN,AH,shareera,700,55,41,22,56,24,14,35,1,8,65,2,0,0,0
SN,AH,shareera,701,55,41,22,55,25,14,35,1,8,65,2,0,0,0
SN,AH,shareera,702,55,41,21,52,25,12,36,1,8,68,2,0,0,0
SN,AH,shareera,703,55,42,20,53,24,11,36,1,8,69,2,0,0,0
SN,AH,shareera,704,56,40,21,53,23,11,36,1,8,70,2,0,0,0
SN,AH,shareera,705,55,41,21,52,22,13,36,1,8,70,2,0,0,0
SN,AH,shareera,706,56,38,20,53,21,13,37,1,8,70,2,0,0,0
SN,AH,shareera,707,56,38,20,52,21,14,37,1,8,70,2,0,0,0
SN,AH,shareera,708,57,36,19,49,21,14,38,1,8,70,1,0,0,0
SN,AH,shareera,709,57,37,19,49,20,14,38,1,8,70,1,0,0,0
SN,AH,shareera,710,57,36,20,49,20,15,38,1,7,72,1,0,0,0
SN,AH,shareera,711,57,35,20,51,20,15,38,1,7,71,1,0,0,0
SN,AH,shareera,712,57,35,20,51,21,15,38,1,7,70,1,0,0,0
SN,AH,shareera,713,57,34,21,52,21,15,38,1,7,69,1,0,0,0
SN,AH,shareera,714,56,37,23,53,18,16,39,1,7,69,0,0,0,0
SN,AH,shareera,715,56,37,23,53,19,16,39,1,7,68,0,0,0,0
SN,AH,shareera,716,55,37,23,54,19,15,39,1,7,69,0,0,0,0
SN,AH,shareera,717,55,38,23,53,19,14,39,1,7,70,0,0,0,0
SN,AH,shareera,718,53,40,24,51,19,15,38,1,7,73,0,0,0,0
SN,AH,shareera,719,53,40,24,50,19,15,38,1,7,74,0,0,0,0
SN,AH,shareera,720,51,40,26,51,19,15,38,2,6,75,0,0,0,0
SN,AH,shareera,721,51,39,26,51,18,15,38,2,6,77,0,0,0,0
SN,AH,shareera,722,52,39,26,51,17,15,37,2,7,77,0,0,0,0
SN,AH,shareera,723,52,39,27,51,17,15,37,2,7,76,0,0,0,0
SN,AH,shareera,724,52,38,27,52,18,15,37,2,7,75,0,0,0,0
SN,AH,shareera,725,52,40,27,51,18,15,37,2,7,74,0,0,0,0
SN,AH,shareera,726,53,40,27,48,19,16,38,1,7,72,0,0,0,0
SN,AH,shareera,727,51,41,27,48,19,17,38,1,7,72,0,0,0,0
SN,AH,shareera,728,51,39,27,49,19,17,38,1,7,73,0,0,0,0
SN,AH,shareera,729,50,38,27,50,19,16,39,1,6,75,0,0,0,0
SN,AH,shareera,730,49,39,28,51,19,16,38,1,6,76,0,0,0,0
SN,AH,shareera,731,50,39,28,51,18,16,38,1,6,76,0,0,0,0
SN,AH,shareera,732,51,37,27,50,20,16,39,1,6,74,0,0,0,0
SN,AH,shareera,733,51,37,28,50,18,16,39,1,6,75,0,0,0,0
SN,AH,shareera,734,50,36,26,53,18,15,38,2,6,76,0,0,0,0
SN,AH,shareera,735,50,36,24,52,18,16,38,2,6,78,0,0,0,0
SN,AH,shareera,736,50,36,25,54,19,16,37,2,6,79,1,0,0,0
SN,AH,shareera,737,50,37,25,54,18,17,37,2,6,78,1,0,0,0
SN,AH,shareera,738,49,37,24,55,19,19,36,2,6,79,1,0,0,0
SN,AH,shareera,739,49,35,25,54,20,19,36,2,6,80,1,0,0,0
SN,AH,shareera,740,50,35,25,53,20,17,37,2,6,79,1,0,0,0
SN,AH,shareera,741,50,34,26,52,20,17,37,2,6,80,1,0,0,0
SN,AH,shareera,742,50,35,25,52,20,17,37,2,6,80,1,0,0,0
SN,AH,shareera,743,51,34,26,51,20,18,37,2,6,79,1,0,0,0
SN,AH,shareera,744,50,36,27,53,19,18,36,2,6,81,2,0,0,0
SN,AH,shareera,745,49,35,27,52,20,19,35,2,7,82,2,0,0,0
SN,AH,shareera,746,48,36,27,53,21,18,34,2,7,84,2,0,0,0
SN,AH,shareera,747,48,37,27,53,21,17,34,2,7,84,2,0,0,0
SN,AH,shareera,748,48,37,27,56,20,18,34,2,7,81,2,0,0,0
SN,AH,shareera,749,49,37,27,57,20,18,34,2,7,79,2,0,0,0
SN,AH,shareera,750,50,37,27,56,20,19,34,2,7,78,2,0,0,0
SN,AH,shareera,751,50,37,28,56,19,19,34,2,7,78,2,0,0,0
SN,AH,shareera,752,51,38,31,55,20,20,33,2,7,75,2,0,0,0
SN,AH,shareera,753,51,38,31,55,21,20,33,2,7,74,2,0,0,0
SN,AH,shareera,754,50,39,30,56,21,20,34,2,6,74,2,0,0,0
SN,AH,shareera,755,50,39,30,57,22,18,34,2,6,74,2,0,0,0
SN,AH,shareera,756,49,40,32,58,22,18,33,2,6,74,2,0,0,0
SN,AH,shareera,757,48,40,32,58,22,17,33,2,6,76,2,0,0,0
SN,AH,shareera,758,47,42,32,59,23,17,32,2,7,73,2,0,0,0
SN,AH,shareera,759,48,41,32,59,23,18,32,2,7,72,2,0,0,0
SN,AH,shareera,760,47,42,31,61,23,17,33,2,7,69,2,0,0,0
SN,AH,shareera,761,47,43,31,59,23,18,33,2,7,69,2,0,0,0
SN,AH,shareera,762,48,43,31,60,21,18,33,2,7,69,2,0,0,0
SN,AH,shareera,763,48,44,30,60,20,18,33,2,7,70,2,0,0,0
SN,AH,shareera,764,48,40,30,60,20,17,32,2,7,72,3,0,0,0
SN,AH,shareera,765,48,39,30,61,19,17,32,2,7,73,3,0,0,0
SN,AH,shareera,766,48,40,30,61,19,17,32,2,7,72,3,0,0,0
SN,AH,shareera,767,48,41,30,62,19,17,32,2,7,70,3,0,0,0
SN,AH,shareera,768,49,39,30,62,19,16,33,2,7,69,3,0,0,0
SN,AH,shareera,769,50,39,30,60,21,16,34,2,6,68,3,0,0,0
SN,AH,shareera,770,51,40,28,60,21,15,35,1,6,67,3,0,0,0
SN,AH,shareera,771,51,40,29,59,21,16,35,1,6,66,3,0,0,0
SN,AH,shareera,772,51,39,28,58,21,17,36,1,5,68,3,0,0,0
SN,AH,shareera,773,51,38,27,60,20,17,35,1,6,69,3,0,0,0
SN,AH,shareera,774,51,39,27,60,19,17,35,1,6,69,3,0,0,0
SN,AH,shareera,775,52,37,27,60,19,17,36,1,5,70,3,0,0,0
SN,AH,shareera,776,52,37,27,61,18,17,36,1,5,70,3,0,0,0
SN,AH,shareera,777,53,36,28,61,18,16,36,1,5,70,3,0,0,0
SN,AH,shareera,778,52,37,29,61,18,16,35,2,5,71,3,0,0,0
SN,AH,shareera,779,53,37,30,61,17,16,35,2,5,70,3,0,0,0
SN,AH,shareera,780,53,36,30,60,17,18,35,2,5,70,3,0,0,0
SN,AH,shareera,781,52,36,29,60,17,19,36,2,4,71,3,0,0,0
SN,AH,shareera,782,52,37,30,61,15,19,35,2,4,73,3,0,0,0
SN,AH,shareera,783,52,37,29,62,15,19,35,2,4,73,3,0,0,0
SN,AH,shareera,784,54,38,29,61,15,19,35,1,4,74,4,0,0,0
SN,AH,shareera,785,54,38,29,62,15,18,34,1,5,74,4,0,0,0
SN,AH,shareera,786,55,36,28,60,14,18,35,1,5,74,3,0,0,0
SN,AH,shareera,787,55,37,28,60,16,17,34,1,6,72,3,0,0,0
SN,AH,shareera,788,56,38,29,59,15,16,34,1,6,72,3,0,0,0
SN,AH,shareera,789,56,38,28,59,15,16,35,1,5,73,3,0,0,0
SN,AH,shareera,790,55,37,29,60,15,16,34,2,5,75,3,0,0,0
SN,AH,shareera,791,55,37,28,60,14,17,33,2,6,76,3,0,0,0
SN,AH,shareera,792,55,38,29,59,14,17,33,2,6,75,3,0,0,0
SN,AH,shareera,793,54,38,30,59,15,16,33,2,6,75,3,0,0,0
SN,AH,shareera,794,55,37,30,59,15,15,34,2,6,71,2,0,0,0
SN,AH,shareera,795,55,38,31,58,14,14,35,2,5,72,2,0,0,0
SN,AH,shareera,796,56,39,30,56,14,14,35,2,6,70,2,0,0,0
SN,AH,shareera,797,55,39,29,55,16,14,34,2,7,71,2,0,0,0
SN,AH,shareera,798,56,40,30,52,20,13,33,2,7,73,3,0,0,0
SN,AH,shareera,799,55,40,30,52,20,14,33,2,7,73,3,0,0,0
SN,AH,shareera,800,54,39,32,53,21,13,32,2,7,75,3,0,0,0
SN,AH,shareera,801,54,39,33,53,21,14,32,2,7,73,3,0,0,0
SN,AH,shareera,802,52,38,32,55,20,14,32,3,7,75,3,0,0,0
SN,AH,shareera,803,52,39,33,54,19,15,32,3,7,74,3,0,0,0
SN,AH,shareera,804,52,39,34,54,19,16,32,3,7,72,3,0,0,0
SN,AH,shareera,805,52,38,34,54,18,16,32,3,7,74,3,0,0,0
SN,AH,shareera,806,53,39,32,53,17,16,33,3,7,73,3,0,0,0
SN,AH,shareera,807,53,39,32,53,18,17,33,3,7,71,3,0,0,0
SN,AH,shareera,808,54,38,32,52,18,17,34,3,6,72,3,0,0,0
SN,AH,shareera,809,53,38,32,53,18,17,34,3,6,72,3,0,0,0
SN,AH,shareera,810,54,37,32,52,19,17,33,3,6,75,3,0,0,0
SN,AH,shareera,811,54,35,32,52,21,16,33,3,6,76,3,0,0,0
SN,AH,shareera,812,53,35,32,52,22,19,32,3,6,76,3,0,0,0
SN,AH,shareera,813,53,34,32,52,22,19,32,3,6,77,3,0,0,0
SN,AH,shareera,814,53,34,30,50,23,19,33,3,6,75,2,0,0,0
SN,AH,shareera,815,53,34,30,50,24,19,33,3,6,74,2,0,0,0
SN,AH,shareera,816,54,34,31,49,24,19,33,3,6,73,2,0,0,0
SN,AH,shareera,817,55,32,31,48,24,19,33,3,6,75,2,0,0,0
SN,AH,shareera,818,55,33,30,49,24,19,33,3,6,74,2,0,0,0
SN,AH,shareera,819,55,32,30,51,22,19,32,3,7,75,2,0,0,0
SN,AH,shareera,820,54,31,31,52,22,20,31,3,7,77,2,0,0,0
SN,AH,shareera,821,54,31,31,51,23,20,31,3,7,77,2,0,0,0
SN,AH,shareera,822,54,32,33,51,24,21,30,3,7,75,2,0,0,0
SN,AH,shareera,823,54,32,33,50,25,22,31,3,6,74,2,0,0,0
SN,AH,shareera,824,57,32,32,49,25,22,30,3,7,73,2,0,0,0
SN,AH,shareera,825,57,32,33,49,25,23,30,3,7,71,2,0,0,0
SN,AH,shareera,826,57,32,32,50,25,22,30,3,7,72,2,0,0,0
SN,AH,shareera,827,57,33,32,49,25,23,30,3,7,71,2,0,0,0
SN,AH,shareera,828,59,32,31,47,25,23,31,2,7,71,2,0,0,0
SN,AH,shareera,829,59,32,30,46,27,23,31,2,7,71,2,0,0,0
SN,AH,shareera,830,59,32,31,46,26,22,31,2,7,72,2,0,0,0
SN,AH,shareera,831,59,32,32,46,26,22,31,2,7,71,2,0,0,0
SN,AH,shareera,832,59,31,32,45,26,24,32,2,7,68,2,0,0,0
SN,AH,shareera,833,59,30,33,47,26,24,31,2,8,66,2,0,0,0
SN,AH,shareera,834,58,29,33,49,26,24,31,2,8,64,1,0,0,0
SN,AH,shareera,835,58,28,33,50,26,24,32,2,7,64,1,0,0,0
SN,AH,shareera,836,57,28,33,50,27,24,32,2,7,64,1,0,0,0
SN,AH,shareera,837,57,26,33,50,26,25,33,2,6,66,1,0,0,0
SN,AH,shareera,838,56,26,34,51,26,25,33,2,6,65,1,0,0,0
SN,AH,shareera,839,57,28,34,51,25,25,33,2,6,63,1,0,0,0
SN,AH,shareera,840,60,28,33,52,25,25,33,1,6,63,2,0,0,0
SN,AH,shareera,841,60,29,34,52,25,25,34,1,5,61,2,0,0,0
SN,AH,shareera,842,60,29,35,54,26,25,33,1,5,60,2,0,0,0
SN,AH,shareera,843,61,29,34,56,25,25,33,1,5,59,2,0,0,0
SN,AH,shareera,844,62,28,33,54,26,26,33,1,5,60,2,0,0,0
SN,AH,shareera,845,62,27,33,56,27,26,33,1,5,58,2,0,0,0
SN,AH,shareera,846,62,24,33,58,27,27,34,1,4,58,2,0,0,0
SN,AH,shareera,847,62,23,34,60,25,27,35,1,3,58,2,0,0,0
SN,AH,shareera,848,61,22,33,62,21,27,36,1,3,58,1,0,0,0
SN,AH,shareera,849,61,21,32,63,22,26,36,1,3,59,1,0,0,0
SN,AH,shareera,850,61,22,31,64,21,26,36,1,3,61,2,0,0,0
SN,AH,shareera,851,61,22,30,66,20,25,36,1,3,62,2,0,0,0
SN,AH,shareera,852,61,24,30,66,20,24,36,1,3,61,2,0,0,0
SN,AH,shareera,853,61,22,31,66,20,24,36,1,3,62,2,0,0,0
SN,AH,shareera,854,61,22,30,66,21,24,36,1,3,62,2,0,0,0
SN,AH,shareera,855,61,22,30,66,22,24,36,1,3,61,2,0,0,0
SN,AH,shareera,856,63,21,33,66,23,24,35,1,3,61,3,0,0,0
SN,AH,shareera,857,64,21,33,67,22,23,35,1,3,61,3,0,0,0
SN,AH,shareera,858,62,21,34,71,21,25,34,1,3,60,3,0,0,0
SN,AH,shareera,859,62,22,35,71,21,24,34,1,3,59,3,0,0,0
SN,AH,shareera,860,62,22,35,70,21,23,35,1,3,58,3,0,0,0
SN,AH,shareera,861,62,23,36,72,19,23,35,1,3,56,3,0,0,0
SN,AH,shareera,862,62,23,37,70,19,21,36,1,3,56,3,0,0,0
SN,AH,shareera,863,62,25,37,68,20,21,36,1,3,55,3,0,0,0
SN,AH,shareera,864,63,25,37,68,20,21,36,1,3,54,3,0,0,0
SN,AH,shareera,865,63,25,38,67,19,23,36,1,3,53,3,0,0,0
SN,AH,shareera,866,62,25,39,68,20,23,35,1,3,54,3,0,0,0
SN,AH,shareera,867,61,26,41,67,20,24,35,1,3,52,3,0,0,0
SN,AH,shareera,868,61,25,42,67,20,24,34,1,4,52,3,0,0,0
SN,AH,shareera,869,60,27,42,66,20,24,35,1,3,52,3,0,0,0
SN,AH,shareera,870,61,27,43,63,20,23,36,1,3,51,3,0,0,0
SN,AH,shareera,871,61,27,42,65,20,22,36,1,3,51,3,0,0,0
SN,AH,shareera,872,61,27,40,65,20,20,37,1,3,52,3,0,0,0
SN,AH,shareera,873,62,27,40,67,19,19,37,1,3,51,3,0,0,0
SN,AH,shareera,874,59,26,40,69,19,20,38,1,2,52,3,0,0,0
SN,AH,shareera,875,58,27,39,70,19,19,38,1,2,53,3,0,0,0
SN,AH,shareera,876,57,28,41,70,19,20,37,2,2,52,3,0,0,0
SN,AH,shareera,877,58,27,41,72,19,19,37,2,2,51,3,0,0,0
SN,AH,shareera,878,57,29,41,76,19,19,36,2,2,49,3,0,0,0
SN,AH,shareera,879,56,29,42,77,17,19,36,2,2,50,3,0,0,0
SN,AH,shareera,880,58,28,40,77,17,18,37,2,2,49,3,0,0,0
SN,AH,shareera,881,58,28,39,77,17,18,37,2,2,50,3,0,0,0
SN,AH,shareera,882,57,30,40,79,17,16,36,2,2,51,3,0,0,0
SN,AH,shareera,883,57,30,41,78,17,16,37,2,1,51,3,0,0,0
SN,AH,shareera,884,58,30,40,76,17,16,38,2,1,50,3,0,0,0
SN,AH,shareera,885,58,31,40,75,17,16,38,2,1,50,3,0,0,0
SN,AH,shareera,886,58,32,40,75,16,16,38,2,1,50,3,0,0,0
SN,AH,shareera,887,58,32,41,76,16,15,38,2,1,49,3,0,0,0
SN,AH,shareera,888,59,33,38,75,16,14,38,2,2,49,3,0,0,0
SN,AH,shareera,889,58,31,38,77,16,14,37,2,3,50,3,0,0,0
SN,AH,shareera,890,56,31,37,76,17,14,38,2,3,48,2,0,0,0
SN,AH,shareera,891,56,30,36,76,17,13,38,2,3,51,2,0,0,0
SN,AH,shareera,892,55,29,35,76,17,13,38,2,3,54,2,0,0,0
SN,AH,shareera,893,54,29,35,75,17,14,38,2,3,55,2,0,0,0
SN,AH,shareera,894,52,32,35,77,16,13,37,3,3,56,2,0,0,0
SN,AH,shareera,895,52,33,35,75,16,14,37,3,3,56,2,0,0,0
SN,AH,shareera,896,52,34,35,73,16,13,37,3,3,58,2,0,0,0
SN,AH,shareera,897,52,36,34,71,17,13,37,3,3,58,2,0,0,0
SN,AH,shareera,898,52,37,36,71,19,13,36,3,3,56,2,0,0,0
SN,AH,shareera,899,52,37,36,71,19,13,36,3,3,56,2,0,0,0
SN,AH,shareera,900,53,36,36,71,19,14,36,3,3,53,1,0,0,0
SN,AH,shareera,901,53,39,35,70,19,14,36,3,3,52,1,0,0,0
SN,AH,shareera,902,54,38,33,68,20,14,37,2,3,53,1,0,0,0
SN,AH,shareera,903,54,39,32,70,20,13,37,2,3,52,1,0,0,0
SN,AH,shareera,904,55,38,33,69,20,12,37,2,3,53,1,0,0,0
SN,AH,shareera,905,56,38,33,68,20,13,36,2,4,52,1,0,0,0
SN,AH,shareera,906,55,39,30,66,20,13,37,2,4,52,0,0,0,0
SN,AH,shareera,907,54,39,30,66,20,13,37,2,4,53,0,0,0,0
SN,AH,shareera,908,55,38,30,64,20,11,38,2,4,54,0,0,0,0
SN,AH,shareera,909,56,37,29,64,20,11,38,2,4,55,0,0,0,0
SN,AH,shareera,910,56,37,30,63,20,12,38,2,4,54,0,0,0,0
SN,AH,shareera,911,56,37,30,62,20,12,38,2,4,55,0,0,0,0
SN,AH,shareera,912,57,37,30,63,19,12,38,2,4,54,0,0,0,0
SN,AH,shareera,913,58,36,31,63,18,13,38,2,4,53,0,0,0,0
SN,AH,shareera,914,58,36,32,66,19,13,37,2,4,53,1,0,0,0
SN,AH,shareera,915,57,36,31,65,19,11,37,2,4,53,1,0,0,0
SN,AH,shareera,916,58,35,29,65,20,11,38,2,4,51,1,0,0,0
SN,AH,shareera,917,58,34,28,66,20,10,38,2,4,53,1,0,0,0
SN,AH,shareera,918,58,34,27,65,20,10,39,2,3,55,1,0,0,0
SN,AH,shareera,919,60,33,27,64,20,11,39,2,3,54,1,0,0,0
SN,AH,shareera,920,60,32,25,67,20,11,39,2,3,54,1,0,0,0
SN,AH,shareera,921,61,33,25,65,20,11,38,2,4,54,1,0,0,0
SN,AH,shareera,922,61,32,26,66,19,11,37,2,5,54,1,0,0,0
SN,AH,shareera,923,60,32,27,63,19,12,37,2,5,56,1,0,0,0
SN,AH,shareera,924,59,34,29,65,19,11,36,2,5,55,1,0,0,0
SN,AH,shareera,925,60,33,29,65,19,11,36,2,5,55,1,0,0,0
SN,AH,shareera,926,60,33,27,64,19,12,36,3,5,56,1,0,0,0
SN,AH,shareera,927,59,33,27,63,20,13,36,3,5,56,1,0,0,0
SN,AH,shareera,928,60,32,27,59,21,13,37,3,5,56,1,0,0,0
SN,AH,shareera,929,60,32,26,59,21,14,37,3,5,56,1,0,0,0
SN,AH,shareera,930,60,32,26,59,22,14,37,3,5,55,1,0,0,0
SN,AH,shareera,931,61,33,27,59,22,13,37,3,5,53,1,0,0,0
SN,AH,shareera,932,62,32,27,58,23,13,37,4,5,52,1,0,0,0
SN,AH,shareera,933,61,33,25,57,23,14,37,4,5,54,1,0,0,0
SN,AH,shareera,934,60,32,26,57,24,14,37,4,5,54,1,0,0,0
SN,AH,shareera,935,60,32,27,56,25,14,37,4,5,53,1,0,0,0
SN,AH,shareera,936,61,31,28,57,25,14,37,4,5,51,1,0,0,0
SN,AH,shareera,937,61,31,29,57,24,14,37,4,5,51,1,0,0,0
SN,AH,shareera,938,61,29,30,57,24,15,37,4,5,51,1,0,0,0
SN,AH,shareera,939,61,30,31,56,24,15,37,4,5,50,1,0,0,0
SN,AH,shareera,940,61,30,31,56,24,15,37,4,5,50,1,0,0,0
SN,AH,shareera,941,61,30,32,57,25,15,37,4,5,47,1,0,0,0
SN,AH,shareera,942,63,29,31,56,25,15,37,4,6,45,1,0,0,0
SN,AH,shareera,943,63,29,31,56,25,14,37,4,6,46,1,0,0,0
SN,AH,shareera,944,65,27,32,56,25,15,37,3,6,45,1,0,0,0
SN,AH,shareera,945,65,27,32,57,24,14,37,3,6,46,1,0,0,0
SN,AH,shareera,946,65,28,33,59,24,15,36,3,6,44,1,0,0,0
SN,AH,shareera,947,65,27,33,60,24,15,36,3,6,44,1,0,0,0
SN,AH,shareera,948,65,26,31,58,23,15,37,3,6,47,1,0,0,0
SN,AH,shareera,949,66,26,31,57,22,15,37,3,6,48,1,0,0,0
SN,AH,shareera,950,65,25,30,56,23,14,38,3,6,49,1,0,0,0
SN,AH,shareera,951,66,23,31,56,23,14,38,3,6,49,1,0,0,0
SN,AH,shareera,952,66,23,31,56,23,14,38,3,6,49,1,0,0,0
SN,AH,shareera,953,67,23,30,54,24,14,38,3,6,50,1,0,0,0
SN,AH,shareera,954,66,24,29,55,23,14,38,3,6,51,1,0,0,0
SN,AH,shareera,955,65,25,29,57,22,13,39,3,5,51,1,0,0,0
SN,AH,shareera,956,66,24,29,62,21,14,39,3,5,54,1,0,0,0
SN,AH,shareera,957,66,24,31,61,21,14,39,3,5,53,1,0,0,0
SN,AH,shareera,958,66,24,30,61,21,15,39,3,5,53,1,0,0,0
SN,AH,shareera,959,66,24,31,59,22,15,39,3,5,53,1,0,0,0
SN,AH,shareera,960,65,26,33,62,21,14,38,3,5,52,1,0,0,0
SN,AH,shareera,961,66,27,33,61,21,14,37,3,6,51,1,0,0,0
SN,AH,shareera,962,65,28,32,61,21,13,36,3,7,53,1,0,0,0
SN,AH,shareera,963,64,29,31,61,22,12,36,3,7,54,1,0,0,0
SN,AH,shareera,964,62,29,33,59,21,13,36,3,7,54,0,0,0,0
SN,AH,shareera,965,64,30,34,59,21,13,36,3,7,55,0,0,0,0
SN,AH,shareera,966,63,30,35,59,19,13,36,3,7,57,0,0,0,0
SN,AH,shareera,967,64,30,35,60,19,13,36,3,7,55,0,0,0,0
SN,AH,shareera,968,63,31,38,62,19,14,35,3,7,52,0,0,0,0
SN,AH,shareera,969,61,31,38,62,20,15,35,3,7,52,0,0,0,0
SN,AH,shareera,970,60,31,41,61,22,16,34,3,7,51,0,0,0,0
SN,AH,shareera,971,59,30,41,62,21,16,35,3,6,53,0,0,0,0
SN,AH,shareera,972,58,31,42,63,21,17,35,3,5,53,0,0,0,0
SN,AH,shareera,973,59,31,42,63,21,16,35,3,5,53,0,0,0,0
SN,AH,shareera,974,60,31,42,59,21,16,35,3,6,53,0,0,0,0
SN,AH,shareera,975,59,31,42,59,22,16,35,3,6,53,0,0,0,0
SN,AH,shareera,976,60,33,42,58,23,14,36,1,6,51,0,0,0,0
SN,AH,shareera,977,60,35,43,57,22,13,36,1,6,51,0,0,0,0
SN,AH,shareera,978,59,34,42,58,22,13,36,1,6,53,0,0,0,0
SN,AH,shareera,979,59,35,42,58,22,12,36,1,6,53,0,0,0,0
SN,AH,shareera,980,57,37,43,59,21,12,35,2,6,54,0,0,0,0
SN,AH,shareera,981,56,37,42,58,22,12,35,2,6,56,0,0,0,0
SN,AH,shareera,982,55,39,41,57,22,12,35,1,6,58,0,0,0,0
SN,AH,shareera,983,56,38,42,57,22,11,35,1,6,58,0,0,0,0
SN,AH,shareera,984,56,39,42,55,21,11,35,1,6,60,0,0,0,0
SN,AH,shareera,985,57,40,41,56,20,11,35,1,6,59,0,0,0,0
SN,AH,shareera,986,56,42,40,54,20,11,35,1,6,61,0,0,0,0
SN,AH,shareera,987,56,42,40,55,20,11,35,1,6,60,0,0,0,0
SN,AH,shareera,988,56,42,40,56,20,11,36,1,5,59,0,0,0,0
SN,AH,shareera,989,56,43,39,55,21,11,37,1,4,59,0,0,0,0
SN,AH,shareera,990,57,44,39,54,21,11,37,1,4,58,0,0,0,0
SN,AH,shareera,991,57,44,39,54,20,12,36,1,5,58,0,0,0,0
SN,AH,shareera,992,57,44,39,54,19,12,36,1,5,59,0,0,0,0
SN,AH,shareera,993,57,44,39,55,20,12,35,1,6,57,0,0,0,0
SN,AH,shareera,994,56,43,38,55,20,11,35,1,7,58,0,0,0,0
SN,AH,shareera,995,56,42,37,54,22,11,35,1,7,59,0,0,0,0
SN,AH,shareera,996,55,42,39,54,21,10,35,1,7,60,0,0,0,0
SN,AH,shareera,997,55,41,39,54,20,10,35,1,7,62,0,0,0,0
SN,AH,shareera,998,56,41,40,54,19,11,35,1,7,60,0,0,0,0
SN,AH,shareera,999,55,41,41,53,20,11,35,1,7,60,0,0,0,0
SN,AH,shareera,1000,55,41,42,53,20,12,35,1,7,58,0,0,0,0
SN,AH,shareera,1001,54,40,41,53,21,14,35,1,7,58,0,0,0,0
SN,AH,shareera,1002,54,39,42,55,20,15,35,1,7,56,0,0,0,0
SN,AH,shareera,1003,54,38,44,55,19,16,35,1,7,55,0,0,0,0
SN,AH,shareera,1004,54,39,45,55,19,16,35,1,7,53,0,0,0,0
SN,AH,shareera,1005,54,38,45,56,19,17,34,1,8,52,0,0,0,0
SN,AH,shareera,1006,52,38,46,52,19,16,34,1,8,50,0,0,0,0
SN,AH,shareera,1007,52,40,45,52,19,16,33,1,9,49,0,0,0,0
SN,AH,shareera,1008,52,42,45,51,19,15,33,1,9,49,0,0,0,0
SN,AH,shareera,1009,51,42,45,52,19,15,33,1,9,49,0,0,0,0
SN,AH,shareera,1010,51,40,44,53,20,15,33,2,9,49,0,0,0,0
SN,AH,shareera,1011,50,39,43,55,21,15,34,2,8,49,0,0,0,0
SN,AH,shareera,1012,50,40,43,55,21,15,35,2,7,48,0,0,0,0
SN,AH,shareera,1013,50,39,43,56,20,15,34,2,8,49,0,0,0,0
SN,AH,shareera,1014,52,39,41,57,19,14,34,2,9,47,0,0,0,0
SN,AH,shareera,1015,52,38,40,58,20,14,34,2,9,47,0,0,0,0
SN,AH,shareera,1016,52,38,40,60,20,14,33,2,10,45,0,0,0,0
SN,AH,shareera,1017,51,40,39,60,20,14,32,2,11,45,0,0,0,0
SN,AH,shareera,1018,52,39,37,59,20,14,32,2,12,45,0,0,0,0
SN,AH,shareera,1019,52,39,39,60,19,12,31,2,13,45,0,0,0,0
SN,AH,shareera,1020,54,39,36,59,18,11,32,2,13,46,0,0,0,0
SN,AH,shareera,1021,54,40,36,58,19,11,32,2,13,45,0,0,0,0
SN,AH,shareera,1022,55,39,35,57,20,10,33,2,13,44,0,0,0,0
SN,AH,shareera,1023,54,42,34,57,21,10,33,2,13,42,0,0,0,0
SN,AH,shareera,1024,54,41,32,58,22,10,33,2,13,43,0,0,0,0
SN,AH,shareera,1025,54,41,33,58,23,10,33,2,13,41,0,0,0,0
SN,AH,shareera,1026,54,38,34,61,23,11,32,2,13,42,0,0,0,0
SN,AH,shareera,1027,54,37,32,62,23,11,32,2,13,44,0,0,0,0
SN,AH,shareera,1028,54,38,32,61,23,12,32,2,13,43,0,0,0,0
SN,AH,shareera,1029,54,37,32,62,24,12,32,2,13,42,0,0,0,0
SN,AH,shareera,1030,55,35,32,60,24,13,33,1,13,42,0,0,0,0
SN,AH,shareera,1031,55,34,33,61,23,13,33,1,13,42,0,0,0,0
SN,AH,shareera,1032,56,32,33,63,23,13,33,1,13,43,1,0,0,0
SN,AH,shareera,1033,57,32,32,63,24,13,33,1,13,42,1,0,0,0
SN,AH,shareera,1034,56,32,33,65,24,14,32,2,13,41,1,0,0,0
SN,AH,shareera,1035,55,31,34,65,25,14,32,2,13,41,1,0,0,0
SN,AH,shareera,1036,55,30,35,65,26,14,32,2,13,40,1,0,0,0
SN,AH,shareera,1037,54,31,34,66,26,14,32,2,13,40,1,0,0,0
SN,AH,shareera,1038,54,32,33,66,27,13,32,2,13,40,1,0,0,0
SN,AH,shareera,1039,54,32,33,67,26,13,32,2,13,40,1,0,0,0
SN,AH,shareera,1040,53,32,34,66,26,13,31,2,14,41,1,0,0,0
SN,AH,shareera,1041,53,32,33,64,27,12,31,2,14,44,1,0,0,0
SN,AH,shareera,1042,52,32,34,64,27,12,32,2,13,44,1,0,0,0
SN,AH,shareera,1043,52,33,34,63,26,13,33,2,12,44,1,0,0,0
SN,AH,shareera,1044,52,34,34,62,26,13,34,2,11,44,1,0,0,0
SN,AH,shareera,1045,53,35,34,63,24,13,34,2,11,43,1,0,0,0
SN,AH,shareera,1046,54,34,32,63,24,13,35,2,11,42,1,0,0,0
SN,AH,shareera,1047,54,34,33,63,25,13,35,2,11,40,1,0,0,0
SN,AH,shareera,1048,54,34,32,64,26,12,35,2,11,40,1,0,0,0
SN,AH,shareera,1049,54,35,31,66,26,12,35,2,11,38,1,0,0,0
SN,AH,shareera,1050,55,36,31,65,26,11,35,2,11,38,1,0,0,0
SN,AH,shareera,1051,56,36,31,64,26,10,35,2,11,39,1,0,0,0
SN,AH,shareera,1052,57,37,31,62,26,10,35,2,11,39,1,0,0,0
SN,AH,shareera,1053,56,37,29,63,27,9,35,2,11,41,1,0,0,0
SN,AH,shareera,1054,56,35,28,65,27,9,35,2,11,42,1,0,0,0
SN,AH,shareera,1055,57,36,28,62,27,8,35,2,11,44,1,0,0,0
SN,AH,shareera,1056,57,35,27,62,27,9,35,2,11,45,1,0,0,0
SN,AH,shareera,1057,58,35,26,62,27,9,36,2,10,45,1,0,0,0
SN,AH,shareera,1058,58,36,27,63,28,9,35,2,10,44,1,0,0,0
SN,AH,shareera,1059,59,37,27,62,27,10,35,2,10,43,1,0,0,0
SN,AH,shareera,1060,61,37,26,59,27,10,36,1,10,43,1,0,0,0
SN,AH,shareera,1061,61,36,27,58,27,10,35,1,11,44,1,0,0,0
SN,AH,shareera,1062,60,35,29,60,27,11,34,2,11,43,1,0,0,0
SN,AH,shareera,1063,61,35,29,60,27,11,35,2,10,42,1,0,0,0
SN,AH,shareera,1064,59,36,29,60,27,12,35,2,9,45,1,0,0,0
SN,AH,shareera,1065,58,37,29,60,26,12,35,2,9,46,1,0,0,0
SN,AH,shareera,1066,58,37,29,58,26,12,36,2,8,48,1,0,0,0
SN,AH,shareera,1067,59,35,29,57,26,12,37,2,7,50,1,0,0,0
SN,AH,shareera,1068,60,36,29,55,26,12,38,2,6,50,1,0,0,0
SN,AH,shareera,1069,62,35,27,54,26,12,39,2,5,52,1,0,0,0
SN,AH,shareera,1070,61,35,27,54,25,12,39,2,5,54,1,0,0,0
SN,AH,shareera,1071,61,35,28,56,24,12,39,2,5,52,1,0,0,0
SN,AH,shareera,1072,61,36,28,55,23,12,39,2,5,53,1,0,0,0
SN,AH,shareera,1073,61,34,28,57,22,12,39,2,5,54,1,0,0,0
SN,AH,shareera,1074,60,33,30,57,23,13,39,2,4,55,1,0,0,0
SN,AH,shareera,1075,60,33,30,58,21,13,39,2,4,56,1,0,0,0
SN,AH,shareera,1076,61,34,32,57,21,12,40,2,4,59,1,0,0,0
SN,AH,shareera,1077,62,34,32,57,21,13,40,2,4,57,1,0,0,0
SN,AH,shareera,1078,61,36,33,59,22,12,39,3,4,57,2,0,0,0
SN,AH,shareera,1079,61,36,34,58,21,12,39,3,4,58,2,0,0,0
SN,AH,shareera,1080,60,36,35,60,22,13,38,3,4,57,2,0,0,0
SN,AH,shareera,1081,61,38,35,59,22,13,38,3,4,55,2,0,0,0
SN,AH,shareera,1082,61,38,34,57,21,13,39,3,4,54,1,0,0,0
SN,AH,shareera,1083,60,39,35,57,20,13,39,3,4,54,1,0,0,0
SN,AH,shareera,1084,60,40,33,59,20,14,39,2,4,53,1,0,0,0
SN,AH,shareera,1085,60,40,32,58,20,14,39,2,4,55,1,0,0,0
SN,AH,shareera,1086,62,41,32,59,19,14,38,3,4,56,2,0,0,0
SN,AH,shareera,1087,64,40,31,56,20,15,38,3,4,57,2,0,0,0
SN,AH,shareera,1088,64,39,31,56,19,16,38,3,4,58,2,0,0,0
SN,AH,shareera,1089,65,39,31,55,19,17,38,3,4,57,2,0,0,0
SN,AH,shareera,1090,65,39,32,56,19,18,38,3,3,57,2,0,0,0
SN,AH,shareera,1091,65,40,33,57,19,18,39,3,2,54,2,0,0,0
SN,AH,shareera,1092,65,42,33,58,20,18,38,3,2,55,3,0,0,0
SN,AH,shareera,1093,65,42,33,59,20,17,38,3,2,55,3,0,0,0
SN,AH,shareera,1094,64,43,36,60,21,17,37,3,2,53,3,0,0,0
SN,AH,shareera,1095,63,42,36,60,22,17,36,3,3,54,3,0,0,0
SN,AH,shareera,1096,63,41,36,59,22,17,36,3,3,56,3,0,0,0
SN,AH,shareera,1097,64,42,35,58,21,18,36,3,3,56,3,0,0,0
SN,AH,shareera,1098,62,44,36,57,21,18,36,3,3,56,3,0,0,0
SN,AH,shareera,1099,61,43,36,55,20,18,35,3,3,56,3,0,1,0
