Text_Type,Book,Chapter,Window,GGL,GLG,GLL,LG,GG,LGG,L,LGL,LLL,GGG,G,LLG,LL
SN,AH,nidana,1,36,46,23,2,1,30,3,54,2,69,40,18,0
SN,AH,nidana,2,35,48,24,2,1,31,3,54,2,69,39,18,0
SN,AH,nidana,3,36,49,24,2,1,31,3,54,2,67,39,18,0
SN,AH,nidana,4,37,48,23,2,1,30,3,55,2,68,39,18,0
SN,AH,nidana,5,37,47,23,2,1,30,3,55,2,68,39,19,0
SN,AH,nidana,6,38,48,23,2,1,28,4,55,2,68,38,19,0
SN,AH,nidana,7,40,48,24,2,1,27,4,55,2,66,38,19,0
SN,AH,nidana,8,42,48,23,2,1,27,4,55,2,64,38,20,0
SN,AH,nidana,9,43,48,23,2,1,27,4,55,2,63,38,20,0
SN,AH,nidana,10,43,49,23,2,1,27,4,54,2,65,37,21,0
SN,AH,nidana,11,43,48,23,2,1,27,4,55,2,65,37,21,0
SN,AH,nidana,12,44,49,22,2,1,27,4,55,2,64,37,21,0
SN,AH,nidana,13,43,50,22,2,1,26,4,56,2,65,37,20,0
SN,AH,nidana,14,43,52,22,2,1,27,4,55,3,66,36,19,0
SN,AH,nidana,15,44,52,21,2,1,25,4,56,3,68,36,18,0
SN,AH,nidana,16,43,51,21,2,1,24,4,56,3,70,36,19,0
SN,AH,nidana,17,44,51,21,2,1,24,4,57,3,68,36,19,0
SN,AH,nidana,18,43,52,20,2,1,24,4,57,3,69,36,19,0
SN,AH,nidana,19,42,51,21,2,1,25,3,57,3,68,37,20,0
SN,AH,nidana,20,41,51,21,1,1,25,3,58,3,69,38,19,0
SN,AH,nidana,21,39,52,21,1,1,26,3,59,3,68,38,19,0
SN,AH,nidana,22,39,55,21,1,1,28,3,57,3,68,37,19,0
SN,AH,nidana,23,38,56,22,1,1,27,3,57,3,68,37,19,0
SN,AH,nidana,24,39,56,22,1,1,26,2,58,3,66,38,20,0
SN,AH,nidana,25,37,56,22,1,1,27,2,58,3,66,38,21,0
SN,AH,nidana,26,36,51,22,1,1,26,2,54,3,61,38,21,0
SN,AH,nidana,27,35,52,22,1,1,28,2,54,3,61,38,19,0
SN,AH,nidana,28,35,53,21,1,1,26,2,56,2,61,39,17,0
SN,AH,nidana,29,36,52,20,1,1,25,2,57,2,62,39,17,0
SN,AH,nidana,30,37,50,21,1,1,25,2,57,2,62,39,17,0
SN,AH,nidana,31,37,50,20,1,1,26,2,57,2,62,39,17,0
SN,AH,nidana,32,37,49,19,1,1,27,2,57,2,63,39,17,0
SN,AH,nidana,33,37,50,17,1,1,26,1,58,2,64,40,17,0
SN,AH,nidana,34,37,52,16,1,1,24,1,57,2,65,40,18,0
SN,AH,nidana,35,39,52,15,1,1,24,1,57,2,64,40,18,0
SN,AH,nidana,36,41,50,14,1,1,22,1,57,2,65,41,17,0
SN,AH,nidana,37,43,49,15,1,1,23,1,56,2,63,41,17,0
SN,AH,nidana,38,44,50,16,1,1,23,2,55,2,61,40,17,0
SN,AH,nidana,39,44,51,15,1,1,24,2,55,1,61,40,17,0
SN,AH,nidana,40,43,49,15,1,1,24,2,55,1,63,40,18,0
SN,AH,nidana,41,42,49,14,1,1,24,2,54,1,65,40,19,0
SN,AH,nidana,42,41,50,13,1,1,24,3,53,1,68,39,18,0
SN,AH,nidana,43,41,49,14,1,1,24,3,53,1,68,39,18,0
SN,AH,nidana,44,43,48,13,0,1,23,3,50,1,68,40,17,0
SN,AH,nidana,45,42,48,12,0,1,22,3,49,1,67,40,17,0
SN,AH,nidana,46,41,45,12,0,1,23,3,51,1,65,41,17,0
SN,AH,nidana,47,41,44,12,0,1,23,3,50,1,63,40,16,0
SN,AH,nidana,48,42,43,12,0,1,24,4,49,1,63,39,16,0
SN,AH,nidana,49,42,43,12,0,0,24,4,49,1,63,40,16,0
SN,AH,nidana,50,43,46,13,0,0,23,4,50,1,61,40,15,0
SN,AH,nidana,51,45,47,13,0,0,23,4,50,1,60,40,15,0
SN,AH,nidana,52,44,45,13,0,0,22,4,51,2,59,41,17,0
SN,AH,nidana,53,43,45,14,0,0,22,4,51,3,59,41,18,0
SN,AH,nidana,54,44,46,14,0,0,22,4,49,3,61,41,18,0
SN,AH,nidana,55,46,48,14,0,0,22,5,48,3,61,40,17,0
SN,AH,nidana,56,46,48,14,0,0,24,4,46,4,64,40,17,0
SN,AH,nidana,57,46,49,13,0,0,24,5,46,4,64,39,17,0
SN,AH,nidana,58,45,49,13,0,0,25,5,46,4,65,39,16,0
SN,AH,nidana,59,44,50,14,0,0,26,5,46,4,62,39,17,0
SN,AH,nidana,60,43,50,14,0,0,29,5,47,5,59,39,16,0
SN,AH,nidana,61,42,53,14,0,0,29,5,47,5,57,39,16,0
SN,AH,nidana,62,41,53,14,0,0,29,5,47,5,58,39,16,0
SN,AH,nidana,63,42,52,14,0,0,29,5,46,5,58,39,17,0
SN,AH,nidana,64,41,52,15,0,0,30,5,47,4,57,39,17,0
SN,AH,nidana,65,40,53,15,0,0,31,5,46,4,57,39,17,0
SN,AH,nidana,66,41,56,14,0,0,33,5,46,4,55,38,17,0
SN,AH,nidana,67,41,56,14,0,0,34,5,46,4,54,38,17,0
SN,AH,nidana,68,42,57,15,0,0,36,5,44,4,53,37,18,0
SN,AH,nidana,69,43,58,14,0,0,35,5,44,4,54,37,17,0
SN,AH,nidana,70,44,58,14,0,0,38,5,44,4,52,36,18,0
SN,AH,nidana,71,45,57,14,0,0,38,5,44,4,52,36,18,0
SN,AH,nidana,72,43,56,13,0,0,37,5,45,4,53,37,18,0
SN,AH,nidana,73,43,54,12,0,0,37,5,44,4,52,37,18,0
SN,AH,nidana,74,43,53,12,0,0,38,5,43,4,54,37,17,0
SN,AH,nidana,75,44,53,12,0,0,38,5,43,4,54,37,16,0
SN,AH,nidana,76,43,53,12,0,0,39,5,44,4,54,37,15,0
SN,AH,nidana,77,44,53,12,0,0,37,5,45,4,53,37,16,0
SN,AH,nidana,78,47,53,12,0,0,38,5,43,4,54,36,16,0
SN,AH,nidana,79,47,54,13,0,0,37,5,42,4,54,36,16,0
SN,AH,nidana,80,47,55,12,0,0,37,5,41,4,55,36,16,0
SN,AH,nidana,81,47,54,12,0,0,37,5,41,4,56,36,16,0
SN,AH,nidana,82,46,55,12,0,0,37,5,41,4,55,36,17,0
SN,AH,nidana,83,47,55,12,0,0,38,5,40,4,54,36,17,0
SN,AH,nidana,84,47,52,12,0,0,39,5,41,4,54,37,15,0
SN,AH,nidana,85,46,54,12,0,0,39,5,42,4,53,37,14,0
SN,AH,nidana,86,44,54,13,0,0,42,5,42,4,51,37,14,0
SN,AH,nidana,87,43,55,12,0,0,41,5,43,4,51,37,15,0
SN,AH,nidana,88,44,54,12,0,0,40,4,44,4,51,38,15,0
SN,AH,nidana,89,43,54,12,0,0,41,4,44,4,51,38,15,0
SN,AH,nidana,90,47,56,12,0,0,41,4,46,4,51,38,15,0
SN,AH,nidana,91,48,57,12,0,0,40,4,46,4,51,38,14,0
SN,AH,nidana,92,47,58,13,0,0,41,3,47,4,50,38,15,0
SN,AH,nidana,93,46,60,12,0,0,41,3,47,4,50,38,15,0
SN,AH,nidana,94,44,63,12,1,0,42,3,48,4,51,37,16,0
SN,AH,nidana,95,45,64,12,1,0,43,3,49,4,52,37,16,0
SN,AH,nidana,96,46,67,11,1,0,43,3,47,4,53,36,17,0
SN,AH,nidana,97,46,67,11,1,0,44,3,49,4,55,37,17,0
SN,AH,nidana,98,47,67,11,1,0,43,2,50,4,54,38,17,0
SN,AH,nidana,99,49,68,11,1,0,43,2,50,4,56,38,17,0
SN,AH,nidana,100,49,67,10,1,0,43,2,48,4,58,38,17,0
SN,AH,nidana,101,48,65,10,1,0,43,2,48,4,59,38,17,0
SN,AH,nidana,102,49,65,9,1,0,43,2,48,3,59,38,16,0
SN,AH,nidana,103,49,64,8,1,0,43,2,48,2,61,38,15,0
SN,AH,nidana,104,47,63,8,1,0,43,2,50,2,60,38,15,0
SN,AH,nidana,105,45,61,9,1,0,44,1,51,2,58,39,16,0
SN,AH,nidana,106,44,62,9,1,0,42,1,52,1,56,40,16,0
SN,AH,nidana,107,42,63,9,1,0,42,0,52,1,57,41,16,0
SN,AH,nidana,108,42,63,9,1,0,41,0,52,1,58,41,16,0
SN,AH,nidana,109,42,62,9,1,0,40,0,53,1,59,41,16,0
SN,AH,nidana,110,42,62,10,1,0,40,0,53,0,58,41,17,0
SN,AH,nidana,111,42,59,10,1,0,40,1,54,0,59,40,18,0
SN,AH,nidana,112,43,62,11,1,0,42,1,53,0,57,39,17,0
SN,AH,nidana,113,42,62,11,1,0,42,1,54,0,57,39,17,0
SN,AH,nidana,114,42,60,10,1,0,40,1,54,0,58,40,18,0
SN,AH,nidana,115,42,61,10,1,0,39,1,54,0,58,40,18,0
SN,AH,nidana,116,43,59,10,1,0,37,1,54,0,58,41,18,0
SN,AH,nidana,117,41,58,10,1,0,37,1,55,0,60,41,18,0
SN,AH,nidana,118,42,58,9,1,0,36,1,56,0,60,41,18,0
SN,AH,nidana,119,42,56,9,1,0,37,1,57,0,59,41,19,0
SN,AH,nidana,120,41,58,9,1,0,35,1,57,0,58,42,18,0
SN,AH,nidana,121,41,58,10,1,0,34,1,57,0,57,42,19,0
SN,AH,nidana,122,44,59,10,1,0,34,1,57,0,56,41,19,0
SN,AH,nidana,123,44,61,10,1,0,35,1,58,0,57,41,19,0
SN,AH,nidana,124,45,61,10,1,0,34,1,58,0,55,41,21,0
SN,AH,nidana,125,45,62,10,1,0,33,1,58,0,55,41,21,0
SN,AH,nidana,126,46,61,10,1,0,32,1,59,0,55,41,21,0
SN,AH,nidana,127,45,61,10,1,0,32,1,58,0,58,41,20,0
SN,AH,nidana,128,42,60,11,1,0,32,1,60,0,58,41,21,0
SN,AH,nidana,129,42,60,11,1,0,32,2,60,0,58,40,21,0
SN,AH,nidana,130,41,61,13,1,0,34,2,59,0,57,39,22,0
SN,AH,nidana,131,41,62,13,1,0,33,2,59,0,56,39,23,0
SN,AH,nidana,132,42,62,14,1,0,32,3,59,0,56,38,22,0
SN,AH,nidana,133,42,62,14,1,0,31,3,59,0,57,38,22,0
SN,AH,nidana,134,43,65,14,1,0,31,3,57,0,58,37,22,0
SN,AH,nidana,135,43,63,15,1,0,31,3,56,0,60,37,22,0
SN,AH,nidana,136,44,64,14,1,0,28,3,57,0,60,37,23,0
SN,AH,nidana,137,45,64,14,1,0,28,3,57,0,60,37,22,0
SN,AH,nidana,138,44,65,14,1,0,30,3,57,0,60,36,23,0
SN,AH,nidana,139,45,65,14,1,0,28,3,57,0,61,36,23,0
SN,AH,nidana,140,41,65,14,1,0,27,3,55,0,61,36,22,0
SN,AH,nidana,141,41,64,14,1,0,27,3,56,0,60,36,23,0
SN,AH,nidana,142,41,63,14,1,0,27,3,56,0,59,37,22,0
SN,AH,nidana,143,41,62,15,1,0,27,3,56,0,58,37,23,0
SN,AH,nidana,144,41,59,15,0,0,26,3,56,0,56,38,24,0
SN,AH,nidana,145,41,59,16,0,0,25,3,56,0,56,38,24,0
SN,AH,nidana,146,42,57,16,0,0,24,3,56,0,56,39,23,0
SN,AH,nidana,147,42,57,16,0,0,23,3,55,0,57,39,24,0
SN,AH,nidana,148,40,58,16,0,0,24,3,53,1,60,38,25,0
SN,AH,nidana,149,38,57,17,0,0,25,3,55,1,59,38,25,0
SN,AH,nidana,150,37,58,18,0,0,27,3,56,1,58,37,25,0
SN,AH,nidana,151,39,58,17,0,0,27,3,57,1,56,37,25,0
SN,AH,nidana,152,40,58,17,0,0,27,3,58,1,55,37,24,0
SN,AH,nidana,153,40,59,19,0,0,27,3,59,1,52,37,23,0
SN,AH,nidana,154,42,59,20,0,0,27,3,58,2,50,36,25,0
SN,AH,nidana,155,42,60,19,0,0,27,3,59,2,50,36,24,0
SN,AH,nidana,156,41,60,21,1,0,27,3,60,3,51,35,25,0
SN,AH,nidana,157,42,60,21,1,0,28,3,60,3,49,35,25,0
SN,AH,nidana,158,41,60,21,1,0,28,3,60,3,48,35,27,0
SN,AH,nidana,159,41,61,20,1,0,29,3,59,3,49,35,26,0
SN,AH,nidana,160,41,60,20,1,0,26,3,60,3,50,36,25,0
SN,AH,nidana,161,41,61,20,1,0,25,2,59,3,51,37,25,0
SN,AH,nidana,162,40,57,20,1,0,24,2,60,3,52,38,26,0
SN,AH,nidana,163,41,56,21,1,0,24,2,61,3,51,38,25,0
SN,AH,nidana,164,41,59,22,1,0,23,2,62,4,51,38,24,0
SN,AH,nidana,165,42,59,24,1,0,23,3,63,5,50,37,24,0
SN,AH,nidana,166,40,59,25,1,0,23,3,65,5,50,37,23,0
SN,AH,nidana,167,41,61,25,1,0,22,3,64,5,49,37,23,0
SN,AH,nidana,168,40,60,25,1,0,21,3,64,5,49,38,23,0
SN,AH,nidana,169,39,62,25,1,0,20,3,63,5,51,38,22,0
SN,AH,nidana,170,39,59,26,1,0,20,4,63,5,53,37,22,0
SN,AH,nidana,171,39,61,25,1,0,20,4,63,5,53,37,21,0
SN,AH,nidana,172,37,59,27,1,0,20,4,64,5,54,37,21,0
SN,AH,nidana,173,38,57,27,1,0,20,4,65,5,54,37,21,0
SN,AH,nidana,174,36,57,27,1,0,20,4,65,5,57,37,20,0
SN,AH,nidana,175,35,57,27,1,0,20,4,65,5,57,37,21,0
SN,AH,nidana,176,33,58,28,1,0,20,5,65,5,56,36,22,0
SN,AH,nidana,177,34,58,28,1,0,20,5,65,5,54,36,23,0
SN,AH,nidana,178,35,58,27,1,0,19,6,64,5,54,36,22,0
SN,AH,nidana,179,34,58,26,1,0,19,5,65,5,55,37,22,0
SN,AH,nidana,180,34,57,25,1,0,17,5,66,5,55,38,22,0
SN,AH,nidana,181,33,57,25,1,0,17,5,67,5,56,38,21,0
SN,AH,nidana,182,34,57,25,1,0,17,4,67,5,55,39,21,0
SN,AH,nidana,183,33,57,25,1,0,18,4,67,5,54,39,22,0
SN,AH,nidana,184,31,55,26,1,0,18,4,68,5,53,40,22,0
SN,AH,nidana,185,30,57,25,1,0,19,4,68,5,52,40,22,0
SN,AH,nidana,186,30,57,25,1,0,20,4,67,5,53,40,21,0
SN,AH,nidana,187,29,57,26,1,0,20,4,68,5,52,40,21,0
SN,AH,nidana,188,28,57,25,1,0,18,4,69,5,52,41,21,0
SN,AH,nidana,189,27,56,26,1,0,20,4,69,5,50,41,22,0
SN,AH,nidana,190,29,54,26,1,0,20,4,69,5,48,41,24,0
SN,AH,nidana,191,29,55,26,1,0,21,5,68,5,48,40,23,0
SN,AH,nidana,192,30,55,25,1,0,20,5,68,5,48,40,24,0
SN,AH,nidana,193,30,56,24,1,0,20,5,68,5,48,40,24,0
SN,AH,nidana,194,31,58,24,2,0,21,5,68,5,49,39,24,0
SN,AH,nidana,195,30,58,23,2,0,21,5,69,5,49,39,25,0
SN,AH,nidana,196,28,58,25,2,0,20,5,71,5,48,39,25,0
SN,AH,nidana,197,28,58,26,2,0,22,5,72,5,45,39,24,0
SN,AH,nidana,198,28,58,26,2,0,21,6,73,4,44,39,23,0
SN,AH,nidana,199,28,61,25,2,0,20,6,72,4,44,39,23,0
SN,AH,nidana,200,29,61,24,3,0,19,6,72,4,46,39,24,0
SN,AH,nidana,201,27,62,24,3,0,19,6,71,4,48,39,24,0
SN,AH,nidana,202,25,62,25,3,0,22,6,69,4,49,38,26,0
SN,AH,nidana,203,26,61,23,3,0,22,6,68,4,52,38,26,0
SN,AH,nidana,204,24,61,23,3,0,23,7,68,3,53,38,24,0
SN,AH,nidana,205,25,61,23,3,0,22,7,68,3,53,38,24,0
SN,AH,nidana,206,25,61,21,2,0,23,7,68,2,51,39,23,0
SN,AH,nidana,207,24,62,21,2,0,22,7,68,2,52,39,23,0
SN,AH,nidana,208,24,63,21,2,0,22,7,68,2,53,39,21,0
SN,AH,nidana,209,24,63,21,2,0,21,7,68,2,53,39,22,0
SN,AH,nidana,210,25,64,20,2,0,22,7,66,2,55,38,23,0
SN,AH,nidana,211,26,63,21,2,0,22,7,67,2,54,38,22,0
SN,AH,nidana,212,27,66,20,2,0,23,7,67,2,54,37,21,0
SN,AH,nidana,213,26,66,20,2,0,24,7,65,2,56,37,21,0
SN,AH,nidana,214,25,63,19,2,0,24,7,64,1,58,37,22,0
SN,AH,nidana,215,24,62,17,2,0,24,6,64,0,58,38,23,0
SN,AH,nidana,216,24,63,18,2,0,25,6,62,1,59,37,23,0
SN,AH,nidana,217,25,61,18,2,0,27,6,62,1,58,37,23,0
SN,AH,nidana,218,27,61,18,2,0,30,6,61,1,58,36,22,0
SN,AH,nidana,219,27,60,18,2,0,30,6,62,1,58,36,22,0
SN,AH,nidana,220,28,61,17,2,0,30,5,62,1,57,37,22,0
SN,AH,nidana,221,29,58,17,2,0,30,5,62,1,57,37,24,0
SN,AH,nidana,222,29,58,15,2,0,29,6,62,1,57,37,24,0
SN,AH,nidana,223,28,58,16,2,0,28,6,62,1,58,37,24,0
SN,AH,nidana,224,31,61,16,2,0,29,6,61,1,56,36,23,0
SN,AH,nidana,225,31,62,16,2,0,29,6,61,1,56,36,22,0
SN,AH,nidana,226,32,61,15,2,0,30,6,60,1,57,36,22,0
SN,AH,nidana,227,32,61,15,2,0,31,6,60,1,57,36,21,0
SN,AH,nidana,228,32,60,15,2,0,31,5,61,1,57,37,21,0
SN,AH,nidana,229,34,59,15,2,0,33,5,60,1,55,37,21,0
SN,AH,nidana,230,36,58,14,2,0,34,5,60,1,55,37,20,0
SN,AH,nidana,231,36,59,15,2,0,34,5,59,1,54,37,20,0
SN,AH,nidana,232,34,58,15,2,0,34,6,60,1,55,36,21,0
SN,AH,nidana,233,34,57,15,2,0,34,6,60,1,57,36,20,0
SN,AH,nidana,234,34,58,15,2,0,34,6,59,1,59,35,21,0
SN,AH,nidana,235,34,57,15,2,0,34,7,59,1,59,34,22,0
SN,AH,nidana,236,36,57,15,2,0,35,7,58,1,59,33,23,0
SN,AH,nidana,237,36,56,14,2,0,35,7,58,1,60,33,24,0
SN,AH,nidana,238,36,54,14,2,0,35,7,57,1,63,33,24,0
SN,AH,nidana,239,37,55,13,2,0,33,8,58,1,64,32,23,0
SN,AH,nidana,240,36,56,14,2,0,34,8,57,1,67,31,22,0
SN,AH,nidana,241,36,56,14,2,0,33,7,58,1,67,32,22,0
SN,AH,nidana,242,35,57,14,2,0,33,7,58,1,68,32,21,0
SN,AH,nidana,243,35,55,15,2,0,33,8,58,2,69,31,20,0
SN,AH,nidana,244,33,55,16,1,0,33,8,58,2,67,32,18,0
SN,AH,nidana,245,34,55,16,1,0,33,8,57,2,67,32,18,0
SN,AH,nidana,246,35,54,15,1,0,34,8,57,2,67,32,18,0
SN,AH,nidana,247,36,56,14,1,0,32,8,56,2,68,32,18,0
SN,AH,nidana,248,36,54,15,1,0,33,7,56,2,67,33,19,0
SN,AH,nidana,249,37,53,15,1,0,33,7,56,2,67,33,19,0
SN,AH,nidana,250,36,52,15,0,0,32,7,56,2,66,34,18,0
SN,AH,nidana,251,37,53,15,0,0,32,7,56,2,64,34,18,0
SN,AH,nidana,252,38,53,15,0,0,29,7,57,2,63,35,17,0
SN,AH,nidana,253,38,53,15,0,0,29,7,57,2,61,35,19,0
SN,AH,nidana,254,39,52,14,0,0,29,6,57,2,61,36,20,0
SN,AH,nidana,255,38,52,14,0,0,29,6,57,2,62,36,20,0
SN,AH,nidana,256,38,52,14,0,0,29,6,56,2,63,36,20,0
SN,AH,nidana,257,41,49,14,0,0,29,7,55,3,63,35,20,0
SN,AH,nidana,258,42,49,14,0,0,29,7,55,3,62,35,20,0
SN,AH,nidana,259,42,49,14,0,0,30,7,55,3,62,35,19,0
SN,AH,nidana,260,42,47,14,0,0,29,7,57,3,61,36,18,0
SN,AH,nidana,261,43,47,13,0,0,30,7,56,3,60,36,19,0
SN,AH,nidana,262,42,45,14,0,0,28,7,56,3,60,37,20,0
SN,AH,nidana,263,44,45,13,0,0,27,7,56,3,59,37,21,0
SN,AH,nidana,264,45,45,13,0,0,27,7,57,3,58,37,20,0
SN,AH,nidana,265,45,46,13,0,0,28,7,56,3,58,37,19,0
SN,AH,nidana,266,45,44,11,0,0,27,7,56,2,60,38,20,0
SN,AH,nidana,267,44,44,11,0,0,25,7,56,2,61,38,22,0
SN,AH,nidana,268,41,45,11,0,0,22,7,56,3,63,38,24,0
SN,AH,nidana,269,41,45,12,0,0,23,7,55,3,62,38,24,0
SN,AH,nidana,270,41,46,12,0,0,23,7,55,3,61,38,24,0
SN,AH,nidana,271,39,48,12,0,0,23,7,56,3,62,38,22,0
SN,AH,nidana,272,39,48,12,0,0,23,6,55,3,63,39,22,0
SN,AH,nidana,273,40,48,11,0,0,23,6,55,3,62,39,23,0
SN,AH,nidana,274,37,47,11,0,0,22,6,57,3,62,40,23,0
SN,AH,nidana,275,37,46,12,0,0,23,6,57,3,61,40,23,0
SN,AH,nidana,276,37,46,12,0,0,22,5,57,3,63,41,22,0
SN,AH,nidana,277,37,46,13,0,0,21,5,57,3,63,41,22,0
SN,AH,nidana,278,37,46,16,0,0,23,5,55,3,62,40,23,0
SN,AH,nidana,279,36,46,16,0,0,22,5,55,3,63,40,24,0
SN,AH,nidana,280,34,47,16,0,0,22,5,55,3,63,40,25,0
SN,AH,nidana,281,35,45,15,0,0,24,5,56,3,62,40,25,0
SN,AH,nidana,282,35,47,14,0,0,25,4,56,3,61,41,24,0
SN,AH,nidana,283,35,46,14,0,0,24,4,56,3,62,41,25,0
SN,AH,nidana,284,37,45,13,0,0,24,4,56,4,61,41,25,0
SN,AH,nidana,285,37,46,13,0,0,24,3,56,4,61,42,24,0
SN,AH,nidana,286,34,45,13,0,0,22,3,58,4,62,43,24,0
SN,AH,nidana,287,34,46,13,0,0,23,4,57,4,61,42,24,0
SN,AH,nidana,288,34,48,13,0,0,23,4,57,4,60,42,23,0
SN,AH,nidana,289,33,49,13,0,0,24,3,57,4,59,43,23,0
SN,AH,nidana,290,33,51,14,0,0,25,3,57,4,56,43,22,0
SN,AH,nidana,291,32,52,14,0,0,25,3,57,4,56,43,22,0
SN,AH,nidana,292,34,53,14,1,0,26,3,58,4,56,42,22,0
SN,AH,nidana,293,34,55,13,1,0,26,2,58,3,56,43,22,0
SN,AH,nidana,294,35,54,12,1,0,25,2,58,3,57,43,23,0
SN,AH,nidana,295,35,54,12,1,0,26,2,58,3,57,43,22,0
SN,AH,nidana,296,35,54,11,1,0,26,2,57,3,59,43,22,0
SN,AH,nidana,297,34,53,11,1,0,26,2,57,3,61,43,22,0
SN,AH,nidana,298,34,55,10,1,0,25,2,57,3,62,43,21,0
SN,AH,nidana,299,33,54,10,1,0,26,2,57,3,63,43,21,0
SN,AH,nidana,300,35,53,10,1,0,27,2,57,3,61,43,21,0
SN,AH,nidana,301,33,54,10,1,0,27,2,57,3,62,43,21,0
SN,AH,nidana,302,33,54,9,1,0,27,2,57,3,64,43,20,0
SN,AH,nidana,303,32,56,9,1,0,28,2,57,3,64,43,18,0
SN,AH,nidana,304,32,56,9,1,0,27,2,60,3,63,43,17,0
SN,AH,nidana,305,32,57,9,1,0,27,2,60,3,62,43,17,0
SN,AH,nidana,306,32,57,9,1,0,26,2,60,3,63,43,17,0
SN,AH,nidana,307,29,60,9,1,0,27,1,61,2,62,44,17,0
SN,AH,nidana,308,29,58,10,1,0,27,1,62,2,62,44,17,0
SN,AH,nidana,309,29,58,10,1,0,27,1,63,2,61,44,17,0
SN,AH,nidana,310,29,61,10,1,0,30,1,61,2,60,43,17,0
SN,AH,nidana,311,27,62,10,1,0,29,1,61,2,62,43,17,0
SN,AH,nidana,312,28,63,9,1,0,29,1,61,2,62,43,16,0
SN,AH,nidana,313,26,64,9,1,0,30,1,62,2,62,43,15,0
SN,AH,nidana,314,27,65,9,1,0,31,1,61,2,60,43,15,0
SN,AH,nidana,315,29,64,9,1,0,30,1,61,2,60,43,15,0
SN,AH,nidana,316,31,65,9,1,0,30,1,61,2,58,43,14,0
SN,AH,nidana,317,31,65,9,1,0,32,1,61,2,57,43,13,0
SN,AH,nidana,318,33,65,9,1,0,32,1,62,1,54,44,11,0
SN,AH,nidana,319,33,66,8,1,0,31,1,62,1,54,44,12,0
SN,AH,nidana,320,33,64,8,1,0,31,1,63,1,55,44,12,0
SN,AH,nidana,321,35,63,8,1,0,31,1,62,1,55,44,12,0
SN,AH,nidana,322,35,63,8,1,0,31,1,62,1,55,44,12,0
SN,AH,nidana,323,36,63,8,1,0,31,1,62,1,55,44,11,0
SN,AH,nidana,324,37,62,8,1,0,31,1,61,1,55,44,12,0
SN,AH,nidana,325,38,60,8,1,0,30,1,62,1,55,44,13,0
SN,AH,nidana,326,37,61,9,1,0,34,1,61,2,52,43,14,0
SN,AH,nidana,327,36,61,8,1,0,35,1,61,2,53,43,14,0
SN,AH,nidana,328,37,61,5,1,0,33,1,64,2,52,44,13,0
SN,AH,nidana,329,36,64,6,1,0,32,1,64,2,51,44,12,0
SN,AH,nidana,330,37,64,6,1,0,31,1,64,2,52,44,11,0
SN,AH,nidana,331,36,65,6,1,0,29,1,64,2,54,44,11,0
SN,AH,nidana,332,39,65,6,2,0,28,1,63,2,58,43,11,0
SN,AH,nidana,333,40,66,6,2,0,28,1,63,2,57,43,10,0
SN,AH,nidana,334,39,67,6,2,0,28,1,64,1,55,44,9,0
SN,AH,nidana,335,39,68,6,2,0,27,1,64,1,55,44,9,0
SN,AH,nidana,336,39,69,6,2,0,27,2,63,1,56,43,8,0
SN,AH,nidana,337,39,68,6,2,0,27,1,63,1,58,44,7,0
SN,AH,nidana,338,39,67,6,2,0,27,1,64,1,58,44,7,0
SN,AH,nidana,339,40,66,6,2,0,28,1,63,1,58,44,7,0
SN,AH,nidana,340,40,65,4,2,0,28,1,64,1,59,44,8,0
SN,AH,nidana,341,41,65,4,2,0,28,2,63,1,59,43,8,0
SN,AH,nidana,342,40,62,4,1,0,27,2,63,1,59,44,8,0
SN,AH,nidana,343,42,60,4,1,0,26,3,63,1,60,43,8,0
SN,AH,nidana,344,41,61,4,1,0,27,3,63,1,60,43,7,0
SN,AH,nidana,345,40,60,4,1,0,26,3,63,1,62,43,8,0
SN,AH,nidana,346,39,61,5,1,0,26,4,63,1,60,42,9,0
SN,AH,nidana,347,39,60,6,1,0,29,4,63,1,57,42,9,0
SN,AH,nidana,348,39,59,7,1,0,32,4,62,2,57,41,9,0
SN,AH,nidana,349,39,61,8,1,0,31,4,62,2,55,41,9,0
SN,AH,nidana,350,39,63,8,1,0,31,4,62,2,56,40,9,0
SN,AH,nidana,351,39,60,8,1,0,32,4,62,2,57,40,10,0
SN,AH,nidana,352,39,60,8,1,0,32,4,62,2,57,40,10,0
SN,AH,nidana,353,39,59,8,1,0,31,4,62,2,58,40,11,0
SN,AH,nidana,354,38,61,9,1,0,35,4,58,2,59,39,11,0
SN,AH,nidana,355,38,59,9,1,0,36,4,57,2,60,39,12,0
SN,AH,nidana,356,39,57,10,1,0,36,4,57,2,59,39,13,0
SN,AH,nidana,357,39,55,10,1,0,36,4,58,2,60,39,13,0
SN,AH,nidana,358,39,56,9,1,0,37,4,57,2,60,39,13,0
SN,AH,nidana,359,39,58,9,1,0,36,4,56,2,60,39,13,0
SN,AH,nidana,360,38,56,10,1,0,33,4,58,2,60,40,13,0
SN,AH,nidana,361,39,56,11,1,0,34,4,58,2,58,40,12,0
SN,AH,nidana,362,39,56,11,1,0,34,4,58,4,58,39,13,0
SN,AH,nidana,363,39,55,12,1,0,33,4,57,4,59,39,14,0
SN,AH,nidana,364,37,55,12,1,0,32,4,57,4,62,39,14,0
SN,AH,nidana,365,36,54,12,1,0,33,5,56,4,63,38,15,0
SN,AH,nidana,366,36,54,12,1,0,33,5,56,4,63,38,15,0
SN,AH,nidana,367,36,56,12,1,0,31,5,55,4,65,38,14,0
SN,AH,nidana,368,35,54,12,1,0,32,5,55,4,67,38,14,0
SN,AH,nidana,369,35,52,12,1,0,32,5,55,4,69,38,14,0
SN,AH,nidana,370,36,53,12,1,0,32,5,54,4,68,38,14,0
SN,AH,nidana,371,34,52,14,1,0,33,5,54,4,68,38,14,0
SN,AH,nidana,372,33,53,14,1,0,33,5,54,4,68,38,14,0
SN,AH,nidana,373,31,54,14,1,0,34,5,54,4,68,38,14,0
SN,AH,nidana,374,31,56,14,1,0,35,5,55,4,68,37,13,0
SN,AH,nidana,375,30,57,13,1,0,35,5,55,4,69,37,13,0
SN,AH,nidana,376,30,58,12,1,0,31,5,56,3,71,38,12,0
SN,AH,nidana,377,30,60,12,1,0,30,5,57,3,69,38,12,0
SN,AH,nidana,378,28,61,12,1,0,30,5,55,3,72,38,12,0
SN,AH,nidana,379,28,58,12,1,0,30,5,56,3,73,38,13,0
SN,AH,nidana,380,29,58,12,1,0,30,5,56,3,71,38,14,0
SN,AH,nidana,381,31,58,12,1,0,30,5,55,3,69,38,15,0
SN,AH,nidana,382,29,56,12,0,0,30,5,55,3,67,39,16,0
SN,AH,nidana,383,29,56,12,0,0,30,6,56,3,66,38,16,0
SN,AH,nidana,384,29,56,13,0,0,33,6,55,3,66,37,16,0
SN,AH,nidana,385,30,54,13,0,0,34,6,55,3,66,37,16,0
SN,AH,nidana,386,32,55,13,0,0,37,5,54,3,63,37,17,0
SN,AH,nidana,387,31,56,13,0,0,36,5,54,3,64,37,17,0
SN,AH,nidana,388,31,58,13,0,0,37,5,53,3,62,37,17,0
SN,AH,nidana,389,30,58,13,0,0,36,5,53,3,63,37,18,0
SN,AH,nidana,390,30,59,13,0,0,37,5,52,3,62,37,18,0
SN,AH,nidana,391,30,59,13,0,0,38,4,52,3,61,38,18,0
SN,AH,nidana,392,31,63,13,0,0,38,4,50,3,61,37,18,0
SN,AH,nidana,393,30,63,13,0,0,39,3,50,3,59,38,20,0
SN,AH,nidana,394,30,62,13,0,0,39,3,50,3,60,38,20,0
SN,AH,nidana,395,30,63,13,0,0,40,3,50,3,59,38,19,0
SN,AH,nidana,396,30,63,12,0,0,40,2,50,3,60,39,19,0
SN,AH,nidana,397,31,65,11,0,0,38,2,50,3,60,39,19,0
SN,AH,nidana,398,31,67,10,0,0,36,2,51,2,58,40,19,0
SN,AH,nidana,399,31,65,9,0,0,36,2,52,2,59,40,20,0
SN,AH,nidana,400,30,62,9,0,0,35,2,52,2,61,41,20,0
SN,AH,nidana,401,30,63,9,0,0,34,2,52,2,61,41,20,0
SN,AH,nidana,402,31,62,9,0,0,34,2,52,2,61,41,20,0
SN,AH,nidana,403,31,62,9,0,0,36,2,52,2,60,41,19,0
SN,AH,nidana,404,31,62,8,0,0,33,2,53,2,60,42,19,0
SN,AH,nidana,405,32,63,8,0,0,33,2,53,2,59,42,18,0
SN,AH,nidana,406,34,66,8,0,0,34,2,54,2,61,42,17,0
SN,AH,nidana,407,36,65,8,0,0,34,2,53,2,61,42,17,0
SN,AH,nidana,408,35,64,9,0,0,34,2,55,2,60,42,17,0
SN,AH,nidana,409,36,62,9,0,0,35,2,55,2,59,42,18,0
SN,AH,nidana,410,37,62,9,0,0,35,2,54,2,59,42,18,0
SN,AH,nidana,411,36,61,8,0,0,34,2,54,2,62,42,19,0
SN,AH,nidana,412,35,60,8,0,0,34,2,54,0,63,43,19,0
SN,AH,nidana,413,36,62,7,0,0,34,2,54,0,62,43,18,0
SN,AH,nidana,414,37,61,8,0,0,35,2,54,0,60,43,18,0
SN,AH,nidana,415,36,62,8,0,0,34,1,55,0,61,44,17,0
SN,AH,nidana,416,34,63,8,0,0,34,1,55,0,62,44,17,0
SN,AH,nidana,417,33,62,9,0,0,34,1,57,0,60,44,18,0
SN,AH,nidana,418,33,65,9,0,0,35,1,57,0,59,43,18,0
SN,AH,nidana,419,33,68,9,0,0,36,1,57,0,56,43,17,0
SN,AH,nidana,420,33,71,9,0,0,36,1,56,0,57,42,17,0
SN,AH,nidana,421,33,71,7,0,1,35,1,55,0,56,41,17,0
SN,AH,nidana,422,36,70,7,0,1,35,2,55,0,54,40,17,0
SN,AH,nidana,423,36,69,7,0,1,35,2,55,0,54,40,18,0
SN,AH,nidana,424,39,68,7,0,1,34,2,55,1,56,41,19,0
SN,AH,nidana,425,40,69,7,0,1,34,2,54,1,56,41,18,0
SN,AH,nidana,426,41,68,7,0,1,34,2,54,1,56,41,18,0
SN,AH,nidana,427,41,66,8,0,1,34,2,53,1,56,41,20,0
SN,AH,nidana,428,44,66,8,0,1,34,2,53,1,53,41,20,0
SN,AH,nidana,429,46,67,7,0,1,34,2,52,1,52,41,20,0
SN,AH,nidana,430,47,71,9,1,1,36,2,53,1,53,40,22,0
SN,AH,nidana,431,47,70,9,1,1,36,2,53,1,54,40,22,0
SN,AH,nidana,432,46,72,9,1,1,38,2,53,1,55,39,21,0
SN,AH,nidana,433,45,72,9,1,1,39,1,52,1,55,40,22,0
SN,AH,nidana,434,45,73,9,1,1,37,1,52,1,56,40,22,0
SN,AH,nidana,435,46,72,9,1,1,36,1,52,1,55,40,24,0
SN,AH,nidana,436,44,71,9,1,1,33,1,53,1,58,41,23,0
SN,AH,nidana,437,44,71,10,1,1,33,1,53,1,57,41,23,0
SN,AH,nidana,438,44,69,10,1,1,32,1,53,1,60,41,23,0
SN,AH,nidana,439,45,68,10,1,1,31,1,53,1,61,41,23,0
SN,AH,nidana,440,44,65,10,1,1,29,1,54,1,63,42,23,0
SN,AH,nidana,441,43,63,10,1,1,28,1,56,1,65,42,23,0
SN,AH,nidana,442,43,61,10,1,1,28,1,57,1,63,43,23,0
SN,AH,nidana,443,42,62,11,1,1,27,1,58,1,64,43,21,0
SN,AH,nidana,444,43,61,11,1,1,27,1,57,1,64,43,22,0
SN,AH,nidana,445,44,62,11,1,1,27,1,57,1,62,43,22,0
SN,AH,nidana,446,45,63,11,1,1,26,1,58,1,61,43,21,0
SN,AH,nidana,447,46,63,11,1,1,25,2,58,1,61,42,21,0
SN,AH,nidana,448,47,61,11,1,1,25,2,57,1,64,41,23,0
SN,AH,nidana,449,49,60,11,1,1,26,2,56,1,64,41,22,0
SN,AH,nidana,450,50,61,11,1,1,26,2,56,1,62,41,22,0
SN,AH,nidana,451,50,60,11,1,1,26,2,56,1,63,41,22,0
SN,AH,nidana,452,50,61,11,1,1,28,2,56,1,62,40,23,0
SN,AH,nidana,453,51,60,11,1,1,27,2,57,1,62,40,23,0
SN,AH,nidana,454,52,61,12,1,1,27,2,56,1,63,39,23,0
SN,AH,nidana,455,52,60,12,1,1,27,2,56,1,64,39,23,0
SN,AH,nidana,456,49,59,11,1,1,27,2,56,1,61,39,23,0
SN,AH,nidana,457,49,59,12,1,1,27,2,56,1,60,39,23,0
SN,AH,nidana,458,49,61,11,1,1,26,2,54,1,62,39,23,0
SN,AH,nidana,459,49,60,11,1,1,25,2,55,1,63,39,23,0
SN,AH,nidana,460,48,62,10,1,1,25,2,55,1,63,39,23,0
SN,AH,nidana,461,48,64,10,1,1,25,2,55,1,62,39,22,0
SN,AH,nidana,462,48,66,12,1,1,26,2,55,1,61,38,21,0
SN,AH,nidana,463,47,65,12,1,1,27,2,56,1,61,38,21,0
SN,AH,nidana,464,49,67,11,2,1,26,2,56,1,62,37,23,0
SN,AH,nidana,465,50,67,11,2,1,26,2,57,1,60,37,23,0
SN,AH,nidana,466,51,68,11,2,1,27,2,56,1,60,36,24,0
SN,AH,nidana,467,52,68,10,2,1,28,2,55,1,61,36,23,0
SN,AH,nidana,468,54,66,10,2,1,27,2,54,2,62,36,23,0
SN,AH,nidana,469,54,64,11,2,1,27,2,54,2,63,36,23,0
SN,AH,nidana,470,53,61,11,2,1,27,2,55,2,63,37,23,0
SN,AH,nidana,471,54,62,12,2,0,27,2,56,2,63,38,24,0
SN,AH,nidana,472,51,62,12,2,0,27,2,58,2,64,38,24,0
SN,AH,nidana,473,52,63,13,2,0,26,2,57,2,64,38,23,0
SN,AH,nidana,474,48,61,14,2,0,26,2,57,1,63,38,22,0
SN,AH,nidana,475,48,61,14,2,0,26,2,57,1,63,38,22,0
SN,AH,nidana,476,47,62,15,2,0,30,2,56,1,61,37,23,0
SN,AH,nidana,477,47,63,14,2,0,30,2,56,1,63,37,21,0
SN,AH,nidana,478,45,64,14,2,0,32,2,55,2,65,36,21,0
SN,AH,nidana,479,44,65,14,2,0,33,2,55,2,65,36,20,0
SN,AH,nidana,480,44,63,12,1,0,32,2,54,2,66,36,17,1
SN,AH,nidana,481,43,64,12,1,0,32,2,54,2,66,36,17,1
SN,AH,nidana,482,43,63,12,1,0,30,2,54,2,65,37,18,1
SN,AH,nidana,483,43,63,12,1,0,29,2,54,2,67,37,17,1
SN,AH,nidana,484,43,64,11,1,0,27,2,54,2,69,37,17,1
SN,AH,nidana,485,41,64,11,1,0,29,2,54,2,70,37,16,1
SN,AH,nidana,486,41,65,11,1,0,30,2,54,2,68,37,16,1
SN,AH,nidana,487,42,65,10,1,0,30,2,54,2,68,37,16,1
SN,AH,nidana,488,42,65,11,1,0,30,2,55,2,66,37,16,1
SN,AH,nidana,489,41,65,11,1,0,31,2,55,2,65,37,17,1
SN,AH,nidana,490,44,66,11,1,0,30,2,55,2,63,37,16,1
SN,AH,nidana,491,45,68,11,1,0,30,2,53,2,62,37,16,1
SN,AH,nidana,492,44,68,13,1,0,33,2,52,2,62,36,16,1
SN,AH,nidana,493,44,69,12,1,0,34,2,51,2,62,36,16,1
SN,AH,nidana,494,45,69,12,1,0,33,2,52,2,61,36,16,1
SN,AH,nidana,495,44,67,14,1,0,33,2,52,2,62,36,16,1
SN,AH,nidana,496,44,65,15,1,0,34,2,51,2,63,36,16,1
SN,AH,nidana,497,43,63,15,1,0,34,1,52,2,65,37,16,1
SN,AH,nidana,498,42,65,17,1,0,33,1,53,3,63,37,14,1
SN,AH,nidana,499,42,65,17,1,0,32,1,53,3,63,37,15,1
SN,AH,nidana,500,41,67,18,1,1,33,1,55,3,62,36,15,1
SN,AH,nidana,501,42,67,19,1,1,35,2,54,3,60,35,14,1
SN,AH,nidana,502,42,66,19,1,1,33,3,54,4,59,35,15,1
SN,AH,nidana,503,41,67,19,1,1,33,3,53,6,58,34,17,1
SN,AH,nidana,504,40,66,18,1,1,32,3,55,6,56,35,18,1
SN,AH,nidana,505,41,66,18,1,1,31,3,56,6,55,35,18,1
SN,AH,nidana,506,41,66,19,1,1,30,3,55,6,56,35,18,1
SN,AH,nidana,507,40,67,18,1,1,29,3,55,6,58,35,18,1
SN,AH,nidana,508,40,67,18,1,1,29,3,55,6,57,35,19,1
SN,AH,nidana,509,39,67,19,1,1,29,3,54,6,58,35,19,1
SN,AH,nidana,510,39,66,19,1,1,29,3,54,6,59,35,19,1
SN,AH,nidana,511,40,65,19,1,1,29,3,54,6,59,35,19,1
SN,AH,nidana,512,43,62,17,1,1,28,3,53,6,59,36,20,1
SN,AH,nidana,513,44,63,17,1,1,28,3,52,6,58,36,20,1
SN,AH,nidana,514,43,62,17,1,1,30,3,52,6,59,36,19,1
SN,AH,nidana,515,43,64,17,1,1,30,3,51,6,58,36,19,1
SN,AH,nidana,516,43,64,17,1,1,31,3,52,6,57,36,18,1
SN,AH,nidana,517,42,63,17,1,1,31,3,52,6,59,36,18,1
SN,AH,nidana,518,39,63,17,1,1,31,4,53,5,57,36,20,1
SN,AH,nidana,519,40,64,16,1,1,31,5,53,5,56,35,20,1
SN,AH,nidana,520,39,64,17,1,1,30,5,53,5,56,35,21,1
SN,AH,nidana,521,39,63,16,1,1,30,5,53,5,59,35,20,1
SN,AH,nidana,522,40,63,16,1,1,30,4,51,5,60,36,20,1
SN,AH,nidana,523,40,62,16,1,1,30,4,52,5,60,36,20,1
SN,AH,nidana,524,40,63,16,1,1,30,4,52,6,58,36,20,1
SN,AH,nidana,525,40,63,16,1,1,31,4,52,6,57,36,20,1
SN,AH,nidana,526,41,62,15,1,1,29,4,53,6,57,37,19,1
SN,AH,nidana,527,41,62,15,1,1,30,4,53,6,55,37,20,1
SN,AH,nidana,528,41,61,15,1,1,29,4,54,5,53,38,21,1
SN,AH,nidana,529,40,61,15,1,1,28,4,54,5,54,38,22,1
SN,AH,nidana,530,37,59,16,1,1,29,4,54,5,52,39,22,0
SN,AH,nidana,531,38,60,16,1,1,29,4,54,5,51,39,21,0
SN,AH,nidana,532,39,60,16,1,1,30,5,54,5,50,38,20,0
SN,AH,nidana,533,39,61,16,1,1,31,5,54,5,48,38,20,0
SN,AH,nidana,534,39,61,17,2,1,32,5,54,5,47,38,21,0
SN,AH,nidana,535,40,62,17,2,1,30,5,54,5,48,38,20,0
SN,AH,nidana,536,40,61,17,2,1,29,5,54,5,49,38,21,0
SN,AH,nidana,537,39,61,17,2,1,29,5,55,5,48,38,22,0
SN,AH,nidana,538,39,61,16,2,1,31,5,54,5,48,38,22,0
SN,AH,nidana,539,39,61,16,2,1,31,5,54,5,50,38,20,0
SN,AH,nidana,540,38,62,16,2,1,32,5,54,5,52,37,20,0
SN,AH,nidana,541,38,60,16,2,1,32,5,54,5,54,37,20,0
SN,AH,nidana,542,37,59,14,2,1,30,6,55,5,55,37,21,0
SN,AH,nidana,543,37,57,15,2,1,29,7,55,5,56,36,22,0
SN,AH,nidana,544,37,59,15,2,1,29,7,55,5,57,35,22,0
SN,AH,nidana,545,37,60,14,2,1,28,7,55,5,57,35,23,0
SN,AH,nidana,546,36,60,14,2,1,28,7,55,5,57,35,24,0
SN,AH,nidana,547,36,61,14,2,1,29,7,54,5,56,35,24,0
SN,AH,nidana,548,36,59,12,2,1,29,7,55,4,57,36,24,0
SN,AH,nidana,549,34,59,12,2,1,30,7,56,4,57,36,24,0
SN,AH,nidana,550,35,57,11,2,0,29,7,54,4,58,37,24,0
SN,AH,nidana,551,34,58,10,2,0,28,6,55,4,58,38,25,0
SN,AH,nidana,552,32,58,11,2,0,28,5,58,3,58,39,23,0
SN,AH,nidana,553,32,60,11,2,0,27,5,59,1,58,40,21,0
SN,AH,nidana,554,33,60,11,2,0,27,5,58,1,59,40,20,0
SN,AH,nidana,555,31,63,11,2,0,27,5,58,1,58,40,20,0
SN,AH,nidana,556,33,61,10,2,0,28,5,58,1,57,40,21,0
SN,AH,nidana,557,32,60,10,2,0,28,5,59,1,58,40,21,0
SN,AH,nidana,558,32,60,10,2,0,29,5,59,1,58,40,20,0
SN,AH,nidana,559,33,60,10,2,0,30,5,60,1,56,40,19,0
SN,AH,nidana,560,34,59,10,2,0,30,5,61,1,55,40,19,0
SN,AH,nidana,561,34,58,10,2,0,30,5,62,1,54,40,20,0
SN,AH,nidana,562,32,60,10,2,0,30,5,63,1,54,40,19,0
SN,AH,nidana,563,32,59,10,2,0,29,5,63,1,56,40,19,0
SN,AH,nidana,564,30,60,10,1,0,28,5,64,1,53,41,18,0
SN,AH,nidana,565,29,59,10,1,0,29,5,64,1,53,41,19,0
SN,AH,nidana,566,29,59,10,1,0,29,5,64,1,53,41,19,0
SN,AH,nidana,567,30,59,10,1,0,28,5,64,1,52,41,20,0
SN,AH,nidana,568,33,58,10,1,0,27,4,65,1,52,42,18,0
SN,AH,nidana,569,32,57,10,1,0,27,3,65,1,53,43,19,0
SN,AH,nidana,570,32,57,9,1,0,27,4,66,1,54,42,18,0
SN,AH,nidana,571,33,57,9,1,0,29,4,66,1,51,42,18,0
SN,AH,nidana,572,33,57,9,1,0,29,4,67,1,50,42,18,0
SN,AH,nidana,573,32,58,9,1,0,29,4,66,1,50,42,19,0
SN,AH,nidana,574,33,60,8,1,0,29,4,65,0,50,42,19,0
SN,AH,nidana,575,32,59,8,1,0,29,4,65,0,51,42,20,0
SN,AH,nidana,576,31,60,8,1,0,27,4,65,0,52,42,21,0
SN,AH,nidana,577,34,59,8,1,0,26,4,65,0,52,42,20,0
SN,AH,nidana,578,34,60,8,2,0,25,4,65,0,56,41,21,0
SN,AH,nidana,579,34,59,8,2,0,25,4,65,0,57,41,21,0
SN,AH,nidana,580,36,58,7,2,0,23,4,66,0,57,41,22,0
SN,AH,nidana,581,34,59,7,2,0,23,4,67,0,57,41,22,0
SN,AH,nidana,582,35,59,7,2,0,23,3,67,0,56,42,22,0
SN,AH,nidana,583,35,58,8,2,0,22,3,68,0,55,42,23,0
SN,AH,nidana,584,36,55,7,1,0,21,3,69,0,54,43,22,0
SN,AH,nidana,585,35,54,8,1,0,21,3,70,0,53,43,23,0
SN,AH,nidana,586,35,55,8,1,0,23,3,70,0,53,42,23,0
SN,AH,nidana,587,37,54,8,1,0,24,3,69,0,53,42,22,0
SN,AH,nidana,588,38,54,9,1,0,22,3,69,0,53,42,22,0
SN,AH,nidana,589,39,54,10,1,0,22,3,70,0,50,42,22,0
SN,AH,nidana,590,37,53,10,1,0,21,3,71,0,50,43,22,0
SN,AH,nidana,591,36,53,10,1,0,22,3,72,0,48,43,23,0
SN,AH,nidana,592,36,53,10,1,0,21,2,73,0,49,44,22,0
SN,AH,nidana,593,38,54,9,1,0,21,1,73,0,47,45,22,0
SN,AH,nidana,594,36,53,11,1,0,21,1,73,0,45,46,22,0
SN,AH,nidana,595,37,53,10,1,0,21,1,73,0,46,46,21,0
SN,AH,nidana,596,38,55,9,1,0,21,1,73,0,47,45,21,0
SN,AH,nidana,597,37,56,9,1,0,21,1,73,0,47,45,21,0
SN,AH,nidana,598,37,58,9,1,0,22,1,72,0,45,45,21,0
SN,AH,nidana,599,38,58,9,1,0,21,1,71,0,46,45,21,0
SN,AH,nidana,600,37,57,10,1,0,21,1,71,0,46,45,22,0
SN,AH,nidana,601,39,57,10,1,0,20,1,71,0,45,45,22,0
SN,AH,nidana,602,39,58,9,1,0,21,1,68,0,46,45,23,0
SN,AH,nidana,603,40,55,10,1,0,21,1,67,0,47,45,24,0
SN,AH,nidana,604,39,54,10,1,0,22,1,68,0,47,45,24,0
SN,AH,nidana,605,41,52,10,1,0,22,1,67,0,48,45,24,0
SN,AH,nidana,606,40,53,10,1,0,22,1,67,0,49,45,23,0
SN,AH,nidana,607,41,54,10,1,0,22,1,67,0,47,45,23,0
SN,AH,nidana,608,41,54,10,1,0,22,1,67,0,46,45,24,0
SN,AH,nidana,609,41,56,9,1,0,21,1,67,0,46,45,24,0
SN,AH,nidana,610,41,57,9,1,0,21,2,66,0,46,44,24,0
SN,AH,nidana,611,41,59,9,1,0,22,3,65,0,45,43,23,0
SN,AH,nidana,612,40,57,9,1,0,23,4,65,0,46,42,24,0
SN,AH,nidana,613,40,56,12,1,0,23,4,64,0,44,41,25,0
SN,AH,nidana,614,41,54,12,1,0,22,5,63,0,46,40,26,0
SN,AH,nidana,615,42,54,12,1,0,21,6,64,0,46,39,25,0
SN,AH,nidana,616,43,51,12,1,0,19,6,64,0,47,40,25,0
SN,AH,nidana,617,43,51,13,1,0,21,6,64,0,45,40,24,0
SN,AH,nidana,618,41,51,14,1,0,21,6,63,0,47,40,24,0
SN,AH,nidana,619,42,52,14,1,0,21,6,63,0,46,40,23,0
SN,AH,nidana,620,42,52,14,1,0,22,5,62,0,45,41,24,0
SN,AH,nidana,621,42,52,14,1,0,20,5,62,0,46,41,25,0
SN,AH,nidana,622,41,52,15,1,0,20,5,61,0,47,41,25,0
SN,AH,nidana,623,41,51,15,1,0,23,5,61,0,46,41,24,0
SN,AH,nidana,624,40,49,16,1,0,23,5,62,0,46,41,25,0
SN,AH,nidana,625,40,50,16,1,0,22,5,62,0,47,41,24,0
SN,AH,nidana,626,40,50,16,1,0,23,5,63,0,46,41,23,0
SN,AH,nidana,627,38,50,16,1,0,23,5,63,0,48,41,23,0
SN,AH,nidana,628,39,48,16,0,0,23,5,63,0,45,42,22,0
SN,AH,nidana,629,39,49,16,0,0,24,5,64,0,43,42,21,0
SN,AH,nidana,630,37,50,16,0,0,25,5,63,0,44,42,21,0
SN,AH,nidana,631,37,48,16,0,0,26,5,62,0,45,42,22,0
SN,AH,nidana,632,37,48,16,0,0,25,5,62,0,46,42,22,0
SN,AH,nidana,633,39,47,15,0,0,26,5,61,0,47,42,21,0
SN,AH,nidana,634,39,46,15,0,0,27,5,61,0,46,42,22,0
SN,AH,nidana,635,39,48,14,0,0,28,5,60,0,46,42,21,0
SN,AH,nidana,636,40,50,15,0,0,27,5,59,0,45,42,20,0
SN,AH,nidana,637,38,50,15,0,0,27,5,59,0,46,42,21,0
SN,AH,nidana,638,38,51,14,0,0,28,5,60,0,47,41,21,0
SN,AH,nidana,639,37,53,13,0,0,27,5,59,0,49,41,21,0
SN,AH,nidana,640,38,56,14,0,0,28,5,58,0,47,40,21,0
SN,AH,nidana,641,38,56,14,0,0,27,5,57,0,49,40,21,0
SN,AH,nidana,642,39,55,14,0,0,27,5,58,0,48,40,21,0
SN,AH,nidana,643,37,55,14,0,0,27,5,59,0,49,40,21,0
SN,AH,nidana,644,38,57,12,0,0,28,5,59,0,50,39,21,0
SN,AH,nidana,645,38,57,12,0,0,28,5,59,0,50,39,21,0
SN,AH,nidana,646,37,56,12,0,0,27,5,59,0,50,40,21,0
SN,AH,nidana,647,39,55,12,0,0,27,5,58,0,50,40,21,0
SN,AH,nidana,648,41,52,13,0,0,27,5,57,0,54,39,21,0
SN,AH,nidana,649,40,53,13,0,0,28,5,57,0,54,39,20,0
SN,AH,nidana,650,39,53,13,0,0,28,6,57,0,55,38,20,0
SN,AH,nidana,651,37,54,13,0,0,29,6,58,0,55,38,19,0
SN,AH,nidana,652,37,54,14,0,0,28,6,58,0,56,38,18,0
SN,AH,nidana,653,37,54,13,0,0,28,6,58,0,58,38,17,0
SN,AH,nidana,654,37,53,14,0,0,29,6,57,0,58,38,17,0
SN,AH,nidana,655,35,53,14,0,0,29,6,57,0,60,38,17,0
SN,AH,nidana,656,36,53,14,0,0,29,6,57,0,59,38,17,0
SN,AH,nidana,657,35,52,14,0,0,30,6,56,0,59,38,19,0
SN,AH,nidana,658,35,51,14,0,0,30,6,56,0,60,38,19,0
SN,AH,nidana,659,35,49,16,0,0,30,6,55,0,61,38,19,0
SN,AH,nidana,660,35,48,16,0,0,32,5,55,0,60,39,19,0
SN,AH,nidana,661,34,46,16,0,0,31,4,55,0,63,40,20,0
SN,AH,nidana,662,34,47,16,0,0,30,3,56,0,63,41,19,0
SN,AH,nidana,663,35,47,13,0,0,30,3,58,0,64,42,18,0
SN,AH,nidana,664,37,47,13,0,0,31,2,58,0,62,43,17,0
SN,AH,nidana,665,38,46,13,0,0,31,1,57,0,63,44,17,0
SN,AH,nidana,666,37,46,13,0,0,31,1,58,0,63,44,17,0
SN,AH,nidana,667,36,46,12,0,0,29,1,58,0,66,44,18,0
SN,AH,nidana,668,35,48,11,0,0,30,1,58,0,65,44,18,0
SN,AH,nidana,669,34,47,11,0,0,30,1,58,0,67,44,18,0
SN,AH,nidana,670,34,47,11,0,0,30,1,59,0,67,44,17,0
SN,AH,nidana,671,34,48,11,0,0,30,1,59,0,67,44,16,0
SN,AH,nidana,672,38,48,10,1,0,32,1,58,0,68,43,16,0
SN,AH,nidana,673,38,50,9,1,0,29,1,58,0,70,43,16,0
SN,AH,nidana,674,39,51,8,1,0,30,1,57,0,70,43,15,0
SN,AH,nidana,675,40,50,8,1,0,30,2,58,0,68,42,16,0
SN,AH,nidana,676,43,51,8,2,0,29,2,57,0,69,41,18,0
SN,AH,nidana,677,42,51,9,2,0,30,2,57,0,68,41,18,0
SN,AH,nidana,678,40,52,9,2,0,31,2,57,0,68,41,18,0
SN,AH,nidana,679,41,51,9,2,0,32,2,56,0,68,41,18,0
SN,AH,nidana,680,42,50,9,2,0,31,2,56,0,69,41,18,0
SN,AH,nidana,681,42,49,9,2,0,30,2,55,0,68,41,17,0
SN,AH,nidana,682,40,50,10,2,0,30,2,55,0,68,41,17,0
SN,AH,nidana,683,38,50,10,2,0,29,2,54,0,67,40,17,0
SN,AH,nidana,684,37,50,10,2,0,28,2,54,0,69,40,17,0
SN,AH,nidana,685,37,48,10,2,0,27,2,53,0,68,40,17,0
SN,AH,nidana,686,36,45,11,2,0,26,2,54,0,67,41,18,0
SN,AH,nidana,687,37,47,12,2,0,25,2,54,0,65,41,17,0
SN,AH,nidana,688,36,47,12,2,0,24,2,55,0,63,42,17,0
SN,AH,nidana,689,37,46,12,2,0,25,2,54,0,63,42,17,0
SN,AH,nidana,690,36,43,11,2,0,24,2,54,0,66,43,17,0
SN,AH,nidana,691,37,45,11,2,0,24,2,54,0,64,43,16,0
SN,AH,nidana,692,36,47,11,2,0,24,2,52,0,64,43,17,0
SN,AH,nidana,693,36,48,11,2,0,24,2,51,0,65,43,16,0
SN,AH,nidana,694,35,46,11,2,0,23,2,52,0,65,44,16,0
SN,AH,nidana,695,34,46,11,2,0,24,2,52,0,64,44,17,0
SN,AH,nidana,696,34,46,12,2,0,25,2,52,0,63,44,16,0
SN,AH,nidana,697,34,45,12,2,0,24,2,54,0,63,44,16,0
SN,AH,nidana,698,34,46,11,2,0,23,2,55,0,60,45,16,0
SN,AH,nidana,699,36,46,11,2,0,22,2,55,0,59,45,16,0
SN,AH,nidana,700,36,47,11,2,0,22,1,55,0,59,46,15,0
SN,AH,nidana,701,37,46,11,2,0,22,1,54,0,60,46,15,0
SN,AH,nidana,702,38,46,11,2,0,22,1,54,0,61,45,16,0
SN,AH,nidana,703,39,46,11,2,0,22,1,55,0,59,45,16,0
SN,AH,nidana,704,40,47,10,2,0,24,1,54,0,59,44,17,0
SN,AH,nidana,705,40,47,10,2,0,24,1,54,0,59,44,17,0
SN,AH,nidana,706,39,48,10,2,0,23,1,54,0,60,44,17,0
SN,AH,nidana,707,40,49,10,2,0,22,1,55,0,60,44,15,0
SN,AH,nidana,708,41,49,11,2,0,21,1,56,0,59,44,14,0
SN,AH,nidana,709,40,50,9,2,0,22,2,56,0,60,43,14,0
SN,AH,nidana,710,40,50,9,2,0,20,2,57,0,61,43,14,0
SN,AH,nidana,711,41,51,9,2,0,20,2,57,0,60,43,13,0
SN,AH,nidana,712,43,53,9,2,0,21,2,55,1,59,42,13,0
SN,AH,nidana,713,42,54,9,2,0,22,2,54,1,58,42,14,0
SN,AH,nidana,714,41,55,9,2,0,21,2,54,1,59,42,14,0
SN,AH,nidana,715,40,55,9,2,0,21,2,55,1,58,42,15,0
SN,AH,nidana,716,40,55,10,2,0,23,2,54,1,56,42,15,0
SN,AH,nidana,717,41,57,10,2,0,24,2,54,1,53,42,14,0
SN,AH,nidana,718,42,57,10,2,0,23,2,53,1,53,42,15,0
SN,AH,nidana,719,42,59,11,2,0,22,2,53,1,51,42,15,0
SN,AH,nidana,720,43,59,11,2,0,21,2,52,1,52,42,15,0
SN,AH,nidana,721,42,59,11,2,0,21,2,52,1,52,42,16,0
SN,AH,nidana,722,39,59,11,1,0,19,2,53,1,50,43,17,0
SN,AH,nidana,723,40,57,11,1,0,20,2,54,1,48,43,18,0
SN,AH,nidana,724,39,57,11,1,0,19,2,54,1,50,43,18,0
SN,AH,nidana,725,39,58,11,1,0,19,1,53,1,51,44,17,0
SN,AH,nidana,726,37,55,11,0,0,19,1,53,1,53,45,15,0
SN,AH,nidana,727,37,55,10,0,0,19,2,54,1,53,44,15,0
SN,AH,nidana,728,37,57,10,0,0,18,2,54,1,53,44,14,0
SN,AH,nidana,729,36,58,10,0,0,17,2,54,1,53,44,15,0
SN,AH,nidana,730,36,59,11,0,0,17,2,55,1,51,44,14,0
SN,AH,nidana,731,38,61,11,0,0,18,2,55,1,51,44,14,0
SN,AH,nidana,732,40,60,11,0,0,18,2,54,1,51,44,14,0
SN,AH,nidana,733,41,62,11,0,0,18,2,55,1,52,45,14,0
SN,AH,nidana,734,40,63,11,0,0,18,2,55,1,52,45,14,0
SN,AH,nidana,735,42,63,11,0,0,18,2,56,1,53,45,15,0
SN,AH,nidana,736,44,64,10,0,0,18,2,55,2,54,44,15,0
SN,AH,nidana,737,43,63,10,0,0,18,2,55,2,55,44,16,0
SN,AH,nidana,738,44,61,10,0,0,18,2,52,2,57,44,18,0
SN,AH,nidana,739,43,60,11,0,0,18,2,54,2,56,44,18,0
SN,AH,nidana,740,45,59,11,0,0,19,2,54,2,54,44,18,0
SN,AH,nidana,741,46,57,11,0,0,20,2,54,2,54,44,18,0
SN,AH,nidana,742,47,56,11,0,0,20,2,54,2,54,44,18,0
SN,AH,nidana,743,47,54,11,0,0,20,2,54,2,56,44,18,0
SN,AH,nidana,744,48,55,12,0,0,21,2,52,2,58,43,17,0
SN,AH,nidana,745,48,56,13,0,0,20,2,52,2,58,43,16,0
SN,AH,nidana,746,51,58,13,0,0,23,2,51,2,60,42,18,0
SN,AH,nidana,747,49,60,13,0,0,23,2,50,2,61,42,18,0
SN,AH,nidana,748,48,61,13,0,0,24,2,49,2,61,42,18,0
SN,AH,nidana,749,48,60,13,0,0,25,2,49,2,61,42,18,0
SN,AH,nidana,750,50,60,12,0,0,26,2,48,2,60,42,18,0
SN,AH,nidana,751,50,60,12,0,0,25,2,48,2,60,42,19,0
SN,AH,nidana,752,49,61,12,0,0,29,2,47,2,58,42,18,0
SN,AH,nidana,753,48,62,12,0,0,30,2,45,2,59,42,18,0
SN,AH,nidana,754,47,63,12,0,0,27,2,46,2,59,43,17,0
SN,AH,nidana,755,47,63,12,0,0,29,2,46,2,57,43,17,0
SN,AH,nidana,756,49,62,12,0,0,29,2,45,2,57,43,17,0
SN,AH,nidana,757,49,62,12,0,0,30,2,44,2,57,43,17,0
SN,AH,nidana,758,48,63,11,0,0,30,2,43,2,59,43,17,0
SN,AH,nidana,759,51,63,11,0,0,30,1,42,2,57,44,17,0
SN,AH,nidana,760,52,62,11,0,0,31,1,41,2,57,44,17,0
SN,AH,nidana,761,51,62,11,0,0,31,1,41,2,58,44,17,0
SN,AH,nidana,762,49,61,11,0,0,32,1,42,1,57,45,17,0
SN,AH,nidana,763,49,61,11,0,0,32,1,42,1,58,45,16,0
SN,AH,nidana,764,47,60,11,0,0,32,1,42,1,59,45,18,0
SN,AH,nidana,765,46,60,11,0,0,32,1,42,1,61,45,17,0
SN,AH,nidana,766,45,61,10,0,0,31,1,43,1,62,45,17,0
SN,AH,nidana,767,45,60,10,0,0,30,1,43,1,64,45,17,0
SN,AH,nidana,768,44,60,10,0,0,30,1,44,1,65,45,16,0
SN,AH,nidana,769,45,57,10,0,0,30,1,45,1,65,45,17,0
SN,AH,nidana,770,44,57,11,0,0,30,1,45,1,63,45,19,0
SN,AH,nidana,771,43,56,12,0,0,30,1,47,1,63,45,18,0
SN,AH,nidana,772,42,55,13,0,0,30,1,48,1,64,45,17,0
SN,AH,nidana,773,41,57,13,0,0,30,1,47,1,65,45,16,0
SN,AH,nidana,774,42,59,13,0,0,32,1,46,1,64,44,16,0
SN,AH,nidana,775,41,59,13,0,0,32,1,47,1,64,44,16,0
SN,AH,nidana,776,40,60,13,0,0,32,1,47,1,63,44,17,0
SN,AH,nidana,777,40,59,15,0,0,32,1,47,1,62,44,17,0
SN,AH,nidana,778,42,57,15,0,0,32,1,47,1,62,44,17,0
SN,AH,nidana,779,43,58,15,0,0,31,1,47,1,62,44,16,0
SN,AH,nidana,780,43,58,14,0,0,36,1,45,1,62,43,17,0
SN,AH,nidana,781,43,56,14,0,0,35,1,46,1,63,43,18,0
SN,AH,nidana,782,43,56,13,0,0,35,1,47,1,62,43,19,0
SN,AH,nidana,783,44,55,13,0,0,36,1,47,1,61,43,19,0
SN,AH,nidana,784,46,54,13,0,0,38,2,47,1,59,42,18,0
SN,AH,nidana,785,45,55,13,0,0,39,2,47,1,59,42,17,0
SN,AH,nidana,786,44,54,12,0,0,39,2,49,0,59,43,16,0
SN,AH,nidana,787,44,54,11,0,0,40,3,49,0,60,42,15,0
SN,AH,nidana,788,45,56,12,0,0,42,3,49,0,58,41,14,0
SN,AH,nidana,789,45,57,12,0,0,41,3,50,0,57,41,14,0
SN,AH,nidana,790,44,59,12,0,0,41,3,50,0,60,40,15,1
SN,AH,nidana,791,42,59,12,0,0,40,3,50,0,62,40,16,1
SN,AH,nidana,792,41,59,12,0,0,40,3,50,0,63,40,16,1
SN,AH,nidana,793,41,61,12,0,0,41,3,50,0,60,40,16,1
SN,AH,nidana,794,42,59,11,0,0,40,3,52,0,58,41,16,1
SN,AH,nidana,795,43,59,10,0,0,40,3,52,0,58,41,16,1
SN,AH,nidana,796,40,56,10,0,0,37,3,53,0,57,42,14,1
SN,AH,nidana,797,41,55,10,0,0,38,3,53,0,56,42,14,1
SN,AH,nidana,798,40,54,10,0,0,38,3,54,0,57,42,14,1
SN,AH,nidana,799,39,54,10,0,0,37,3,54,0,58,42,15,1
SN,AH,nidana,800,39,54,11,0,0,38,3,55,0,58,41,15,1
SN,AH,nidana,801,38,53,12,0,0,39,3,56,0,57,41,15,1
SN,AH,nidana,802,38,52,12,0,0,37,3,56,1,58,41,16,1
SN,AH,nidana,803,37,54,12,0,0,37,3,57,1,56,41,16,1
SN,AH,nidana,804,39,54,13,0,0,38,3,56,1,55,40,17,1
SN,AH,nidana,805,39,54,14,0,0,36,3,56,1,56,40,17,1
SN,AH,nidana,806,37,54,14,0,0,36,4,57,1,56,39,18,1
SN,AH,nidana,807,38,53,14,0,0,35,4,57,1,56,39,19,1
SN,AH,nidana,808,38,52,14,0,0,35,4,57,1,56,39,20,1
SN,AH,nidana,809,36,52,14,0,0,34,4,59,1,57,39,20,1
SN,AH,nidana,810,34,53,15,0,0,33,4,59,1,57,39,21,1
SN,AH,nidana,811,34,53,15,0,0,33,4,59,1,57,39,21,1
SN,AH,nidana,812,34,54,15,0,0,31,4,60,1,57,39,21,1
SN,AH,nidana,813,33,54,15,0,0,30,4,60,1,59,39,21,1
SN,AH,nidana,814,34,57,17,0,0,30,4,60,1,57,38,20,1
SN,AH,nidana,815,35,56,17,0,0,31,4,61,1,55,38,20,1
SN,AH,nidana,816,36,57,18,0,0,32,4,59,2,54,37,21,1
SN,AH,nidana,817,35,57,18,0,0,32,5,60,2,53,36,22,1
SN,AH,nidana,818,38,55,18,0,0,32,5,60,2,52,36,22,1
SN,AH,nidana,819,38,56,17,0,0,33,5,60,2,52,36,21,1
SN,AH,nidana,820,40,56,16,0,0,33,5,60,2,52,36,20,1
SN,AH,nidana,821,41,56,15,0,0,34,5,58,2,52,36,21,1
SN,AH,nidana,822,43,56,14,0,0,35,5,57,2,51,36,21,1
SN,AH,nidana,823,43,54,15,0,0,36,5,57,2,51,36,21,1
SN,AH,nidana,824,42,52,16,0,0,35,5,59,2,52,36,21,1
SN,AH,nidana,825,43,50,16,0,0,35,5,59,2,51,36,23,1
SN,AH,nidana,826,44,49,16,0,0,36,5,59,2,50,36,23,1
SN,AH,nidana,827,44,52,14,0,0,36,4,58,2,50,37,23,1
SN,AH,nidana,828,44,53,14,0,0,36,4,58,2,49,37,23,1
SN,AH,nidana,829,43,52,14,0,0,37,4,58,2,50,37,23,1
SN,AH,nidana,830,42,53,15,0,0,32,4,60,2,50,38,22,1
SN,AH,nidana,831,40,54,17,0,0,32,4,60,2,49,38,22,1
SN,AH,nidana,832,39,58,19,0,0,33,4,62,3,49,38,21,1
SN,AH,nidana,833,38,60,19,0,0,32,4,62,3,49,38,21,1
SN,AH,nidana,834,36,62,19,0,0,30,3,63,3,49,39,22,1
SN,AH,nidana,835,35,62,19,0,0,30,3,63,3,50,39,22,1
SN,AH,nidana,836,34,62,19,0,0,30,3,62,3,51,39,23,1
SN,AH,nidana,837,34,61,19,0,0,29,2,61,3,49,40,23,1
SN,AH,nidana,838,32,59,18,0,0,28,2,62,3,51,41,23,1
SN,AH,nidana,839,32,58,17,0,0,28,2,59,3,51,40,23,1
SN,AH,nidana,840,33,57,17,0,0,27,2,59,3,48,41,22,0
SN,AH,nidana,841,33,57,17,0,0,27,2,58,3,45,41,21,0
SN,AH,nidana,842,34,56,17,0,0,27,2,58,3,46,41,20,0
SN,AH,nidana,843,35,55,17,0,0,27,2,58,3,46,41,20,0
SN,AH,nidana,844,35,57,17,0,1,30,2,58,3,47,40,21,0
SN,AH,nidana,845,37,57,18,0,1,30,2,58,3,46,40,21,0
SN,AH,nidana,846,39,59,18,0,1,30,2,58,3,47,39,22,0
SN,AH,nidana,847,39,60,19,0,1,29,3,59,3,47,38,22,0
SN,AH,nidana,848,42,61,20,0,1,28,3,59,3,45,38,22,0
SN,AH,nidana,849,43,63,21,0,1,28,3,59,3,44,38,21,0
SN,AH,nidana,850,44,65,21,0,1,28,3,59,3,43,38,22,0
SN,AH,nidana,851,46,67,21,0,1,27,3,58,3,44,38,21,0
SN,AH,nidana,852,49,67,21,0,1,26,3,60,2,43,38,20,0
SN,AH,nidana,853,49,66,21,0,1,25,3,60,2,45,38,20,0
SN,AH,nidana,854,47,65,20,0,1,24,3,61,2,47,39,19,0
SN,AH,nidana,855,48,64,19,0,1,25,3,61,2,47,39,19,0
SN,AH,nidana,856,48,67,19,0,1,26,2,60,2,48,39,18,0
SN,AH,nidana,857,47,67,20,0,1,28,3,60,2,47,38,17,0
SN,AH,nidana,858,48,67,20,0,1,28,3,61,2,46,38,16,0
SN,AH,nidana,859,47,67,21,0,1,29,3,60,2,46,38,16,0
SN,AH,nidana,860,48,67,20,0,1,30,3,60,2,46,38,15,0
SN,AH,nidana,861,48,67,20,0,1,31,3,60,2,44,38,16,0
SN,AH,nidana,862,49,66,20,0,1,31,3,59,2,45,38,16,0
SN,AH,nidana,863,50,67,21,0,1,31,3,59,2,42,38,16,0
SN,AH,nidana,864,52,66,20,0,1,32,3,58,2,43,38,15,0
SN,AH,nidana,865,52,68,20,0,1,31,3,56,2,44,38,15,0
SN,AH,nidana,866,51,68,19,0,1,29,3,57,1,46,39,14,0
SN,AH,nidana,867,53,69,19,0,1,29,2,56,1,45,40,13,0
SN,AH,nidana,868,50,70,19,0,1,30,2,56,1,45,40,14,0
SN,AH,nidana,869,50,69,20,0,1,30,2,55,1,46,40,14,0
SN,AH,nidana,870,49,71,21,0,1,32,2,54,1,47,39,13,0
SN,AH,nidana,871,49,73,21,0,1,31,2,54,1,47,39,12,0
SN,AH,nidana,872,48,73,21,0,1,30,2,54,1,48,39,13,0
SN,AH,nidana,873,50,74,20,0,1,29,2,53,1,48,39,13,0
SN,AH,nidana,874,52,73,19,0,1,31,2,51,1,48,39,13,0
SN,AH,nidana,875,52,73,19,0,1,31,2,50,1,50,39,12,0
SN,AH,nidana,876,51,74,19,0,1,30,3,50,1,52,38,11,0
SN,AH,nidana,877,52,71,19,0,1,29,3,50,1,54,38,12,0
SN,AH,nidana,878,50,69,19,0,1,29,4,51,1,57,37,12,0
SN,AH,nidana,879,51,67,19,0,1,30,4,51,1,56,37,13,0
SN,AH,nidana,880,51,67,18,0,1,30,5,50,1,58,36,13,0
SN,AH,nidana,881,53,66,16,0,1,31,5,51,1,58,36,12,0
SN,AH,nidana,882,53,63,14,0,1,30,5,50,0,58,36,12,0
SN,AH,nidana,883,54,61,14,0,1,30,5,49,0,59,36,13,0
SN,AH,nidana,884,54,60,14,0,1,30,5,49,0,61,36,12,0
SN,AH,nidana,885,54,60,14,0,1,30,5,49,0,61,36,12,0
SN,AH,nidana,886,57,61,14,0,1,32,5,48,0,59,35,12,0
SN,AH,nidana,887,59,62,14,0,1,32,5,48,0,61,35,12,0
SN,AH,nidana,888,59,63,14,0,1,31,5,48,0,62,35,11,0
SN,AH,nidana,889,59,63,15,0,1,32,5,50,0,63,36,11,0
SN,AH,nidana,890,57,63,15,0,1,32,5,51,0,64,36,11,0
SN,AH,nidana,891,57,63,15,0,1,32,5,54,0,66,36,11,0
SN,AH,nidana,892,57,64,15,0,1,32,5,54,0,65,36,11,0
SN,AH,nidana,893,56,63,15,0,1,31,5,55,0,66,36,12,0
SN,AH,nidana,894,56,62,16,1,0,30,5,53,0,66,36,13,0
SN,AH,nidana,895,54,60,16,1,0,30,5,54,0,66,36,14,0
SN,AH,nidana,896,54,58,15,1,0,29,5,54,0,65,37,13,0
SN,AH,nidana,897,55,56,14,1,0,31,4,53,0,64,38,13,0
SN,AH,nidana,898,52,55,13,1,0,31,4,53,0,66,38,14,0
SN,AH,nidana,899,50,53,12,1,0,31,4,53,0,68,38,15,0
SN,AH,nidana,900,48,51,11,1,0,30,4,53,0,69,39,14,0
SN,AH,nidana,901,46,51,10,1,0,31,4,53,0,69,39,14,0
SN,AH,nidana,902,43,53,11,1,0,32,4,51,0,69,39,14,0
SN,AH,nidana,903,43,53,11,1,0,32,4,52,0,67,39,15,0
SN,AH,nidana,904,44,52,12,1,0,32,4,52,0,66,39,15,0
SN,AH,nidana,905,43,54,13,1,0,31,4,53,0,64,39,15,0
SN,AH,nidana,906,42,51,13,1,0,32,4,54,0,63,40,15,0
SN,AH,nidana,907,41,52,13,1,0,31,3,54,0,63,41,16,0
SN,AH,nidana,908,41,52,13,1,0,31,3,53,0,63,41,17,0
SN,AH,nidana,909,42,51,12,1,0,31,3,53,0,62,41,19,0
SN,AH,nidana,910,42,52,13,1,0,31,3,52,0,62,40,21,0
SN,AH,nidana,911,42,51,13,1,0,30,3,51,0,61,40,20,0
SN,AH,nidana,912,42,51,14,1,0,30,3,52,0,61,40,20,0
SN,AH,nidana,913,41,49,13,1,0,30,3,51,0,61,39,20,0
SN,AH,nidana,914,39,49,13,1,0,29,3,53,0,61,40,20,0
SN,AH,nidana,915,38,47,13,1,0,29,3,52,0,60,40,20,0
SN,AH,nidana,916,38,47,13,1,0,29,3,53,0,59,40,20,0
SN,AH,nidana,917,36,45,15,1,1,29,3,52,0,59,39,22,0
SN,AH,nidana,918,36,45,16,1,1,29,3,53,0,58,39,21,0
SN,AH,nidana,919,37,46,15,1,1,28,3,53,0,58,39,21,0
SN,AH,nidana,920,36,45,14,1,1,26,3,54,0,58,40,22,0
SN,AH,nidana,921,36,43,14,1,1,28,3,54,0,57,40,23,0
SN,AH,nidana,922,36,46,14,1,1,28,3,54,0,55,40,22,0
SN,AH,nidana,923,34,47,14,1,1,27,3,56,0,54,40,23,0
SN,AH,nidana,924,32,47,15,1,1,27,3,56,0,54,40,24,0
SN,AH,nidana,925,32,49,15,1,1,27,4,56,0,53,39,23,0
SN,AH,nidana,926,32,49,15,1,1,28,3,56,0,52,40,23,0
SN,AH,nidana,927,31,49,16,1,1,29,3,56,0,51,40,23,0
SN,AH,nidana,928,33,49,16,1,1,29,2,56,0,49,41,23,0
SN,AH,nidana,929,33,50,16,1,1,27,2,56,0,51,41,22,0
SN,AH,nidana,930,33,49,16,1,1,28,1,56,0,51,42,22,0
SN,AH,nidana,931,32,49,16,1,1,28,1,55,0,53,42,22,0
SN,AH,nidana,932,31,50,17,1,1,30,1,54,0,54,41,22,0
SN,AH,nidana,933,31,50,17,1,1,30,1,54,0,55,41,21,0
SN,AH,nidana,934,32,50,17,1,1,32,1,53,0,53,41,21,0
SN,AH,nidana,935,33,52,17,1,1,31,1,53,0,51,41,21,0
SN,AH,nidana,936,30,53,17,1,1,30,1,54,0,51,42,20,0
SN,AH,nidana,937,29,53,17,1,1,30,1,55,0,51,42,20,0
SN,AH,nidana,938,30,53,17,1,1,31,1,55,0,49,42,20,0
SN,AH,nidana,939,30,54,17,1,1,30,1,54,0,50,42,20,0
SN,AH,nidana,940,32,54,17,1,1,30,2,53,0,49,41,20,0
SN,AH,nidana,941,32,54,17,1,1,31,2,51,0,48,41,22,0
SN,AH,nidana,942,32,53,18,1,1,31,2,52,0,46,41,23,0
SN,AH,nidana,943,32,54,18,1,1,31,2,51,0,47,41,22,0
SN,AH,nidana,944,30,54,17,0,1,29,2,52,0,48,42,20,0
SN,AH,nidana,945,30,56,16,0,1,29,3,51,0,49,41,19,0
SN,AH,nidana,946,29,56,16,0,1,30,3,53,0,47,41,19,0
SN,AH,nidana,947,28,59,16,0,1,29,3,52,0,47,41,19,0
SN,AH,nidana,948,30,58,16,0,1,29,3,53,0,46,41,18,0
SN,AH,nidana,949,30,59,16,0,1,30,3,53,0,45,41,17,0
SN,AH,nidana,950,30,58,16,0,1,29,3,53,0,47,41,17,0
SN,AH,nidana,951,30,58,16,0,1,29,3,53,0,47,41,17,0
SN,AH,nidana,952,31,56,14,0,1,27,3,54,0,48,42,17,0
SN,AH,nidana,953,32,54,14,0,1,29,3,53,0,48,42,17,0
SN,AH,nidana,954,31,56,13,0,1,28,3,53,0,49,42,17,0
SN,AH,nidana,955,32,55,12,0,1,29,3,52,0,49,42,18,0
SN,AH,nidana,956,33,56,12,0,1,27,4,52,0,49,41,18,0
SN,AH,nidana,957,34,57,11,0,1,27,4,52,0,49,41,17,0
SN,AH,nidana,958,33,57,11,0,1,27,4,54,0,49,41,16,0
SN,AH,nidana,959,32,58,11,0,1,27,4,54,0,50,41,15,0
SN,AH,nidana,960,32,57,10,0,1,27,4,55,0,50,42,13,0
SN,AH,nidana,961,34,57,11,0,1,28,4,55,0,51,42,13,0
SN,AH,nidana,962,34,57,10,0,1,28,4,54,0,51,42,13,0
SN,AH,nidana,963,35,58,11,0,1,29,4,55,0,51,43,13,0
SN,AH,nidana,964,37,57,10,1,1,31,4,54,0,52,42,14,0
SN,AH,nidana,965,37,58,10,1,1,32,4,56,0,53,42,14,0
SN,AH,nidana,966,37,57,11,1,1,32,4,56,0,53,42,14,0
SN,AH,nidana,967,38,57,10,1,0,34,4,57,0,53,43,12,0
SN,AH,nidana,968,38,57,9,1,0,34,4,56,0,55,43,12,0
SN,AH,nidana,969,36,56,9,1,0,36,4,56,0,55,43,13,0
SN,AH,nidana,970,36,56,9,1,0,37,4,56,0,55,43,12,0
SN,AH,nidana,971,35,57,9,1,0,35,4,56,0,57,43,12,0
SN,AH,nidana,972,34,58,10,1,0,36,4,56,0,58,42,12,0
SN,AH,nidana,973,35,56,11,1,0,36,4,55,0,59,42,12,0
SN,AH,nidana,974,37,55,10,1,0,34,4,56,0,58,43,11,0
SN,AH,nidana,975,36,55,10,1,0,34,3,56,0,59,44,11,0
SN,AH,nidana,976,36,55,10,1,0,34,3,56,0,59,44,11,0
SN,AH,nidana,977,38,55,9,1,0,33,3,55,0,61,44,10,0
SN,AH,nidana,978,37,58,10,1,0,34,3,53,0,62,43,10,0
SN,AH,nidana,979,38,57,10,1,0,34,3,54,0,61,43,10,0
SN,AH,nidana,980,40,59,11,1,0,33,4,54,0,59,42,10,0
SN,AH,nidana,981,39,61,12,1,0,32,4,54,0,60,42,10,0
SN,AH,nidana,982,39,58,14,1,0,31,4,54,0,63,42,10,0
SN,AH,nidana,983,38,57,14,1,0,32,4,55,0,62,42,11,0
SN,AH,nidana,984,37,57,14,1,0,31,4,55,0,64,42,11,0
SN,AH,nidana,985,37,55,14,1,0,31,4,55,0,66,42,11,0
SN,AH,nidana,986,39,52,14,1,0,32,4,55,0,66,42,11,0
SN,AH,nidana,987,38,52,14,1,0,34,4,55,0,65,42,11,0
SN,AH,nidana,988,37,52,14,1,0,33,4,56,0,66,42,11,0
SN,AH,nidana,989,38,53,13,1,0,33,4,56,0,65,42,11,0
SN,AH,nidana,990,38,52,13,1,0,35,3,56,0,64,43,11,0
SN,AH,nidana,991,39,53,13,1,0,35,3,56,0,64,43,9,0
SN,AH,nidana,992,38,54,14,1,0,38,3,54,0,65,42,9,0
SN,AH,nidana,993,39,54,14,1,0,38,3,54,0,63,42,10,0
SN,AH,nidana,994,40,55,14,1,0,38,3,54,0,61,42,10,0
SN,AH,nidana,995,41,53,14,1,0,39,3,54,0,61,42,10,0
SN,AH,nidana,996,42,54,17,1,0,39,3,51,0,62,41,10,0
SN,AH,nidana,997,43,51,17,1,0,39,3,53,0,62,41,10,0
SN,AH,nidana,998,42,51,18,1,0,40,3,52,0,62,41,10,0
SN,AH,nidana,999,44,50,18,1,0,39,3,53,0,61,41,10,0
SN,AH,nidana,1000,44,51,19,1,0,39,3,54,0,58,41,10,0
SN,AH,nidana,1001,44,51,19,1,0,38,4,54,0,59,40,10,0
SN,AH,nidana,1002,43,53,19,1,0,38,4,55,0,57,40,10,0
SN,AH,nidana,1003,43,54,19,1,0,37,4,54,0,59,40,9,0
SN,AH,nidana,1004,43,55,20,1,0,40,4,53,0,57,39,10,0
SN,AH,nidana,1005,42,56,20,1,0,40,5,53,0,58,38,9,0
SN,AH,nidana,1006,41,55,21,1,0,42,4,53,0,57,39,9,0
SN,AH,nidana,1007,41,55,21,1,0,41,4,54,0,57,39,9,0
SN,AH,nidana,1008,44,54,21,1,0,41,4,51,0,58,39,9,0
SN,AH,nidana,1009,45,53,21,1,0,40,4,54,0,57,39,8,0
SN,AH,nidana,1010,45,52,24,1,0,41,4,53,0,56,38,10,0
SN,AH,nidana,1011,44,52,23,1,0,41,4,54,0,56,38,11,0
SN,AH,nidana,1012,45,51,23,1,0,41,4,54,0,56,38,11,0
SN,AH,nidana,1013,45,50,22,1,0,41,4,54,0,58,38,11,0
SN,AH,nidana,1014,42,50,22,0,0,39,4,54,0,58,39,11,0
SN,AH,nidana,1015,43,49,22,0,0,39,4,53,0,58,39,12,0
SN,AH,nidana,1016,44,51,21,0,0,39,4,51,2,59,38,12,0
SN,AH,nidana,1017,44,53,20,0,0,38,4,50,2,60,38,12,0
SN,AH,nidana,1018,47,53,20,0,0,38,4,51,2,58,37,13,0
SN,AH,nidana,1019,47,53,21,0,0,37,4,52,2,58,37,12,0
SN,AH,nidana,1020,48,53,22,0,0,37,4,51,2,58,36,14,0
SN,AH,nidana,1021,48,53,23,0,0,37,4,51,2,57,36,14,0
SN,AH,nidana,1022,48,49,22,0,0,37,4,51,2,58,37,15,0
SN,AH,nidana,1023,49,49,21,0,0,39,4,51,2,57,37,14,0
SN,AH,nidana,1024,47,50,22,0,0,40,4,51,2,56,37,14,0
SN,AH,nidana,1025,48,49,22,0,0,41,4,51,2,55,37,14,0
SN,AH,nidana,1026,49,52,22,0,0,41,4,51,3,53,36,14,0
SN,AH,nidana,1027,48,54,22,0,0,41,4,52,3,51,36,14,0
SN,AH,nidana,1028,48,53,21,0,0,40,4,53,3,50,37,14,0
SN,AH,nidana,1029,46,53,22,0,0,42,4,52,3,50,37,14,0
SN,AH,nidana,1030,44,54,21,0,0,44,3,52,3,50,37,15,0
SN,AH,nidana,1031,44,54,20,0,0,44,3,52,3,48,37,16,0
SN,AH,nidana,1032,45,54,17,0,0,44,3,52,3,46,38,16,0
SN,AH,nidana,1033,44,55,17,0,0,44,3,52,3,46,38,16,0
SN,AH,nidana,1034,46,57,18,1,0,44,3,52,3,45,37,17,0
SN,AH,nidana,1035,46,57,18,1,0,44,3,52,3,44,37,18,0
SN,AH,nidana,1036,44,58,18,1,0,46,3,52,3,46,36,18,0
SN,AH,nidana,1037,44,60,18,1,0,44,3,52,3,46,36,18,0
SN,AH,nidana,1038,45,60,18,1,0,44,3,51,3,46,36,18,0
SN,AH,nidana,1039,45,58,19,1,0,44,3,51,3,46,36,19,0
SN,AH,nidana,1040,44,60,20,1,0,43,3,51,3,48,35,19,0
SN,AH,nidana,1041,43,59,21,1,0,42,3,52,3,49,35,19,0
SN,AH,nidana,1042,45,59,20,2,0,40,3,53,3,50,35,20,0
SN,AH,nidana,1043,44,58,21,2,0,42,3,53,3,50,35,19,0
SN,AH,nidana,1044,45,56,21,2,0,42,3,53,3,50,35,20,0
SN,AH,nidana,1045,45,56,21,2,0,41,2,53,3,51,36,20,0
SN,AH,nidana,1046,45,57,18,2,0,42,2,53,3,52,36,20,0
SN,AH,nidana,1047,43,58,19,2,0,41,2,52,3,53,36,21,0
SN,AH,nidana,1048,43,62,19,2,0,42,2,52,3,53,35,21,0
SN,AH,nidana,1049,42,62,20,2,0,43,2,51,3,53,35,21,0
SN,AH,nidana,1050,41,63,19,2,0,43,2,51,3,54,35,21,0
SN,AH,nidana,1051,42,62,19,2,0,43,1,51,3,54,36,21,0
SN,AH,nidana,1052,42,62,19,3,0,44,1,51,3,58,35,21,0
SN,AH,nidana,1053,42,62,19,3,0,45,1,52,3,56,35,21,0
SN,AH,nidana,1054,44,59,18,3,0,42,1,53,3,58,36,20,0
SN,AH,nidana,1055,46,57,19,3,0,41,0,54,3,57,37,20,0
SN,AH,nidana,1056,47,58,18,3,0,39,0,54,3,58,37,20,0
SN,AH,nidana,1057,47,56,19,3,0,40,0,53,3,58,37,21,0
SN,AH,nidana,1058,44,57,20,3,0,41,0,54,4,58,36,22,0
SN,AH,nidana,1059,43,59,20,3,0,41,1,51,4,59,35,23,0
SN,AH,nidana,1060,44,61,18,3,0,40,1,54,4,62,36,22,0
SN,AH,nidana,1061,43,63,18,3,0,39,1,55,4,62,36,21,0
SN,AH,nidana,1062,42,63,18,3,0,39,2,55,4,63,35,21,0
SN,AH,nidana,1063,43,63,19,3,0,39,2,54,4,62,35,21,0
SN,AH,nidana,1064,46,64,19,3,0,40,2,53,4,62,34,20,0
SN,AH,nidana,1065,45,65,19,3,0,39,2,55,4,62,34,19,0
SN,AH,nidana,1066,44,63,19,3,0,39,3,57,2,62,34,19,0
SN,AH,nidana,1067,43,62,19,3,0,39,3,58,2,62,34,20,0
SN,AH,nidana,1068,41,61,19,3,0,40,3,57,3,62,35,19,0
SN,AH,nidana,1069,41,63,18,3,0,40,3,56,3,61,35,20,0
SN,AH,nidana,1070,42,62,17,3,0,39,3,57,3,61,36,18,0
SN,AH,nidana,1071,43,61,17,3,0,40,3,57,3,61,36,17,0
SN,AH,nidana,1072,44,63,17,3,0,39,3,57,3,60,36,16,0
SN,AH,nidana,1073,42,65,17,3,0,38,3,57,3,60,36,17,0
SN,AH,nidana,1074,44,64,16,3,0,36,3,58,3,61,36,17,0
SN,AH,nidana,1075,44,63,17,3,0,36,3,58,3,61,36,17,0
SN,AH,nidana,1076,43,59,17,3,0,35,3,59,2,62,37,19,0
SN,AH,nidana,1077,45,58,17,3,0,35,3,58,2,62,37,19,0
SN,AH,nidana,1078,46,56,17,3,0,36,3,59,2,61,37,19,0
SN,AH,nidana,1079,46,57,17,3,0,35,3,59,2,61,37,19,0
SN,AH,nidana,1080,47,53,17,3,0,34,3,59,2,63,38,18,0
SN,AH,nidana,1081,47,52,17,3,0,34,3,60,2,64,38,17,0
SN,AH,nidana,1082,46,53,17,3,0,33,3,61,2,64,38,17,0
SN,AH,nidana,1083,47,54,17,3,0,32,4,62,2,63,37,16,0
SN,AH,nidana,1084,45,53,16,3,0,32,4,64,2,64,37,17,0
SN,AH,nidana,1085,44,52,16,3,0,33,4,64,2,65,37,17,0
SN,AH,nidana,1086,46,54,18,3,0,31,4,65,2,65,38,17,0
SN,AH,nidana,1087,47,52,18,3,0,31,4,66,2,65,38,17,0
SN,AH,nidana,1088,48,53,19,3,0,31,4,65,3,65,37,17,0
SN,AH,nidana,1089,47,54,18,3,0,31,4,65,3,66,37,17,0
SN,AH,nidana,1090,47,54,17,3,0,31,4,65,3,64,38,17,0
SN,AH,nidana,1091,47,55,17,3,0,32,4,65,3,62,38,17,0
SN,AH,nidana,1092,45,56,16,2,0,31,4,65,3,62,39,15,0
SN,AH,nidana,1093,46,56,16,2,0,29,4,65,3,62,39,16,0
SN,AH,nidana,1094,46,56,16,2,0,29,4,65,3,63,39,15,0
SN,AH,nidana,1095,46,57,16,2,0,29,4,65,3,62,39,15,0
SN,AH,nidana,1096,45,55,16,2,0,28,4,66,3,61,40,16,0
SN,AH,nidana,1097,45,54,16,2,0,30,4,66,3,61,40,15,0
SN,AH,nidana,1098,45,52,16,2,0,31,4,65,3,61,40,15,0
SN,AH,nidana,1099,44,55,15,2,0,30,5,65,3,61,39,15,0
SN,AH,nidana,1100,45,54,15,2,0,30,5,64,3,62,39,15,0
SN,AH,nidana,1101,44,56,15,2,0,31,5,64,3,60,39,15,0
SN,AH,nidana,1102,44,53,15,1,0,31,5,63,3,58,40,16,0
SN,AH,nidana,1103,44,53,15,1,0,30,5,63,3,59,40,16,0
SN,AH,nidana,1104,43,55,15,1,0,30,5,62,3,59,40,16,0
SN,AH,nidana,1105,43,56,14,1,0,30,5,62,3,59,40,16,0
SN,AH,nidana,1106,43,58,14,1,0,31,5,61,3,60,39,16,0
SN,AH,nidana,1107,42,59,13,1,0,32,6,61,3,61,38,15,0
SN,AH,nidana,1108,42,59,12,1,0,31,6,62,2,61,39,14,0
SN,AH,nidana,1109,42,58,12,1,0,32,5,62,2,61,40,14,0
SN,AH,nidana,1110,40,58,11,1,0,32,5,60,2,59,40,13,0
SN,AH,nidana,1111,41,57,11,1,0,33,5,59,2,59,40,13,0
SN,AH,nidana,1112,40,58,11,1,0,33,4,59,2,58,41,14,0
SN,AH,nidana,1113,40,58,10,1,0,32,4,61,2,58,41,14,0
SN,AH,nidana,1114,37,57,10,1,0,31,4,62,2,58,42,15,0
SN,AH,nidana,1115,37,57,10,1,0,31,4,60,2,59,42,16,0
SN,AH,nidana,1116,38,57,10,1,0,31,3,59,2,59,43,16,0
SN,AH,nidana,1117,38,57,10,1,0,31,3,59,2,59,43,16,0
SN,AH,nidana,1118,39,58,10,1,0,30,4,59,1,59,42,16,0
SN,AH,nidana,1119,39,56,10,1,0,31,4,59,1,61,42,15,0
SN,AH,nidana,1120,37,55,11,1,0,31,4,61,1,61,42,15,0
SN,AH,nidana,1121,37,55,10,1,0,31,4,61,1,62,42,15,0
SN,AH,nidana,1122,36,55,11,1,0,31,4,61,1,62,42,15,0
SN,AH,nidana,1123,36,55,11,1,0,30,4,61,1,63,42,15,0
SN,AH,nidana,1124,37,56,11,2,0,32,4,60,2,63,41,16,0
SN,AH,nidana,1125,39,57,10,2,0,31,4,60,2,62,41,16,0
SN,AH,nidana,1126,39,57,11,2,0,33,4,59,2,62,41,14,0
SN,AH,nidana,1127,37,58,11,2,0,33,4,61,2,61,41,14,0
SN,AH,nidana,1128,35,59,11,2,0,32,4,61,2,61,41,16,0
SN,AH,nidana,1129,36,58,10,2,0,31,4,61,2,63,41,16,0
SN,AH,nidana,1130,36,60,11,2,0,32,4,60,2,63,40,16,0
SN,AH,nidana,1131,40,59,11,2,0,33,4,58,2,61,40,16,0
SN,AH,nidana,1132,42,58,11,2,0,33,4,58,2,60,40,16,0
SN,AH,nidana,1133,42,57,11,2,0,34,3,57,2,61,41,16,0
SN,AH,nidana,1134,42,57,11,1,0,34,3,55,2,60,42,14,0
SN,AH,nidana,1135,42,57,11,1,0,34,3,55,2,60,42,14,0
SN,AH,nidana,1136,41,55,9,1,0,32,3,54,2,60,42,14,0
SN,AH,nidana,1137,40,56,10,1,0,32,3,53,2,59,42,15,0
SN,AH,nidana,1138,38,56,9,1,0,32,3,54,1,59,43,15,0
SN,AH,nidana,1139,40,55,9,1,0,33,3,54,1,58,43,14,0
SN,AH,nidana,1140,40,54,10,1,0,33,3,54,1,58,43,14,0
SN,AH,nidana,1141,41,53,9,1,0,32,3,53,1,61,43,14,0
SN,AH,nidana,1142,42,52,9,1,0,33,3,53,1,60,43,14,0
SN,AH,nidana,1143,41,53,8,1,0,33,3,53,1,62,43,13,0
SN,AH,nidana,1144,39,54,9,1,0,34,3,53,1,61,43,13,0
SN,AH,nidana,1145,38,54,9,1,0,36,3,53,1,60,43,13,0
SN,AH,nidana,1146,39,54,9,1,0,35,3,54,1,60,43,12,0
SN,AH,nidana,1147,40,56,8,1,0,33,3,55,1,59,43,12,0
SN,AH,nidana,1148,39,55,7,1,0,31,3,56,1,59,44,13,0
SN,AH,nidana,1149,40,52,8,1,0,32,2,57,1,58,45,13,0
SN,AH,nidana,1150,41,52,9,1,0,33,2,58,1,57,44,13,0
SN,AH,nidana,1151,41,50,9,1,0,34,2,58,1,58,44,13,0
SN,AH,nidana,1152,41,50,10,1,0,33,2,59,1,56,44,14,0
SN,AH,nidana,1153,41,49,10,1,0,33,3,59,1,56,43,15,0
SN,AH,nidana,1154,41,49,11,1,0,33,3,59,2,56,42,16,0
SN,AH,nidana,1155,40,49,11,1,0,34,3,58,2,56,42,17,0
SN,AH,nidana,1156,39,48,12,1,0,35,3,59,2,54,42,18,0
SN,AH,nidana,1157,39,48,12,1,0,33,2,60,2,55,43,18,0
SN,AH,nidana,1158,39,49,12,1,0,33,2,59,2,55,43,18,0
SN,AH,nidana,1159,40,49,12,1,0,33,2,59,2,55,43,17,0
SN,AH,nidana,1160,40,48,12,1,0,33,2,60,2,55,43,17,0
SN,AH,nidana,1161,40,47,13,1,0,32,2,62,2,54,43,17,0
SN,AH,nidana,1162,40,47,13,1,0,32,2,62,2,55,43,16,0
SN,AH,nidana,1163,39,47,13,1,0,33,2,60,2,56,43,17,0
SN,AH,nidana,1164,41,46,13,1,0,34,2,60,2,55,43,16,0
SN,AH,nidana,1165,43,45,13,1,0,35,2,60,2,54,43,15,0
SN,AH,nidana,1166,45,45,14,2,0,37,2,60,2,54,42,15,0
SN,AH,nidana,1167,45,46,15,2,0,36,2,60,2,54,42,14,0
SN,AH,nidana,1168,44,46,15,2,0,35,1,60,2,55,43,15,0
SN,AH,nidana,1169,46,46,15,2,0,34,1,60,2,53,43,16,0
SN,AH,nidana,1170,47,47,15,2,0,35,1,58,2,52,43,16,0
SN,AH,nidana,1171,46,47,15,2,0,34,1,59,2,53,43,16,0
SN,AH,nidana,1172,47,46,14,2,0,34,1,60,2,53,43,16,0
SN,AH,nidana,1173,47,47,14,2,0,34,1,60,2,53,43,15,0
SN,AH,nidana,1174,44,47,15,1,0,33,1,60,2,52,44,14,0
SN,AH,nidana,1175,41,47,15,1,0,33,1,61,2,54,44,14,0
SN,AH,nidana,1176,41,48,16,1,0,31,1,61,2,54,44,14,0
SN,AH,nidana,1177,41,47,16,1,0,31,1,60,2,56,44,14,0
SN,AH,nidana,1178,41,47,16,1,0,32,1,59,2,57,44,13,0
SN,AH,nidana,1179,42,47,16,1,0,32,1,59,2,56,44,13,0
SN,AH,nidana,1180,42,46,15,1,0,31,1,59,2,56,45,13,0
SN,AH,nidana,1181,39,46,15,1,0,30,1,61,2,57,45,14,0
SN,AH,nidana,1182,37,47,15,1,0,32,2,60,2,57,44,14,0
SN,AH,nidana,1183,37,48,15,1,0,31,2,60,2,57,44,14,0
SN,AH,nidana,1184,37,48,15,1,0,30,2,60,2,57,44,15,0
SN,AH,nidana,1185,39,48,15,1,0,30,2,61,2,55,44,14,0
SN,AH,nidana,1186,38,48,15,1,0,31,2,61,2,55,44,14,0
SN,AH,nidana,1187,39,49,14,1,0,31,2,61,2,55,44,13,0
SN,AH,nidana,1188,39,47,14,1,0,31,2,61,2,56,44,14,0
SN,AH,nidana,1189,37,50,14,1,0,31,2,61,2,55,44,14,0
SN,AH,nidana,1190,36,52,14,1,0,30,2,61,2,55,44,14,0
SN,AH,nidana,1191,36,54,14,1,0,30,2,62,2,52,44,14,0
SN,AH,nidana,1192,35,54,14,1,0,29,2,62,2,53,44,15,0
SN,AH,nidana,1193,37,54,14,1,0,29,2,62,2,51,44,15,0
SN,AH,nidana,1194,40,53,13,1,0,28,2,62,2,51,44,15,0
SN,AH,nidana,1195,40,53,13,1,0,26,3,63,2,52,43,15,0
SN,AH,nidana,1196,38,54,13,1,0,27,3,62,2,53,43,15,0
SN,AH,nidana,1197,37,53,13,1,0,27,3,62,2,53,43,17,0
SN,AH,nidana,1198,38,54,13,1,0,27,3,62,2,52,43,16,0
SN,AH,nidana,1199,38,54,12,1,0,26,3,61,2,55,43,16,0
SN,AH,nidana,1200,36,56,12,1,0,27,3,59,2,56,43,16,0
SN,AH,nidana,1201,36,56,12,1,0,26,3,59,2,56,43,17,0
SN,AH,nidana,1202,36,58,11,1,0,26,3,59,2,57,43,15,0
SN,AH,nidana,1203,37,60,11,1,0,25,2,58,2,57,44,14,0
SN,AH,nidana,1204,36,61,10,1,0,26,2,59,2,56,44,14,0
SN,AH,nidana,1205,35,60,11,1,0,26,2,59,2,58,44,13,0
SN,AH,nidana,1206,35,58,10,1,0,26,2,59,2,59,45,12,0
SN,AH,nidana,1207,35,57,10,1,0,27,2,58,2,59,45,13,0
SN,AH,nidana,1208,36,55,10,1,0,27,2,58,2,59,45,14,0
SN,AH,nidana,1209,35,54,10,1,1,26,2,57,2,58,44,14,0
SN,AH,nidana,1210,36,53,11,1,1,25,2,56,2,58,44,15,0
SN,AH,nidana,1211,35,55,11,1,1,26,2,54,2,58,44,15,0
SN,AH,nidana,1212,35,55,11,1,1,27,2,54,2,57,44,15,0
SN,AH,nidana,1213,35,56,11,1,1,27,2,55,2,56,44,14,0
SN,AH,nidana,1214,34,59,11,1,1,29,2,55,2,55,43,14,0
SN,AH,nidana,1215,32,60,11,1,1,29,2,55,2,56,43,14,0
SN,AH,nidana,1216,30,63,10,0,1,28,2,54,2,56,43,14,0
SN,AH,nidana,1217,30,61,9,0,1,28,2,55,2,58,43,14,0
SN,AH,nidana,1218,30,61,9,0,1,28,2,55,2,59,43,13,0
SN,AH,nidana,1219,28,61,10,0,1,28,2,56,2,60,43,12,0
SN,AH,nidana,1220,27,62,9,0,1,28,2,56,2,61,43,12,0
SN,AH,nidana,1221,29,63,9,0,1,28,2,55,2,59,43,12,0
SN,AH,nidana,1222,29,65,10,0,1,31,2,53,2,58,42,12,0
SN,AH,nidana,1223,30,62,10,0,1,31,2,53,2,60,42,12,0
SN,AH,nidana,1224,30,64,9,0,1,30,2,53,1,61,42,12,0
SN,AH,nidana,1225,31,63,11,0,1,30,2,52,1,59,42,13,0
SN,AH,nidana,1226,32,64,9,0,1,33,2,51,1,60,41,13,0
SN,AH,nidana,1227,32,65,9,0,1,33,2,51,1,59,41,13,0
SN,AH,nidana,1228,34,65,9,0,1,32,2,51,1,59,41,12,0
SN,AH,nidana,1229,32,67,10,0,1,32,3,51,1,58,40,12,0
SN,AH,nidana,1230,32,67,11,1,1,35,3,51,1,57,39,14,0
SN,AH,nidana,1231,31,68,11,1,1,35,3,50,1,59,39,13,0
SN,AH,nidana,1232,31,67,11,1,1,34,2,50,1,60,40,14,0
SN,AH,nidana,1233,31,65,11,1,1,34,2,50,1,61,40,15,0
SN,AH,nidana,1234,32,65,11,1,1,34,2,50,1,61,40,14,0
SN,AH,nidana,1235,31,65,11,1,1,33,3,49,1,63,39,15,0
SN,AH,nidana,1236,32,65,11,1,1,33,3,49,1,61,39,16,0
SN,AH,nidana,1237,31,63,11,1,1,33,4,49,1,64,38,16,0
SN,AH,nidana,1238,33,66,12,1,1,35,4,48,1,61,37,15,0
SN,AH,nidana,1239,34,64,12,1,1,34,4,48,1,61,37,17,0
SN,AH,nidana,1240,35,63,11,2,1,36,4,49,2,61,36,19,0
SN,AH,nidana,1241,35,62,11,2,1,38,4,47,2,62,36,19,0
SN,AH,nidana,1242,37,61,11,2,1,39,5,47,2,61,35,18,0
SN,AH,nidana,1243,35,62,11,2,1,39,5,48,2,61,35,18,0
SN,AH,nidana,1244,33,65,12,3,1,40,5,47,2,64,34,18,0
SN,AH,nidana,1245,32,64,12,3,1,40,4,46,2,65,35,20,0
SN,AH,nidana,1246,32,64,12,3,1,39,4,48,2,64,35,20,0
SN,AH,nidana,1247,32,65,12,3,1,40,5,47,2,65,34,18,0
SN,AH,nidana,1248,31,66,13,4,1,40,5,48,2,68,33,18,0
SN,AH,nidana,1249,30,66,14,4,1,40,5,49,2,66,33,19,0
SN,AH,nidana,1250,32,63,13,4,1,38,5,50,2,65,34,20,0
SN,AH,nidana,1251,32,63,13,4,1,37,5,50,2,67,34,19,0
SN,AH,nidana,1252,33,63,13,4,1,37,5,49,2,67,34,19,0
SN,AH,nidana,1253,32,62,13,4,1,37,5,50,2,68,34,19,0
SN,AH,nidana,1254,33,60,13,4,1,37,5,50,1,67,35,19,0
SN,AH,nidana,1255,33,61,14,4,1,36,5,50,1,66,35,19,0
SN,AH,nidana,1256,35,60,14,4,1,34,5,51,1,66,35,19,0
SN,AH,nidana,1257,37,61,14,4,1,33,5,51,1,65,35,18,0
SN,AH,nidana,1258,36,64,14,4,1,33,5,51,1,64,35,17,0
SN,AH,nidana,1259,36,65,14,4,0,35,6,52,1,65,35,17,0
SN,AH,nidana,1260,36,67,13,4,0,35,6,52,1,65,35,16,0
SN,AH,nidana,1261,36,66,12,4,0,35,6,52,1,67,35,16,0
SN,AH,nidana,1262,37,64,12,4,0,34,7,52,1,67,34,18,0
SN,AH,nidana,1263,37,65,12,4,0,33,7,52,1,67,34,18,0
SN,AH,nidana,1264,37,62,12,4,0,30,7,52,1,69,35,19,0
SN,AH,nidana,1265,37,62,12,4,0,29,7,52,1,70,35,19,0
SN,AH,nidana,1266,37,58,12,4,0,29,7,53,1,70,36,19,0
SN,AH,nidana,1267,39,58,12,4,0,31,7,52,1,67,36,19,0
SN,AH,nidana,1268,38,59,12,4,0,32,7,52,1,66,36,19,0
SN,AH,nidana,1269,38,61,11,4,0,32,7,51,1,66,36,19,0
SN,AH,nidana,1270,38,60,12,4,0,33,7,51,1,65,36,19,0
SN,AH,nidana,1271,38,59,12,4,0,35,7,51,1,64,36,19,0
SN,AH,nidana,1272,37,58,11,4,0,32,7,53,1,65,37,19,0
SN,AH,nidana,1273,36,59,11,4,0,32,7,53,1,65,37,19,0
SN,AH,nidana,1274,37,56,11,4,0,33,7,53,1,65,37,20,0
SN,AH,nidana,1275,37,57,9,4,0,34,7,53,1,66,37,19,0
SN,AH,nidana,1276,36,55,10,4,0,32,7,55,1,65,38,19,0
SN,AH,nidana,1277,36,55,10,4,0,32,7,55,1,65,38,19,0
SN,AH,nidana,1278,36,55,10,4,0,33,8,55,1,64,37,19,0
SN,AH,nidana,1279,36,54,9,4,0,34,7,55,1,65,38,19,0
SN,AH,nidana,1280,36,53,8,3,0,30,7,57,1,65,39,18,0
SN,AH,nidana,1281,38,53,8,3,0,31,8,56,1,63,38,18,0
SN,AH,nidana,1282,39,57,8,3,0,33,8,55,1,61,37,17,0
SN,AH,nidana,1283,40,57,8,3,0,33,8,55,1,60,37,17,0
SN,AH,nidana,1284,39,57,8,3,0,36,8,54,2,61,36,17,0
SN,AH,nidana,1285,38,58,9,3,0,37,8,54,2,60,36,16,0
SN,AH,nidana,1286,37,59,9,3,0,37,8,55,2,60,36,15,0
SN,AH,nidana,1287,38,58,9,3,0,38,7,55,2,59,37,15,0
SN,AH,nidana,1288,37,55,8,3,0,36,7,58,2,60,38,15,0
SN,AH,nidana,1289,37,55,8,3,0,36,7,58,2,62,38,13,0
SN,AH,nidana,1290,39,53,9,3,0,34,7,59,1,64,38,12,0
SN,AH,nidana,1291,38,54,9,3,0,33,7,60,1,64,38,12,0
SN,AH,nidana,1292,36,55,9,3,0,33,6,60,1,65,39,12,0
SN,AH,nidana,1293,37,54,9,3,0,33,6,59,1,65,39,13,0
SN,AH,nidana,1294,36,51,8,2,0,33,6,61,1,62,40,14,0
SN,AH,nidana,1295,36,52,9,2,0,34,6,61,1,61,40,12,0
SN,AH,nidana,1296,38,53,9,3,0,35,6,59,1,63,39,13,0
SN,AH,nidana,1297,38,53,9,3,0,34,5,59,1,63,40,14,0
SN,AH,nidana,1298,38,50,9,2,0,35,5,58,1,61,41,14,0
SN,AH,nidana,1299,39,51,8,2,0,36,5,57,1,61,41,13,0
SN,AH,nidana,1300,37,51,9,2,0,36,5,58,1,60,41,14,0
SN,AH,nidana,1301,37,51,9,2,0,38,5,58,1,57,41,15,0
SN,AH,nidana,1302,37,52,9,3,0,39,5,58,1,58,40,17,0
SN,AH,nidana,1303,36,51,9,3,0,40,5,58,1,58,40,18,0
SN,AH,nidana,1304,36,52,9,3,0,40,5,58,1,58,40,17,0
SN,AH,nidana,1305,36,53,7,3,0,41,5,58,1,58,40,17,0
SN,AH,nidana,1306,35,53,7,3,0,42,5,57,1,58,40,18,0
SN,AH,nidana,1307,33,52,8,3,0,42,5,58,1,58,40,19,0
SN,AH,nidana,1308,36,49,9,3,0,44,5,60,1,59,40,21,0
SN,AH,nidana,1309,36,50,10,3,0,42,4,60,1,59,41,21,0
SN,AH,nidana,1310,35,49,10,3,0,43,4,60,1,59,41,22,0
SN,AH,nidana,1311,35,50,10,3,0,43,4,60,1,58,41,22,0
SN,AH,nidana,1312,35,52,10,4,0,44,3,60,1,61,41,21,0
SN,AH,nidana,1313,35,51,10,4,0,44,3,61,1,61,41,21,0
SN,AH,nidana,1314,35,53,10,4,0,46,3,60,1,60,40,22,0
SN,AH,nidana,1315,35,54,10,4,0,47,3,60,1,58,40,22,0
SN,AH,nidana,1316,34,56,12,4,0,47,3,59,1,59,39,22,0
SN,AH,nidana,1317,32,56,12,4,0,45,3,60,1,60,39,24,0
SN,AH,nidana,1318,34,54,13,4,0,44,3,61,1,59,39,24,0
SN,AH,nidana,1319,34,54,13,4,0,43,4,62,1,59,38,24,0
SN,AH,nidana,1320,35,57,12,4,0,42,4,62,1,60,37,24,0
SN,AH,nidana,1321,33,58,13,4,0,41,4,62,2,60,37,24,0
SN,AH,nidana,1322,34,58,13,5,0,42,4,62,2,61,36,26,0
SN,AH,nidana,1323,36,57,13,5,0,42,4,64,2,58,36,26,0
SN,AH,nidana,1324,35,57,13,5,0,42,4,65,2,59,36,25,0
SN,AH,nidana,1325,35,57,13,5,0,41,4,64,2,61,36,25,0
SN,AH,nidana,1326,35,59,13,5,0,41,4,63,2,60,36,25,0
SN,AH,nidana,1327,35,58,13,5,0,41,4,63,2,61,36,25,0
SN,AH,nidana,1328,33,59,13,5,0,41,4,63,2,62,36,25,0
SN,AH,nidana,1329,33,59,13,5,0,40,4,63,2,63,36,25,0
SN,AH,nidana,1330,33,60,14,5,0,41,4,62,2,62,36,24,0
SN,AH,nidana,1331,32,59,15,5,0,40,3,63,2,62,37,25,0
SN,AH,nidana,1332,31,56,15,5,1,39,3,64,2,62,37,26,0
SN,AH,nidana,1333,30,57,15,5,1,41,3,64,2,62,36,27,0
SN,AH,nidana,1334,31,56,15,5,1,38,3,66,1,61,37,27,0
SN,AH,nidana,1335,31,57,14,5,1,37,2,66,1,62,38,27,0
SN,AH,nidana,1336,32,56,14,5,1,36,2,66,1,62,38,28,0
SN,AH,nidana,1337,31,57,14,5,1,35,2,67,1,61,38,29,0
SN,AH,nidana,1338,32,57,14,5,1,36,2,66,1,60,38,29,0
SN,AH,nidana,1339,32,59,14,5,1,36,2,66,1,60,37,30,0
SN,AH,nidana,1340,29,59,15,4,1,36,2,65,1,59,38,29,0
SN,AH,nidana,1341,29,58,15,4,1,35,2,65,1,61,38,29,0
SN,AH,nidana,1342,30,58,15,4,1,35,2,66,1,59,38,29,0
SN,AH,nidana,1343,30,59,15,4,1,38,2,65,1,60,37,28,0
SN,AH,nidana,1344,30,60,15,4,1,37,2,65,1,61,37,27,0
SN,AH,nidana,1345,32,61,14,5,1,37,2,65,1,64,36,27,0
SN,AH,nidana,1346,30,59,14,4,1,36,2,65,1,64,37,27,0
SN,AH,nidana,1347,30,60,14,4,1,37,2,64,1,66,36,27,0
SN,AH,nidana,1348,31,61,13,4,1,35,2,64,1,67,36,27,0
SN,AH,nidana,1349,30,61,13,4,1,34,2,64,1,69,36,27,0
SN,AH,nidana,1350,31,62,12,4,1,34,2,63,1,70,36,26,0
SN,AH,nidana,1351,31,65,14,4,1,32,2,63,1,71,35,25,0
SN,AH,nidana,1352,31,64,15,3,1,31,2,63,1,69,36,23,0
SN,AH,nidana,1353,32,67,15,3,1,30,2,63,1,67,36,22,0
SN,AH,nidana,1354,32,65,15,3,1,29,2,64,1,68,36,23,0
SN,AH,nidana,1355,32,64,15,3,1,29,2,64,1,69,36,23,0
SN,AH,nidana,1356,33,64,15,3,1,28,2,64,1,69,36,23,0
SN,AH,nidana,1357,34,67,14,3,1,30,2,62,2,69,35,22,0
SN,AH,nidana,1358,32,68,13,3,1,28,2,60,2,68,35,21,0
SN,AH,nidana,1359,34,68,13,3,1,31,2,59,2,67,34,21,0
SN,AH,nidana,1360,34,68,13,3,1,30,2,60,2,67,34,21,0
SN,AH,nidana,1361,34,67,14,3,1,29,3,61,2,67,33,21,0
SN,AH,nidana,1362,35,66,14,2,1,28,3,60,2,64,34,21,0
SN,AH,nidana,1363,36,67,14,2,1,29,3,59,2,64,33,22,0
SN,AH,nidana,1364,35,66,14,2,1,27,3,61,2,63,34,22,0
SN,AH,nidana,1365,36,65,14,2,1,26,3,61,2,64,34,22,0
SN,AH,nidana,1366,37,63,12,2,1,25,3,62,2,63,35,23,0
SN,AH,nidana,1367,38,65,12,2,1,28,3,60,2,63,34,22,0
SN,AH,nidana,1368,37,65,11,2,1,29,3,61,2,63,34,22,0
SN,AH,nidana,1369,37,65,12,2,1,29,2,61,2,62,35,22,0
SN,AH,nidana,1370,36,63,12,2,1,28,2,61,2,63,36,22,0
SN,AH,nidana,1371,37,62,11,2,1,29,2,61,1,64,36,22,0
SN,AH,nidana,1372,36,62,11,1,1,30,2,60,1,62,37,20,0
SN,AH,nidana,1373,35,64,11,1,1,32,2,57,1,64,36,21,0
SN,AH,nidana,1374,36,65,11,1,1,32,2,56,1,63,36,21,0
SN,AH,nidana,1375,36,66,11,1,1,33,2,56,2,62,35,22,0
SN,AH,nidana,1376,36,64,10,1,1,32,2,56,2,65,35,23,0
SN,AH,nidana,1377,36,67,10,1,1,35,2,55,2,63,34,23,0
SN,AH,nidana,1378,36,66,10,1,1,35,2,55,2,64,34,23,0
SN,AH,nidana,1379,36,68,11,1,1,36,2,55,2,62,33,24,0
SN,AH,nidana,1380,35,67,10,1,1,36,2,55,2,63,33,26,0
SN,AH,nidana,1381,35,67,9,1,1,37,2,56,2,62,33,26,0
SN,AH,nidana,1382,36,67,9,1,0,36,2,56,2,63,34,25,0
SN,AH,nidana,1383,37,67,9,1,0,34,2,56,2,63,35,23,0
SN,AH,nidana,1384,37,68,9,1,0,35,2,54,2,63,35,23,0
SN,AH,nidana,1385,37,66,10,1,0,36,2,55,2,61,35,24,0
SN,AH,nidana,1386,38,65,10,1,0,36,2,56,2,61,35,23,0
SN,AH,nidana,1387,40,66,13,1,0,37,2,55,3,60,35,25,0
SN,AH,nidana,1388,40,67,13,1,0,37,2,53,3,61,35,25,0
SN,AH,nidana,1389,41,65,14,1,0,37,2,52,3,60,36,24,0
SN,AH,nidana,1390,41,66,12,1,0,37,2,52,3,61,36,24,0
SN,AH,nidana,1391,42,67,13,1,0,40,2,51,3,59,35,24,0
SN,AH,nidana,1392,41,67,13,1,0,39,2,50,3,62,35,24,0
SN,AH,nidana,1393,40,66,13,1,0,36,2,51,3,63,36,24,0
SN,AH,nidana,1394,41,66,13,1,0,36,2,50,3,63,36,24,0
SN,AH,nidana,1395,39,65,13,0,0,35,2,50,3,62,37,24,0
SN,AH,nidana,1396,40,65,14,0,0,36,2,50,3,60,37,23,0
SN,AH,nidana,1397,41,63,14,0,0,35,2,51,3,59,38,22,0
SN,AH,nidana,1398,41,63,14,0,0,36,3,51,3,58,37,22,0
SN,AH,nidana,1399,41,63,14,0,0,37,3,51,3,56,37,23,0
SN,AH,nidana,1400,42,62,14,0,0,37,3,51,3,57,37,22,0
SN,AH,nidana,1401,44,58,12,0,0,37,3,51,3,58,38,22,0
SN,AH,nidana,1402,44,57,11,0,0,38,3,51,3,59,38,22,0
SN,AH,nidana,1403,43,55,11,0,0,38,3,52,3,60,38,23,0
SN,AH,nidana,1404,44,56,11,0,0,38,3,51,3,60,38,22,0
SN,AH,nidana,1405,44,57,11,0,0,37,3,51,3,60,38,22,0
SN,AH,nidana,1406,42,57,11,0,0,39,3,51,3,60,38,22,0
SN,AH,nidana,1407,42,56,11,0,0,37,3,52,2,60,39,22,0
SN,AH,nidana,1408,41,55,12,0,0,37,3,54,2,60,39,21,0
SN,AH,nidana,1409,39,54,11,0,0,36,3,55,2,61,40,21,0
SN,AH,nidana,1410,39,54,12,0,0,37,3,54,2,61,40,20,0
SN,AH,nidana,1411,41,54,12,0,0,39,2,52,2,62,40,20,0
SN,AH,nidana,1412,39,54,12,0,0,40,3,53,2,63,39,19,0
SN,AH,nidana,1413,37,53,13,0,0,39,3,53,2,63,40,19,0
SN,AH,nidana,1414,37,52,13,0,0,40,3,53,2,65,40,17,0
SN,AH,nidana,1415,36,51,14,0,0,40,3,53,2,65,40,18,0
SN,AH,nidana,1416,35,53,14,0,0,40,3,53,2,65,40,17,0
SN,AH,nidana,1417,36,51,14,0,0,38,3,54,2,65,41,16,0
SN,AH,nidana,1418,36,52,14,0,0,37,3,52,2,66,41,17,0
SN,AH,nidana,1419,36,51,13,0,0,37,3,52,2,68,41,17,0
SN,AH,nidana,1420,36,50,13,0,0,38,3,52,2,68,41,17,0
SN,AH,nidana,1421,38,50,14,1,0,38,3,51,2,68,40,20,0
SN,AH,nidana,1422,40,49,14,1,0,36,3,51,2,69,40,20,0
SN,AH,nidana,1423,39,48,16,1,0,34,3,52,2,67,41,20,0
SN,AH,nidana,1424,38,47,16,1,0,34,3,52,2,69,41,20,0
SN,AH,nidana,1425,39,46,17,1,0,34,3,53,1,68,41,20,0
SN,AH,nidana,1426,40,46,17,1,0,34,3,53,1,67,41,20,0
SN,AH,nidana,1427,41,44,17,1,0,33,3,53,1,68,41,21,0
SN,AH,nidana,1428,42,44,17,1,0,32,2,53,1,68,42,21,0
SN,AH,nidana,1429,42,42,16,1,0,32,2,53,1,69,43,20,0
SN,AH,nidana,1430,42,44,16,1,0,32,2,53,1,69,43,18,0
SN,AH,nidana,1431,42,45,16,1,0,31,2,52,1,71,43,17,0
SN,AH,nidana,1432,41,44,17,1,0,30,2,52,1,72,43,18,0
SN,AH,nidana,1433,39,44,19,1,0,33,2,51,1,72,42,19,0
SN,AH,nidana,1434,39,43,19,1,0,32,2,52,1,72,42,20,0
SN,AH,nidana,1435,41,43,18,1,0,33,2,51,1,72,42,19,0
SN,AH,nidana,1436,39,43,18,1,1,33,2,48,1,72,41,19,0
SN,AH,nidana,1437,40,44,16,2,1,32,2,47,0,73,40,16,0
SN,AH,nidana,1438,38,43,16,2,1,31,2,49,0,73,40,18,0
SN,AH,nidana,1439,36,46,16,2,1,33,2,49,1,72,39,18,0
SN,AH,nidana,1440,36,46,18,2,1,33,2,48,1,70,39,19,0
SN,AH,nidana,1441,35,46,17,2,1,30,2,49,1,71,40,19,0
SN,AH,nidana,1442,35,47,17,2,1,30,2,49,1,70,40,19,0
SN,AH,nidana,1443,36,49,17,2,1,32,2,48,1,68,39,20,0
SN,AH,nidana,1444,35,50,17,2,1,32,3,48,1,68,38,20,0
SN,AH,nidana,1445,36,52,17,2,1,34,3,48,1,66,37,20,0
SN,AH,nidana,1446,36,52,16,2,1,33,3,50,1,66,37,20,0
SN,AH,nidana,1447,35,54,16,2,1,34,4,50,1,64,36,20,0
SN,AH,nidana,1448,35,54,16,2,1,33,3,51,1,63,37,21,0
SN,AH,nidana,1449,35,54,17,2,1,32,4,51,1,64,36,20,0
SN,AH,nidana,1450,33,55,18,2,1,32,5,51,1,64,35,20,0
SN,AH,nidana,1451,32,55,18,2,1,32,6,51,1,64,34,21,0
SN,AH,nidana,1452,31,54,18,2,1,32,6,51,1,66,34,21,0
SN,AH,nidana,1453,32,54,18,2,1,32,6,50,1,67,34,20,0
SN,AH,nidana,1454,31,54,18,2,1,32,6,50,1,68,34,20,0
SN,AH,nidana,1455,32,52,18,2,1,32,6,50,1,68,34,21,0
SN,AH,nidana,1456,32,52,18,2,1,30,7,50,1,69,33,22,0
SN,AH,nidana,1457,32,50,18,2,1,30,7,50,1,70,33,23,0
SN,AH,nidana,1458,33,50,17,2,1,30,7,49,1,71,33,23,0
SN,AH,nidana,1459,34,51,17,2,1,30,7,48,2,71,32,24,0
SN,AH,nidana,1460,35,51,16,2,1,30,7,48,2,71,32,24,0
SN,AH,nidana,1461,33,50,15,2,1,29,7,49,2,71,33,25,0
SN,AH,nidana,1462,33,49,16,2,1,29,6,50,2,70,34,25,0
SN,AH,nidana,1463,33,49,16,2,1,29,6,50,2,71,34,24,0
SN,AH,nidana,1464,34,52,16,2,1,28,6,49,2,69,34,24,0
SN,AH,nidana,1465,35,52,15,2,1,28,6,49,2,70,34,23,0
SN,AH,nidana,1466,36,50,15,2,1,28,6,49,2,71,34,23,0
SN,AH,nidana,1467,34,50,16,2,1,29,6,48,3,71,34,23,0
SN,AH,nidana,1468,33,51,16,2,1,30,6,48,3,71,34,22,0
SN,AH,nidana,1469,34,52,16,2,1,30,6,47,3,70,34,22,0
SN,AH,nidana,1470,35,52,16,2,1,29,7,48,3,69,33,22,0
SN,AH,nidana,1471,32,55,16,1,1,31,7,48,3,68,33,19,0
SN,AH,nidana,1472,30,55,16,1,1,33,7,48,3,68,33,19,0
SN,AH,nidana,1473,31,58,14,1,1,34,7,47,3,70,32,18,0
SN,AH,nidana,1474,32,60,14,1,1,33,7,47,3,68,32,18,0
SN,AH,nidana,1475,31,61,14,1,1,33,7,47,3,69,32,17,0
SN,AH,nidana,1476,30,62,14,1,1,33,7,47,3,69,32,17,0
SN,AH,nidana,1477,28,60,14,1,1,33,7,48,3,69,33,17,0
SN,AH,nidana,1478,28,59,15,1,1,33,7,48,3,67,33,19,0
SN,AH,nidana,1479,29,61,16,1,1,34,7,48,3,65,32,19,0
SN,AH,nidana,1480,30,59,16,1,1,33,7,48,3,66,32,20,0
SN,AH,nidana,1481,30,58,17,1,1,33,7,48,3,65,32,21,0
SN,AH,nidana,1482,30,59,17,1,1,33,7,49,3,64,32,20,0
SN,AH,nidana,1483,33,60,15,1,1,31,7,50,3,63,32,20,0
SN,AH,nidana,1484,33,61,15,1,1,32,7,50,3,62,32,19,0
SN,AH,nidana,1485,32,65,15,1,1,32,7,49,3,63,31,19,0
SN,AH,nidana,1486,32,66,15,1,0,34,7,50,3,63,32,20,0
SN,AH,nidana,1487,29,63,15,0,0,35,7,52,3,62,33,21,0
SN,AH,nidana,1488,30,65,15,0,0,35,7,51,3,62,33,19,0
SN,AH,nidana,1489,30,63,14,0,0,34,7,52,2,63,34,19,0
SN,AH,nidana,1490,30,65,12,0,0,35,7,52,2,63,34,18,0
SN,AH,nidana,1491,31,66,12,0,0,36,7,53,2,62,33,18,0
SN,AH,nidana,1492,32,66,12,0,0,36,7,53,2,61,33,18,0
SN,AH,nidana,1493,32,64,12,0,0,34,7,54,2,62,34,17,0
SN,AH,nidana,1494,32,64,12,0,0,35,6,54,2,61,35,17,0
SN,AH,nidana,1495,31,63,12,0,0,33,7,55,2,60,35,18,0
SN,AH,nidana,1496,30,64,12,0,0,33,7,53,2,62,35,18,0
SN,AH,nidana,1497,31,61,12,0,0,33,6,53,2,63,36,19,0
SN,AH,nidana,1498,30,61,12,0,0,33,6,52,2,66,36,18,0
SN,AH,nidana,1499,31,63,11,0,0,34,5,52,3,64,36,19,0
SN,AH,nidana,1500,31,64,11,0,0,34,4,52,3,62,37,20,0
SN,AH,nidana,1501,30,67,11,0,0,34,3,53,3,60,38,19,0
SN,AH,nidana,1502,32,68,11,0,0,33,3,53,3,58,38,19,0
SN,AH,nidana,1503,32,67,11,0,0,34,4,54,3,57,37,19,0
SN,AH,nidana,1504,34,66,11,0,0,34,4,54,3,55,37,20,0
SN,AH,nidana,1505,34,68,12,0,0,34,4,54,3,53,37,19,0
SN,AH,nidana,1506,34,69,12,0,0,35,3,54,3,53,38,17,0
SN,AH,nidana,1507,35,72,12,0,0,36,3,54,3,52,37,16,0
SN,AH,nidana,1508,34,73,12,0,0,37,4,53,3,52,36,16,0
SN,AH,nidana,1509,35,72,12,0,0,35,4,54,2,52,37,15,0
SN,AH,nidana,1510,35,71,13,0,0,35,4,55,2,51,37,15,0
SN,AH,nidana,1511,37,73,13,0,0,34,4,55,2,49,37,14,0
SN,AH,nidana,1512,40,74,12,0,0,33,4,54,2,48,37,14,0
SN,AH,nidana,1513,41,77,13,0,0,34,4,54,2,49,37,15,0
SN,AH,nidana,1514,41,74,13,0,0,34,4,54,2,52,37,15,0
SN,AH,nidana,1515,40,76,15,0,0,36,4,53,2,51,36,15,0
SN,AH,nidana,1516,39,76,15,0,0,37,4,53,2,50,36,16,0
SN,AH,nidana,1517,42,79,14,1,0,35,4,54,1,51,35,17,0
SN,AH,nidana,1518,42,79,14,1,0,34,4,55,1,51,35,17,0
SN,AH,nidana,1519,42,78,14,1,0,36,5,55,1,50,34,17,0
SN,AH,nidana,1520,41,78,14,1,0,37,4,54,1,51,35,17,0
SN,AH,nidana,1521,43,78,13,2,0,36,4,54,1,52,35,18,0
SN,AH,nidana,1522,43,78,13,2,0,34,4,54,1,54,35,18,0
SN,AH,nidana,1523,43,77,13,2,0,33,4,55,1,54,35,19,0
SN,AH,nidana,1524,43,75,13,2,0,33,4,57,1,54,35,19,0
SN,AH,nidana,1525,43,75,12,2,0,33,4,57,1,54,35,20,0
SN,AH,nidana,1526,43,75,12,2,0,33,5,59,1,53,34,19,0
SN,AH,nidana,1527,44,76,12,2,0,33,5,59,1,55,33,18,0
SN,AH,nidana,1528,43,78,11,2,0,33,5,59,1,56,33,17,0
SN,AH,nidana,1529,43,75,10,2,0,33,5,59,1,56,34,18,0
SN,AH,nidana,1530,42,76,10,2,0,33,5,59,1,56,34,18,0
SN,AH,nidana,1531,41,78,11,2,0,35,5,59,1,56,33,17,0
SN,AH,nidana,1532,41,77,10,2,0,36,5,58,1,57,33,18,0
SN,AH,nidana,1533,38,75,11,2,0,37,5,58,1,57,34,18,0
SN,AH,nidana,1534,38,73,12,2,0,38,5,58,1,57,34,18,0
SN,AH,nidana,1535,38,69,12,3,0,38,5,60,1,59,34,20,0
SN,AH,nidana,1536,40,68,13,3,0,37,5,60,1,59,34,19,0
SN,AH,nidana,1537,41,70,12,3,0,38,5,58,1,61,33,19,0
SN,AH,nidana,1538,40,68,12,3,0,38,5,58,1,63,33,20,0
SN,AH,nidana,1539,40,67,14,3,0,38,5,57,1,65,32,21,0
SN,AH,nidana,1540,41,64,15,3,0,38,5,58,1,65,32,21,0
SN,AH,nidana,1541,41,62,15,3,0,37,5,57,1,66,33,21,0
SN,AH,nidana,1542,41,61,15,3,0,37,5,57,1,67,33,21,0
SN,AH,nidana,1543,42,60,15,3,0,38,5,57,1,66,33,21,0
SN,AH,nidana,1544,42,59,15,3,0,38,5,57,1,67,33,21,0
SN,AH,nidana,1545,42,60,15,3,0,38,4,56,1,67,34,21,0
SN,AH,nidana,1546,43,59,16,3,0,38,4,57,1,65,34,21,0
SN,AH,nidana,1547,43,59,17,3,0,38,4,58,1,64,34,20,0
SN,AH,nidana,1548,45,59,18,3,0,39,4,57,1,61,34,20,0
SN,AH,nidana,1549,44,58,18,3,0,38,5,58,0,62,34,19,0
SN,AH,nidana,1550,44,58,17,3,0,38,5,58,0,64,34,18,0
SN,AH,nidana,1551,45,56,17,3,0,39,5,57,0,65,34,18,0
SN,AH,nidana,1552,43,58,18,3,0,39,5,57,0,64,34,18,0
SN,AH,nidana,1553,42,59,18,3,0,39,4,57,0,64,35,18,0
SN,AH,nidana,1554,39,59,18,3,1,39,4,56,0,64,34,17,0
SN,AH,nidana,1555,38,58,17,3,1,40,4,56,0,66,34,17,0
SN,AH,nidana,1556,38,58,17,3,1,41,4,56,0,64,34,18,0
SN,AH,nidana,1557,36,55,17,3,1,40,4,55,0,63,35,18,0
