Text_Type,Book,Chapter,Window,LGL,LLG,LLL,GGL,GGG,LGG,LG,G,L,GLG,GLL,LL,GG,GL
SN,AH,kalpa,1,68,28,8,40,80,36,5,31,6,63,24,0,0,0
SN,AH,kalpa,2,68,26,8,40,82,36,5,30,6,66,24,0,0,0
SN,AH,kalpa,3,68,26,8,39,81,38,5,29,7,66,24,0,0,0
SN,AH,kalpa,4,66,26,8,41,83,39,5,29,6,67,23,0,0,0
SN,AH,kalpa,5,66,27,8,41,82,39,5,29,6,67,23,0,0,0
SN,AH,kalpa,6,62,26,7,42,81,43,6,28,6,66,23,0,0,0
SN,AH,kalpa,7,62,26,7,42,83,42,6,28,6,65,23,0,0,0
SN,AH,kalpa,8,62,24,7,40,84,43,5,28,6,67,23,1,0,0
SN,AH,kalpa,9,62,24,7,40,84,42,5,28,6,68,23,1,0,0
SN,AH,kalpa,10,62,24,6,40,83,40,6,28,6,66,23,1,0,0
SN,AH,kalpa,11,61,23,6,41,82,40,6,28,6,68,23,1,0,0
SN,AH,kalpa,12,59,22,6,41,82,44,6,28,6,68,22,1,0,0
SN,AH,kalpa,13,59,22,6,41,82,42,6,27,7,70,22,1,0,0
SN,AH,kalpa,14,59,21,6,41,82,41,6,27,7,71,23,1,0,0
SN,AH,kalpa,15,60,21,6,42,81,42,6,27,7,70,22,1,0,0
SN,AH,kalpa,16,61,21,6,42,80,40,6,28,7,70,21,1,0,0
SN,AH,kalpa,17,59,22,6,44,79,42,6,28,7,69,20,1,0,0
SN,AH,kalpa,18,57,20,6,45,76,42,5,28,7,71,22,1,0,0
SN,AH,kalpa,19,57,20,6,44,76,43,5,29,6,71,22,1,0,0
SN,AH,kalpa,20,55,20,7,47,78,44,4,29,6,72,22,1,0,0
SN,AH,kalpa,21,57,19,7,48,76,43,4,28,7,73,22,1,0,0
SN,AH,kalpa,22,56,21,8,48,75,42,4,27,7,75,23,1,0,0
SN,AH,kalpa,23,55,22,8,49,74,42,4,27,7,75,23,1,0,0
SN,AH,kalpa,24,53,20,7,44,76,39,4,27,7,73,20,1,0,0
SN,AH,kalpa,25,53,20,7,44,74,39,4,27,7,74,21,1,0,0
SN,AH,kalpa,26,53,21,7,44,73,39,4,28,6,74,21,1,0,0
SN,AH,kalpa,27,53,21,7,42,74,37,4,28,6,76,22,1,0,0
SN,AH,kalpa,28,53,22,6,44,73,37,5,28,6,75,24,1,0,0
SN,AH,kalpa,29,53,22,6,44,72,38,5,28,6,75,24,1,0,0
SN,AH,kalpa,30,52,22,5,45,71,38,4,28,6,76,23,1,0,0
SN,AH,kalpa,31,52,22,5,45,69,39,4,28,6,77,23,1,0,0
SN,AH,kalpa,32,52,23,5,47,69,38,4,28,6,75,23,1,0,0
SN,AH,kalpa,33,53,23,5,45,69,38,4,27,7,76,23,1,0,0
SN,AH,kalpa,34,53,23,5,46,68,40,4,27,6,78,22,1,0,0
SN,AH,kalpa,35,54,23,5,46,68,40,4,27,6,77,22,1,0,0
SN,AH,kalpa,36,53,23,5,46,70,38,4,27,6,77,23,1,0,0
SN,AH,kalpa,37,53,22,5,47,70,37,4,27,6,78,23,1,0,0
SN,AH,kalpa,38,51,24,5,46,67,37,5,27,6,75,24,1,0,0
SN,AH,kalpa,39,52,24,5,46,68,36,5,27,6,75,23,1,0,0
SN,AH,kalpa,40,51,25,6,44,67,37,5,27,6,76,23,1,0,0
SN,AH,kalpa,41,51,25,6,43,67,36,5,27,6,77,24,1,0,0
SN,AH,kalpa,42,51,25,6,43,69,36,5,27,6,75,24,1,0,0
SN,AH,kalpa,43,50,25,6,43,69,36,5,27,6,77,23,1,0,0
SN,AH,kalpa,44,49,24,5,41,69,36,5,26,6,77,23,1,0,0
SN,AH,kalpa,45,48,24,5,41,68,37,5,27,5,76,25,1,0,0
SN,AH,kalpa,46,49,26,6,43,67,38,5,28,4,76,27,1,0,0
SN,AH,kalpa,47,49,27,6,42,65,39,5,28,4,76,28,1,0,0
SN,AH,kalpa,48,50,28,6,43,66,39,4,29,4,75,28,1,0,0
SN,AH,kalpa,49,50,27,6,43,64,40,4,29,4,77,28,1,0,0
SN,AH,kalpa,50,51,26,5,43,64,41,4,30,4,75,27,1,0,0
SN,AH,kalpa,51,50,26,5,43,61,44,4,30,4,75,28,1,0,0
SN,AH,kalpa,52,50,27,5,43,58,45,4,31,4,73,28,1,0,0
SN,AH,kalpa,53,51,27,5,43,59,43,4,32,3,73,28,1,0,0
SN,AH,kalpa,54,51,28,5,41,58,44,4,32,3,74,28,1,0,0
SN,AH,kalpa,55,51,27,5,40,59,44,4,32,3,75,28,1,0,0
SN,AH,kalpa,56,51,27,5,39,63,42,4,32,3,74,28,1,0,0
SN,AH,kalpa,57,51,28,5,40,61,43,4,32,3,73,28,1,0,0
SN,AH,kalpa,58,51,28,5,39,60,43,4,32,3,73,28,0,0,0
SN,AH,kalpa,59,51,27,5,41,59,43,4,31,4,73,28,0,0,0
SN,AH,kalpa,60,51,27,5,42,61,46,3,32,4,76,30,0,0,0
SN,AH,kalpa,61,52,28,5,42,61,47,3,32,4,74,29,0,0,0
SN,AH,kalpa,62,53,28,5,41,61,43,3,33,4,75,29,0,0,0
SN,AH,kalpa,63,54,28,5,41,61,44,3,34,3,73,29,0,0,0
SN,AH,kalpa,64,55,29,5,41,63,45,4,33,3,74,28,0,0,0
SN,AH,kalpa,65,54,30,5,41,64,44,4,33,3,74,28,0,0,0
SN,AH,kalpa,66,54,31,5,39,66,45,4,32,3,74,29,0,0,0
SN,AH,kalpa,67,55,30,5,37,67,43,4,32,3,76,30,0,0,0
SN,AH,kalpa,68,55,31,6,37,70,42,4,32,3,74,28,0,0,0
SN,AH,kalpa,69,55,32,6,38,70,42,4,32,3,72,28,0,0,0
SN,AH,kalpa,70,57,32,5,37,72,42,4,33,3,74,29,0,0,0
SN,AH,kalpa,71,55,33,5,37,72,43,4,34,2,74,29,0,0,0
SN,AH,kalpa,72,56,30,4,38,74,44,4,34,2,73,29,0,0,0
SN,AH,kalpa,73,57,30,4,37,74,44,4,34,2,73,29,0,0,0
SN,AH,kalpa,74,59,30,4,36,72,45,4,34,2,72,30,0,0,0
SN,AH,kalpa,75,59,30,4,37,72,45,4,34,2,72,29,0,0,0
SN,AH,kalpa,76,59,29,4,37,73,45,4,34,2,73,28,0,0,0
SN,AH,kalpa,77,60,31,4,38,72,45,4,34,2,71,27,0,0,0
SN,AH,kalpa,78,61,29,4,36,71,45,3,35,2,72,25,0,0,0
SN,AH,kalpa,79,61,30,4,35,71,46,3,35,2,71,25,0,0,0
SN,AH,kalpa,80,63,32,4,34,70,47,4,35,2,71,24,0,0,0
SN,AH,kalpa,81,63,33,4,35,69,46,4,35,2,71,24,0,0,0
SN,AH,kalpa,82,62,33,4,34,69,48,4,34,2,72,26,0,0,0
SN,AH,kalpa,83,61,33,4,35,71,48,4,35,1,70,26,0,0,0
SN,AH,kalpa,84,62,33,4,35,73,46,5,35,1,71,26,0,0,0
SN,AH,kalpa,85,60,33,4,35,71,46,5,35,1,70,26,0,0,0
SN,AH,kalpa,86,61,33,4,34,70,45,5,36,1,69,26,0,0,0
SN,AH,kalpa,87,62,34,4,33,68,45,5,36,1,70,26,0,0,0
SN,AH,kalpa,88,63,32,4,31,66,44,4,37,1,71,26,0,0,0
SN,AH,kalpa,89,62,32,4,32,64,44,4,37,1,72,27,0,0,0
SN,AH,kalpa,90,63,30,3,33,63,43,4,38,1,70,29,0,0,0
SN,AH,kalpa,91,63,30,3,33,62,44,4,38,1,71,28,0,0,0
SN,AH,kalpa,92,63,31,3,37,61,45,5,37,1,70,29,0,0,0
SN,AH,kalpa,93,62,30,3,37,60,45,5,37,1,68,29,0,0,0
SN,AH,kalpa,94,62,30,3,37,61,44,5,37,2,67,27,0,0,0
SN,AH,kalpa,95,62,31,3,38,61,43,5,37,2,68,25,0,0,0
SN,AH,kalpa,96,60,30,2,36,61,43,5,37,2,68,23,0,0,0
SN,AH,kalpa,97,60,29,2,35,64,42,5,37,2,69,22,0,0,0
SN,AH,kalpa,98,59,28,1,34,60,42,5,37,2,69,22,0,0,0
SN,AH,kalpa,99,60,28,1,35,59,41,5,37,2,69,22,0,0,0
SN,AH,kalpa,100,62,29,1,39,58,40,5,37,2,71,23,0,0,0
SN,AH,kalpa,101,62,29,1,39,61,37,5,37,2,72,22,0,0,0
SN,AH,kalpa,102,62,29,1,38,62,37,5,37,2,72,22,0,0,0
SN,AH,kalpa,103,62,29,1,38,61,39,5,37,2,71,22,0,0,0
SN,AH,kalpa,104,63,28,1,38,62,37,5,38,2,70,21,0,0,0
SN,AH,kalpa,105,63,28,1,39,61,37,5,38,2,71,20,0,0,0
SN,AH,kalpa,106,64,27,1,41,56,36,4,39,2,72,18,0,0,0
SN,AH,kalpa,107,64,27,1,40,57,35,4,39,2,73,18,0,0,0
SN,AH,kalpa,108,64,27,1,41,57,33,4,40,2,72,17,0,0,0
SN,AH,kalpa,109,64,28,1,40,57,33,4,40,2,72,17,0,0,0
SN,AH,kalpa,110,65,26,1,38,52,30,4,40,2,69,15,0,0,0
SN,AH,kalpa,111,64,25,1,37,54,29,4,40,2,70,16,0,0,0
SN,AH,kalpa,112,63,25,2,37,55,31,4,39,2,70,16,0,0,0
SN,AH,kalpa,113,62,24,2,38,55,31,4,39,2,71,16,0,0,0
SN,AH,kalpa,114,61,23,2,40,53,30,3,40,2,69,16,0,0,0
SN,AH,kalpa,115,62,23,2,40,52,30,3,40,2,68,17,0,0,0
SN,AH,kalpa,116,63,23,2,42,50,29,3,41,2,66,16,0,0,0
SN,AH,kalpa,117,63,23,2,42,49,30,3,41,2,67,15,0,0,0
SN,AH,kalpa,118,64,22,1,42,47,33,4,41,2,69,15,0,0,0
SN,AH,kalpa,119,64,21,1,42,48,32,4,41,2,70,15,0,0,0
SN,AH,kalpa,120,62,20,1,40,43,31,4,41,2,66,14,0,0,0
SN,AH,kalpa,121,62,21,1,40,44,30,4,41,2,65,14,0,0,0
SN,AH,kalpa,122,62,23,1,39,42,28,4,42,2,65,14,0,0,0
SN,AH,kalpa,123,61,22,1,40,44,27,4,42,2,65,14,0,0,0
SN,AH,kalpa,124,59,22,1,42,46,26,4,42,2,65,13,0,0,0
SN,AH,kalpa,125,58,22,1,42,46,27,4,42,2,65,13,0,0,0
SN,AH,kalpa,126,58,23,1,42,46,28,4,42,2,63,13,0,0,0
SN,AH,kalpa,127,58,21,1,41,48,28,4,42,2,64,13,0,0,0
SN,AH,kalpa,128,57,22,1,40,50,27,4,42,2,63,14,0,0,0
SN,AH,kalpa,129,57,22,1,40,50,26,4,42,2,64,14,0,0,0
SN,AH,kalpa,130,55,21,1,40,51,25,3,42,2,64,15,0,0,0
SN,AH,kalpa,131,55,21,1,39,51,26,3,42,2,64,15,0,0,0
SN,AH,kalpa,132,56,21,1,39,53,26,3,43,2,67,14,0,0,0
SN,AH,kalpa,133,56,22,1,39,52,26,3,43,2,67,14,0,0,0
SN,AH,kalpa,134,55,21,1,38,49,28,2,43,2,68,15,0,0,0
SN,AH,kalpa,135,56,21,1,39,50,29,2,43,2,69,15,0,0,0
SN,AH,kalpa,136,56,21,1,43,50,32,2,42,3,71,14,0,0,0
SN,AH,kalpa,137,55,20,1,43,51,33,2,41,4,69,16,0,0,0
SN,AH,kalpa,138,55,20,1,43,53,33,2,40,5,68,15,0,0,0
SN,AH,kalpa,139,56,20,1,42,54,33,2,40,5,68,14,0,0,0
SN,AH,kalpa,140,56,20,1,42,54,34,2,40,5,69,12,0,0,0
SN,AH,kalpa,141,56,20,1,43,57,33,2,40,5,66,12,0,0,0
SN,AH,kalpa,142,55,19,1,40,57,32,1,41,5,67,12,0,0,0
SN,AH,kalpa,143,56,19,1,41,58,32,1,41,5,69,12,0,0,0
SN,AH,kalpa,144,57,19,1,40,56,34,1,42,4,68,13,0,0,0
SN,AH,kalpa,145,57,19,1,39,56,35,1,42,4,67,14,0,0,0
SN,AH,kalpa,146,57,18,1,40,57,34,1,42,4,67,14,0,0,0
SN,AH,kalpa,147,57,18,1,40,56,34,1,42,4,67,15,0,0,0
SN,AH,kalpa,148,55,18,1,41,57,37,1,41,4,67,15,0,0,0
SN,AH,kalpa,149,55,18,1,40,58,37,1,41,4,67,15,0,0,0
SN,AH,kalpa,150,54,17,1,38,57,37,1,41,4,64,15,0,0,0
SN,AH,kalpa,151,55,17,1,39,54,37,1,41,4,65,15,0,0,0
SN,AH,kalpa,152,55,16,1,39,55,37,1,41,4,64,16,0,0,0
SN,AH,kalpa,153,54,16,1,39,57,35,1,41,4,66,15,0,0,0
SN,AH,kalpa,154,53,16,1,40,58,36,1,40,4,65,17,0,0,0
SN,AH,kalpa,155,54,16,1,40,57,36,1,40,4,65,17,0,0,0
SN,AH,kalpa,156,53,18,1,39,58,36,1,39,4,67,17,0,0,0
SN,AH,kalpa,157,53,17,1,41,57,36,1,39,4,67,17,0,0,0
SN,AH,kalpa,158,54,17,1,41,57,37,1,39,4,71,19,0,0,0
SN,AH,kalpa,159,54,17,1,42,56,38,1,40,3,70,19,0,0,0
SN,AH,kalpa,160,52,19,1,44,57,40,2,39,3,69,20,0,0,0
SN,AH,kalpa,161,53,19,1,45,56,40,2,38,4,69,19,0,0,0
SN,AH,kalpa,162,55,19,0,46,55,39,2,39,4,66,19,0,0,0
SN,AH,kalpa,163,55,19,0,47,54,38,2,39,4,66,20,0,0,0
SN,AH,kalpa,164,55,19,0,45,53,40,2,39,4,67,20,0,0,0
SN,AH,kalpa,165,56,18,0,46,53,40,2,39,4,67,19,0,0,0
SN,AH,kalpa,166,55,17,0,45,53,41,2,38,4,71,20,0,0,0
SN,AH,kalpa,167,55,18,0,45,54,42,2,38,4,68,20,0,0,0
SN,AH,kalpa,168,56,19,0,44,55,39,1,38,5,64,20,0,0,0
SN,AH,kalpa,169,58,19,0,44,53,39,1,37,6,64,20,0,0,0
SN,AH,kalpa,170,58,20,0,44,54,38,1,37,6,63,20,0,0,0
SN,AH,kalpa,171,58,19,0,44,55,38,1,37,6,63,20,0,0,0
SN,AH,kalpa,172,57,18,0,47,56,40,1,36,6,63,19,0,0,0
SN,AH,kalpa,173,57,19,0,47,56,40,1,36,6,62,19,0,0,0
SN,AH,kalpa,174,57,19,0,45,57,41,1,36,6,66,21,0,0,0
SN,AH,kalpa,175,57,19,0,44,56,40,1,35,6,64,21,0,1,0
SN,AH,kalpa,176,57,18,0,48,55,39,1,35,6,67,22,0,1,0
SN,AH,kalpa,177,56,18,0,50,54,39,1,34,7,68,23,0,1,0
SN,AH,kalpa,178,57,17,0,54,52,40,1,33,7,69,23,0,1,0
SN,AH,kalpa,179,57,18,0,55,52,39,1,33,7,68,23,0,1,0
SN,AH,kalpa,180,58,17,0,55,52,39,1,34,7,66,22,0,1,0
SN,AH,kalpa,181,58,16,0,56,53,38,1,34,7,66,22,0,1,0
SN,AH,kalpa,182,58,15,0,56,50,37,1,33,7,66,22,0,1,0
SN,AH,kalpa,183,59,15,0,56,49,37,1,33,7,65,23,0,1,0
SN,AH,kalpa,184,59,15,0,56,50,35,1,34,7,63,23,0,1,0
SN,AH,kalpa,185,60,15,0,55,50,34,1,34,7,63,24,0,1,0
SN,AH,kalpa,186,60,15,0,52,51,32,1,35,6,59,24,0,1,0
SN,AH,kalpa,187,59,15,0,53,52,31,1,36,5,60,23,0,1,0
SN,AH,kalpa,188,58,16,0,55,53,33,2,36,4,60,23,0,1,0
SN,AH,kalpa,189,57,17,0,55,53,34,2,36,4,59,23,0,1,0
SN,AH,kalpa,190,56,18,0,55,56,34,2,35,4,59,23,0,1,0
SN,AH,kalpa,191,55,18,0,55,56,34,2,35,4,60,23,0,1,0
SN,AH,kalpa,192,55,18,0,55,58,34,2,34,4,62,22,0,1,0
SN,AH,kalpa,193,55,19,0,56,58,34,2,34,4,60,22,0,1,0
SN,AH,kalpa,194,55,20,0,59,62,32,2,34,4,62,22,0,1,0
SN,AH,kalpa,195,55,19,0,59,61,34,2,34,4,62,22,0,1,0
SN,AH,kalpa,196,55,20,0,60,60,35,3,33,4,63,24,0,1,0
SN,AH,kalpa,197,55,21,0,61,60,35,3,33,4,62,23,0,1,0
SN,AH,kalpa,198,55,22,0,61,60,31,3,34,4,62,23,0,1,0
SN,AH,kalpa,199,54,22,0,61,61,31,3,34,4,62,23,0,1,0
SN,AH,kalpa,200,53,22,0,60,63,32,3,33,4,64,23,0,1,0
SN,AH,kalpa,201,52,22,0,59,66,32,3,33,4,63,23,0,1,0
SN,AH,kalpa,202,53,23,0,61,65,32,4,32,4,66,22,0,1,0
SN,AH,kalpa,203,53,24,0,61,65,33,4,32,4,64,22,0,1,0
SN,AH,kalpa,204,54,25,0,61,62,32,4,33,4,64,21,0,1,0
SN,AH,kalpa,205,53,26,0,60,63,33,4,33,4,62,22,0,1,0
SN,AH,kalpa,206,54,25,0,60,62,34,4,33,4,62,22,0,1,0
SN,AH,kalpa,207,55,25,0,58,62,35,4,33,4,62,22,0,1,0
SN,AH,kalpa,208,56,25,0,57,61,33,4,33,4,59,20,0,1,0
SN,AH,kalpa,209,56,24,0,56,62,33,4,33,4,60,20,0,1,0
SN,AH,kalpa,210,59,22,0,53,64,31,4,33,4,61,21,0,1,0
SN,AH,kalpa,211,58,23,0,52,64,32,4,34,3,61,21,0,1,0
SN,AH,kalpa,212,57,24,0,51,65,31,4,34,3,61,22,0,1,0
SN,AH,kalpa,213,57,24,0,49,65,33,4,34,3,62,21,0,1,0
SN,AH,kalpa,214,57,25,0,50,65,33,4,33,3,61,23,0,1,0
SN,AH,kalpa,215,55,25,0,48,65,34,4,33,3,64,23,0,1,0
SN,AH,kalpa,216,55,25,0,47,67,35,5,33,3,64,23,0,1,0
SN,AH,kalpa,217,56,25,0,47,66,34,5,33,3,64,24,0,1,0
SN,AH,kalpa,218,54,24,1,47,66,36,5,33,2,66,25,0,1,0
SN,AH,kalpa,219,53,24,1,47,67,36,5,34,1,66,25,0,1,0
SN,AH,kalpa,220,52,23,1,47,66,39,5,33,1,68,26,0,1,0
SN,AH,kalpa,221,52,23,1,46,65,39,5,33,1,70,26,0,1,0
SN,AH,kalpa,222,53,23,1,44,68,37,6,33,1,71,27,0,1,0
SN,AH,kalpa,223,53,23,1,43,66,38,6,33,1,72,28,0,1,0
SN,AH,kalpa,224,53,23,1,45,64,38,6,33,1,68,26,0,1,0
SN,AH,kalpa,225,53,23,1,49,64,39,6,34,1,68,26,0,0,0
SN,AH,kalpa,226,52,23,1,44,65,41,6,33,1,67,28,0,0,0
SN,AH,kalpa,227,52,24,1,43,65,41,6,34,0,66,27,0,0,0
SN,AH,kalpa,228,50,24,1,42,65,43,6,34,0,67,26,0,0,0
SN,AH,kalpa,229,51,22,1,42,64,43,6,34,0,69,26,0,0,0
SN,AH,kalpa,230,51,23,1,44,64,42,7,33,0,71,27,0,0,0
SN,AH,kalpa,231,52,24,1,44,63,43,7,33,0,69,27,0,0,0
SN,AH,kalpa,232,52,24,1,43,66,42,7,34,0,66,26,0,0,0
SN,AH,kalpa,233,52,24,1,42,67,42,7,34,0,67,25,0,0,0
SN,AH,kalpa,234,52,24,1,42,68,44,7,33,0,67,25,0,0,0
SN,AH,kalpa,235,52,25,1,43,68,44,7,33,0,66,24,0,0,0
SN,AH,kalpa,236,53,26,1,44,68,43,8,32,0,69,24,0,0,0
SN,AH,kalpa,237,54,27,1,43,67,44,8,32,0,69,23,0,0,0
SN,AH,kalpa,238,56,27,1,43,64,44,7,33,0,72,24,0,0,0
SN,AH,kalpa,239,56,27,1,42,65,44,7,33,0,72,24,0,0,0
SN,AH,kalpa,240,57,27,1,41,63,42,7,34,0,72,25,0,0,0
SN,AH,kalpa,241,58,27,1,40,64,42,7,34,0,71,25,0,0,0
SN,AH,kalpa,242,59,27,1,39,63,43,7,34,0,69,27,0,0,0
SN,AH,kalpa,243,59,26,1,37,65,43,7,34,0,70,27,0,0,0
SN,AH,kalpa,244,57,25,1,36,69,47,7,33,0,70,26,0,0,0
SN,AH,kalpa,245,57,25,1,37,71,44,7,33,0,71,25,0,0,0
SN,AH,kalpa,246,56,24,1,35,72,46,6,33,0,71,24,0,0,0
SN,AH,kalpa,247,56,23,1,34,72,46,6,33,0,73,24,0,0,0
SN,AH,kalpa,248,57,23,1,33,75,47,7,32,0,72,26,0,0,0
SN,AH,kalpa,249,57,23,1,33,75,48,7,31,1,71,26,0,0,0
SN,AH,kalpa,250,56,24,2,33,75,47,7,31,1,72,25,0,0,0
SN,AH,kalpa,251,56,25,2,33,74,47,7,31,1,71,26,0,0,0
SN,AH,kalpa,252,55,25,2,31,74,47,6,32,1,68,27,0,0,0
SN,AH,kalpa,253,55,24,2,32,73,47,6,32,1,69,27,0,0,0
SN,AH,kalpa,254,55,23,2,31,74,49,6,32,1,69,26,0,0,0
SN,AH,kalpa,255,55,22,2,31,73,50,6,32,1,71,25,0,0,0
SN,AH,kalpa,256,56,22,2,30,73,49,6,32,1,73,26,0,0,0
SN,AH,kalpa,257,55,22,2,32,73,48,6,32,1,74,27,0,0,0
SN,AH,kalpa,258,53,22,2,34,73,48,6,32,1,74,29,0,0,0
SN,AH,kalpa,259,53,22,2,35,73,47,6,31,2,75,30,0,0,0
SN,AH,kalpa,260,52,23,2,37,71,48,5,31,2,76,29,0,0,0
SN,AH,kalpa,261,52,22,2,39,71,47,5,30,3,78,29,0,0,0
SN,AH,kalpa,262,52,22,2,42,70,49,5,29,3,80,29,0,0,0
SN,AH,kalpa,263,52,22,2,44,71,47,5,29,3,80,30,0,0,0
SN,AH,kalpa,264,52,22,2,46,72,47,5,29,3,81,29,0,0,0
SN,AH,kalpa,265,52,22,2,48,73,46,5,29,3,80,30,0,0,0
SN,AH,kalpa,266,53,22,2,50,71,44,4,29,4,78,30,0,0,0
SN,AH,kalpa,267,52,21,2,52,71,43,4,29,4,81,30,0,0,0
SN,AH,kalpa,268,53,21,1,55,69,41,4,30,4,81,30,0,0,0
SN,AH,kalpa,269,52,21,1,57,68,41,4,29,5,82,31,0,0,0
SN,AH,kalpa,270,54,22,1,58,67,40,4,29,5,83,31,0,0,0
SN,AH,kalpa,271,55,21,1,59,66,40,4,29,5,84,32,0,0,0
SN,AH,kalpa,272,55,20,1,60,63,40,3,30,5,84,32,0,0,0
SN,AH,kalpa,273,56,19,1,61,64,39,3,30,5,85,32,0,0,0
SN,AH,kalpa,274,56,20,1,61,64,41,3,29,5,87,33,0,0,0
SN,AH,kalpa,275,57,20,1,59,65,40,3,29,5,89,34,0,0,0
SN,AH,kalpa,276,61,21,1,62,65,40,3,29,5,89,32,0,0,1
SN,AH,kalpa,277,62,20,1,62,65,40,3,29,5,90,33,0,0,1
SN,AH,kalpa,278,66,21,1,61,67,39,3,29,5,90,34,0,1,1
SN,AH,kalpa,279,65,21,1,62,67,39,3,28,6,91,35,0,1,1
SN,AH,kalpa,280,65,21,1,61,66,42,2,28,6,91,35,0,1,1
SN,AH,kalpa,281,64,20,1,62,67,41,2,28,6,93,36,0,1,1
SN,AH,kalpa,282,65,20,1,64,64,41,2,28,6,94,37,0,1,1
SN,AH,kalpa,283,64,19,1,66,64,41,2,27,7,95,38,0,1,1
SN,AH,kalpa,284,64,19,1,68,63,42,2,27,7,96,38,0,1,1
SN,AH,kalpa,285,63,18,1,69,63,42,2,27,7,98,39,0,1,1
SN,AH,kalpa,286,62,17,1,69,61,42,1,27,8,98,40,0,1,1
SN,AH,kalpa,287,63,16,1,70,61,41,1,26,9,99,41,0,1,1
SN,AH,kalpa,288,64,16,1,72,61,40,1,26,9,101,42,0,1,1
SN,AH,kalpa,289,64,15,1,75,59,39,1,26,9,103,43,0,1,1
SN,AH,kalpa,290,64,14,1,77,59,39,1,26,9,104,43,0,1,1
SN,AH,kalpa,291,64,14,1,79,56,39,1,25,10,106,44,0,1,1
SN,AH,kalpa,292,65,15,1,81,53,40,1,25,10,108,43,0,1,1
SN,AH,kalpa,293,65,15,1,84,50,40,1,24,11,109,44,0,1,1
SN,AH,kalpa,294,66,16,1,83,43,37,1,25,11,107,44,0,1,1
SN,AH,kalpa,295,66,16,1,83,41,37,1,25,11,109,44,0,1,1
SN,AH,kalpa,296,66,16,1,84,40,35,1,25,11,110,45,0,1,1
SN,AH,kalpa,297,67,17,1,85,39,35,1,25,11,108,45,0,1,1
SN,AH,kalpa,298,67,17,1,86,37,34,0,26,11,107,43,0,1,1
SN,AH,kalpa,299,67,17,1,87,38,33,0,27,10,106,43,0,1,1
SN,AH,kalpa,300,67,17,0,87,37,35,0,27,10,105,44,0,1,1
SN,AH,kalpa,301,67,17,0,88,35,36,0,27,10,106,43,0,1,1
SN,AH,kalpa,302,70,16,0,89,36,36,0,27,10,109,44,0,1,1
SN,AH,kalpa,303,70,16,0,88,36,36,0,27,10,109,45,0,1,1
SN,AH,kalpa,304,71,17,0,89,37,35,1,26,10,110,46,0,1,1
SN,AH,kalpa,305,71,17,0,90,38,34,1,26,10,109,46,0,1,1
SN,AH,kalpa,306,71,17,0,91,43,34,1,27,10,107,45,0,1,1
SN,AH,kalpa,307,71,17,0,89,43,35,1,27,10,107,44,0,1,1
SN,AH,kalpa,308,73,17,0,88,43,35,1,27,10,105,43,0,1,1
SN,AH,kalpa,309,74,18,0,86,43,35,1,28,9,104,42,0,1,1
SN,AH,kalpa,310,73,17,0,85,44,34,1,29,9,101,42,0,1,1
SN,AH,kalpa,311,74,17,0,84,43,35,1,30,8,99,42,0,1,1
SN,AH,kalpa,312,75,17,0,82,43,35,2,30,8,99,42,0,1,1
SN,AH,kalpa,313,76,18,0,80,42,35,2,30,8,98,42,0,1,1
SN,AH,kalpa,314,77,18,0,77,41,33,2,31,8,97,42,0,1,1
SN,AH,kalpa,315,77,19,0,75,41,33,2,31,8,96,42,0,1,1
SN,AH,kalpa,316,75,20,1,73,41,35,2,31,7,96,43,0,1,1
SN,AH,kalpa,317,75,20,1,73,41,36,2,31,7,94,42,0,1,1
SN,AH,kalpa,318,75,21,1,71,41,38,2,30,7,94,42,0,1,1
SN,AH,kalpa,319,75,22,1,69,43,38,2,31,6,92,41,0,1,1
SN,AH,kalpa,320,74,23,1,69,46,36,3,31,6,89,42,0,1,1
SN,AH,kalpa,321,73,23,1,69,47,36,3,30,7,88,41,0,1,1
SN,AH,kalpa,322,75,25,1,68,48,38,3,30,7,87,42,0,1,1
SN,AH,kalpa,323,76,25,1,68,47,39,3,30,7,85,41,0,1,1
SN,AH,kalpa,324,76,24,1,67,47,36,3,31,7,85,40,0,1,1
SN,AH,kalpa,325,76,25,1,65,47,36,3,30,8,84,40,0,1,1
SN,AH,kalpa,326,73,25,1,63,47,36,3,30,8,82,41,0,1,0
SN,AH,kalpa,327,72,26,1,63,47,36,3,30,8,81,40,0,1,0
SN,AH,kalpa,328,68,26,1,62,47,36,3,30,8,81,39,0,0,0
SN,AH,kalpa,329,68,26,1,60,49,37,3,31,7,79,38,0,0,0
SN,AH,kalpa,330,68,27,1,60,49,37,4,31,7,78,37,0,0,0
SN,AH,kalpa,331,69,27,1,58,48,38,4,31,7,78,36,0,0,0
SN,AH,kalpa,332,68,27,1,56,50,39,4,31,7,77,35,0,0,0
SN,AH,kalpa,333,70,27,1,55,49,39,4,32,6,75,35,0,0,0
SN,AH,kalpa,334,70,27,1,54,49,36,4,33,6,73,35,0,0,0
SN,AH,kalpa,335,71,27,1,53,49,36,4,33,6,71,35,0,0,0
SN,AH,kalpa,336,71,27,1,51,51,37,4,34,5,69,34,0,0,0
SN,AH,kalpa,337,70,29,1,50,51,37,4,35,4,68,33,0,0,0
SN,AH,kalpa,338,68,29,1,49,53,36,4,35,4,67,31,0,0,0
SN,AH,kalpa,339,68,29,1,47,53,37,4,35,4,67,30,0,0,0
SN,AH,kalpa,340,68,29,1,45,54,38,4,35,4,66,29,0,0,0
SN,AH,kalpa,341,68,30,1,44,53,40,4,36,3,64,28,0,0,0
SN,AH,kalpa,342,68,31,1,46,56,43,4,36,3,66,30,0,0,0
SN,AH,kalpa,343,68,31,1,44,56,44,4,37,2,65,30,0,0,0
SN,AH,kalpa,344,68,31,1,46,56,44,5,36,2,68,30,0,0,0
SN,AH,kalpa,345,69,32,1,45,56,44,5,36,2,67,30,0,0,0
SN,AH,kalpa,346,70,33,1,44,56,43,5,37,2,65,29,0,0,0
SN,AH,kalpa,347,69,32,1,45,55,43,5,37,2,67,29,0,0,0
SN,AH,kalpa,348,68,32,2,44,54,45,5,36,2,68,31,0,0,0
SN,AH,kalpa,349,69,32,2,43,52,45,5,35,3,70,31,0,0,0
SN,AH,kalpa,350,70,33,2,42,51,45,5,35,3,68,33,0,0,0
SN,AH,kalpa,351,70,34,2,41,52,44,5,35,3,68,33,0,0,0
SN,AH,kalpa,352,68,35,2,41,50,43,5,35,3,66,31,0,0,0
SN,AH,kalpa,353,69,36,2,41,50,43,5,35,3,65,30,0,0,0
SN,AH,kalpa,354,68,36,2,40,49,42,4,36,3,64,30,0,0,0
SN,AH,kalpa,355,68,37,2,39,50,41,4,36,3,64,30,0,0,0
SN,AH,kalpa,356,66,38,3,40,47,42,5,35,3,62,30,0,0,0
SN,AH,kalpa,357,68,38,3,40,46,41,5,35,3,61,31,0,0,0
SN,AH,kalpa,358,68,38,3,39,46,42,5,34,3,63,32,0,0,0
SN,AH,kalpa,359,67,37,3,41,45,43,5,34,3,62,33,0,0,0
SN,AH,kalpa,360,66,38,3,43,43,45,5,33,3,63,33,0,0,0
SN,AH,kalpa,361,65,38,3,42,46,44,5,33,3,63,33,0,0,0
SN,AH,kalpa,362,63,38,3,43,48,43,4,33,3,62,32,0,0,0
SN,AH,kalpa,363,62,38,3,43,49,44,4,33,3,62,31,0,0,0
SN,AH,kalpa,364,60,37,4,44,51,46,4,32,3,63,30,0,0,0
SN,AH,kalpa,365,61,36,4,44,50,48,4,32,3,62,30,0,0,0
SN,AH,kalpa,366,63,36,3,47,50,48,4,33,3,64,29,0,0,0
SN,AH,kalpa,367,64,36,3,45,51,48,4,32,4,64,29,0,0,0
SN,AH,kalpa,368,64,35,3,44,52,48,4,33,4,63,28,0,0,0
SN,AH,kalpa,369,65,35,3,43,51,49,4,33,4,63,28,0,0,0
SN,AH,kalpa,370,66,33,3,42,52,50,4,33,4,65,26,0,0,0
SN,AH,kalpa,371,66,34,3,41,53,51,4,34,3,63,26,0,0,0
SN,AH,kalpa,372,64,34,3,43,54,50,5,33,3,62,24,0,0,0
SN,AH,kalpa,373,63,35,3,42,56,49,5,33,3,62,24,0,0,0
SN,AH,kalpa,374,63,36,3,41,56,51,5,33,3,60,24,0,0,0
SN,AH,kalpa,375,63,35,3,41,56,53,5,34,2,60,23,0,0,0
SN,AH,kalpa,376,63,35,3,40,57,52,5,35,2,60,21,0,0,0
SN,AH,kalpa,377,63,34,3,40,56,53,5,35,2,61,21,0,0,0
SN,AH,kalpa,378,65,34,3,40,57,51,6,35,2,62,21,0,0,0
SN,AH,kalpa,379,65,35,3,42,55,50,6,35,2,62,21,0,0,0
SN,AH,kalpa,380,65,34,3,41,57,49,6,35,2,61,23,0,0,0
SN,AH,kalpa,381,64,34,3,42,57,49,6,35,2,61,23,0,0,0
SN,AH,kalpa,382,63,34,3,45,56,49,6,34,2,63,23,0,0,0
SN,AH,kalpa,383,61,34,3,45,57,50,6,34,2,63,23,0,0,0
SN,AH,kalpa,384,61,36,3,45,60,52,6,34,2,64,23,0,0,0
SN,AH,kalpa,385,60,36,3,44,61,53,6,34,2,65,22,0,0,0
SN,AH,kalpa,386,61,37,3,47,62,52,7,33,2,65,22,0,0,0
SN,AH,kalpa,387,61,35,3,47,62,52,7,33,2,67,22,0,0,0
SN,AH,kalpa,388,61,34,3,45,61,52,7,33,2,63,22,0,0,0
SN,AH,kalpa,389,61,35,3,44,63,52,7,33,2,61,22,0,0,0
SN,AH,kalpa,390,61,36,3,45,63,53,7,32,2,61,22,0,0,0
SN,AH,kalpa,391,62,35,3,46,63,51,7,32,2,62,22,0,0,0
SN,AH,kalpa,392,60,34,4,43,62,47,7,32,2,59,19,0,0,0
SN,AH,kalpa,393,60,34,4,42,64,46,7,32,2,60,18,0,0,0
SN,AH,kalpa,394,62,33,4,40,67,47,6,33,2,62,20,0,0,0
SN,AH,kalpa,395,60,33,4,41,69,47,6,32,3,60,21,0,0,0
SN,AH,kalpa,396,60,34,5,41,73,48,6,31,4,61,20,0,0,0
SN,AH,kalpa,397,59,35,5,41,75,48,6,30,4,59,20,0,0,0
SN,AH,kalpa,398,60,34,4,43,75,46,6,30,4,59,19,0,0,0
SN,AH,kalpa,399,58,34,4,45,74,48,6,31,3,58,19,0,0,0
SN,AH,kalpa,400,59,32,6,46,75,47,6,32,3,61,16,0,0,0
SN,AH,kalpa,401,58,30,6,48,74,49,6,31,4,61,16,0,0,0
SN,AH,kalpa,402,57,29,6,47,75,50,6,31,4,61,17,0,0,0
SN,AH,kalpa,403,56,28,6,47,75,51,6,31,4,61,18,0,0,0
SN,AH,kalpa,404,55,28,6,49,75,53,6,30,4,62,17,0,0,0
SN,AH,kalpa,405,57,27,6,49,75,53,6,30,4,61,17,0,0,0
SN,AH,kalpa,406,58,25,5,47,76,52,5,30,4,62,18,0,0,0
SN,AH,kalpa,407,56,25,5,48,77,53,5,30,4,62,17,0,0,0
SN,AH,kalpa,408,54,26,5,51,81,55,5,30,5,61,15,0,0,0
SN,AH,kalpa,409,54,26,5,50,82,55,5,30,5,62,14,0,0,0
SN,AH,kalpa,410,55,25,5,48,83,55,5,30,5,64,13,0,0,0
SN,AH,kalpa,411,56,25,5,48,80,55,5,30,5,65,14,0,0,0
SN,AH,kalpa,412,57,24,5,47,79,54,5,31,5,65,14,0,0,0
SN,AH,kalpa,413,57,23,5,48,81,53,5,31,5,64,14,0,0,0
SN,AH,kalpa,414,58,23,4,49,81,53,5,31,5,63,14,0,0,0
SN,AH,kalpa,415,57,24,4,49,83,51,5,31,5,64,13,0,0,0
SN,AH,kalpa,416,57,24,4,46,83,50,5,31,5,61,12,0,0,0
SN,AH,kalpa,417,57,25,4,47,83,49,5,31,5,60,12,0,0,0
SN,AH,kalpa,418,57,25,4,47,83,48,5,31,5,61,12,0,0,0
SN,AH,kalpa,419,57,25,4,47,84,47,5,31,5,61,12,0,0,0
SN,AH,kalpa,420,56,27,4,48,85,48,4,32,5,60,12,0,0,0
SN,AH,kalpa,421,56,26,4,48,84,48,4,32,5,62,12,0,0,0
SN,AH,kalpa,422,56,24,5,45,84,49,4,32,5,65,12,0,0,0
SN,AH,kalpa,423,55,23,5,46,83,50,4,32,5,66,12,0,0,0
SN,AH,kalpa,424,56,22,5,46,84,48,4,32,5,67,12,0,0,0
SN,AH,kalpa,425,56,22,5,47,85,46,4,32,5,67,12,0,0,0
SN,AH,kalpa,426,56,21,5,47,87,46,5,31,5,70,13,0,0,0
SN,AH,kalpa,427,56,21,5,47,88,45,5,31,5,70,13,0,0,0
SN,AH,kalpa,428,55,21,5,50,87,48,4,31,5,71,14,0,0,0
SN,AH,kalpa,429,55,20,5,49,88,49,4,31,5,70,15,0,0,0
SN,AH,kalpa,430,55,20,5,50,88,49,4,31,5,71,13,0,0,0
SN,AH,kalpa,431,56,21,5,49,89,48,4,31,5,70,13,0,0,0
SN,AH,kalpa,432,57,22,5,46,90,48,4,31,6,67,13,0,0,0
SN,AH,kalpa,433,57,23,5,46,89,48,4,31,6,68,12,0,0,0
SN,AH,kalpa,434,57,22,5,47,87,48,4,31,6,70,12,0,0,0
SN,AH,kalpa,435,57,22,5,47,88,47,4,31,6,70,12,0,0,0
SN,AH,kalpa,436,55,21,5,45,86,49,3,31,6,73,12,0,0,0
SN,AH,kalpa,437,55,23,5,45,86,49,3,31,6,70,13,0,0,0
SN,AH,kalpa,438,54,23,5,46,86,51,3,30,6,71,13,0,0,0
SN,AH,kalpa,439,54,22,5,46,86,50,3,30,6,71,15,0,0,0
SN,AH,kalpa,440,55,22,5,47,84,48,3,31,6,70,15,0,0,0
SN,AH,kalpa,441,54,22,5,46,85,48,3,31,6,71,15,0,0,0
SN,AH,kalpa,442,55,21,4,45,85,48,3,32,6,70,15,0,0,0
SN,AH,kalpa,443,55,21,4,45,85,48,3,32,6,69,16,0,0,0
SN,AH,kalpa,444,53,21,4,45,83,46,3,32,6,65,14,0,0,0
SN,AH,kalpa,445,54,21,4,46,82,46,3,33,5,65,13,0,0,0
SN,AH,kalpa,446,55,19,3,47,77,45,3,34,4,64,14,0,0,0
SN,AH,kalpa,447,56,18,3,45,76,46,3,35,4,65,15,0,0,0
SN,AH,kalpa,448,55,19,4,43,75,47,3,35,4,68,15,0,0,0
SN,AH,kalpa,449,56,20,4,41,77,45,3,35,4,68,15,0,0,0
SN,AH,kalpa,450,55,21,2,40,76,48,3,34,4,66,16,0,0,0
SN,AH,kalpa,451,56,21,2,39,77,46,3,35,3,67,16,0,0,0
SN,AH,kalpa,452,57,22,2,41,79,45,3,35,3,70,16,0,0,0
SN,AH,kalpa,453,57,23,2,41,80,43,3,35,3,71,15,0,0,0
SN,AH,kalpa,454,58,22,2,41,80,42,3,35,3,72,15,0,0,0
SN,AH,kalpa,455,56,23,2,41,80,43,3,35,3,72,15,0,0,0
SN,AH,kalpa,456,55,23,2,41,78,46,3,35,3,72,15,0,0,0
SN,AH,kalpa,457,55,23,2,40,79,46,3,35,3,72,15,0,0,0
SN,AH,kalpa,458,55,23,2,38,78,45,4,35,2,73,15,0,0,0
SN,AH,kalpa,459,56,24,2,37,78,44,4,35,2,73,15,0,0,0
SN,AH,kalpa,460,56,24,2,36,79,42,4,35,3,71,16,0,0,0
SN,AH,kalpa,461,55,25,2,38,79,43,4,35,3,69,15,0,0,0
SN,AH,kalpa,462,54,26,2,39,78,46,4,34,3,69,15,0,0,0
SN,AH,kalpa,463,54,27,2,39,77,46,4,34,3,69,15,0,0,0
SN,AH,kalpa,464,54,28,2,38,75,44,4,35,3,68,17,0,0,0
SN,AH,kalpa,465,54,27,2,39,74,45,4,35,3,68,17,0,0,0
SN,AH,kalpa,466,53,27,2,40,78,44,5,34,3,68,19,0,0,0
SN,AH,kalpa,467,52,26,2,40,77,44,5,35,2,70,20,0,0,0
SN,AH,kalpa,468,51,27,2,42,81,44,6,34,2,69,20,0,0,0
SN,AH,kalpa,469,50,26,2,44,80,44,6,34,2,70,20,0,0,0
SN,AH,kalpa,470,49,25,2,43,78,44,6,33,2,70,20,0,0,0
SN,AH,kalpa,471,51,25,2,43,78,43,6,33,2,68,21,0,0,0
SN,AH,kalpa,472,52,27,1,45,77,43,5,34,2,68,21,0,0,0
SN,AH,kalpa,473,52,27,1,44,76,43,5,34,2,70,21,0,0,0
SN,AH,kalpa,474,50,27,1,44,75,46,5,33,2,72,22,0,0,0
SN,AH,kalpa,475,50,28,1,43,75,47,5,33,2,71,22,0,0,0
SN,AH,kalpa,476,50,28,2,43,73,47,4,33,2,71,21,0,0,0
SN,AH,kalpa,477,50,29,2,42,74,47,4,33,2,69,22,0,0,0
SN,AH,kalpa,478,50,28,2,38,75,44,4,34,2,66,21,0,0,0
SN,AH,kalpa,479,50,28,2,37,76,43,4,34,2,67,21,0,0,0
SN,AH,kalpa,480,50,28,2,37,74,41,3,34,3,66,21,0,0,0
SN,AH,kalpa,481,49,27,2,37,75,42,3,34,3,66,21,0,0,0
SN,AH,kalpa,482,49,28,3,37,77,43,4,34,2,66,21,0,0,0
SN,AH,kalpa,483,49,27,3,36,80,42,4,33,3,66,21,0,0,0
SN,AH,kalpa,484,48,26,3,34,80,41,4,32,3,65,22,0,0,0
SN,AH,kalpa,485,48,26,3,36,79,41,4,32,3,64,22,0,0,0
SN,AH,kalpa,486,49,26,3,35,79,39,4,33,3,62,23,0,0,0
SN,AH,kalpa,487,49,24,3,35,79,40,4,33,3,64,22,0,0,0
SN,AH,kalpa,488,50,25,3,35,79,37,4,33,4,62,22,0,0,0
SN,AH,kalpa,489,50,25,3,35,78,38,4,32,5,64,20,0,0,0
SN,AH,kalpa,490,50,25,3,36,82,39,4,32,5,66,20,0,0,0
SN,AH,kalpa,491,50,26,3,35,84,39,4,32,5,64,20,0,0,0
SN,AH,kalpa,492,51,28,3,36,87,40,4,32,5,64,20,0,0,0
SN,AH,kalpa,493,51,28,3,37,87,40,4,31,6,64,19,0,0,0
SN,AH,kalpa,494,51,29,3,37,87,40,4,30,6,65,20,0,0,0
SN,AH,kalpa,495,51,29,3,35,87,40,4,30,6,67,20,0,0,0
SN,AH,kalpa,496,50,29,3,34,89,40,4,30,6,68,19,0,0,0
SN,AH,kalpa,497,50,29,3,35,88,39,4,30,6,69,19,0,0,0
SN,AH,kalpa,498,52,28,2,35,89,38,4,31,6,66,19,0,0,0
SN,AH,kalpa,499,52,27,2,35,89,38,4,31,6,66,20,0,0,0
SN,AH,kalpa,500,53,26,2,36,93,34,5,31,6,68,19,0,0,0
SN,AH,kalpa,501,53,26,2,35,92,35,5,30,7,68,20,0,0,0
SN,AH,kalpa,502,52,25,2,34,90,37,5,29,7,66,20,0,0,0
SN,AH,kalpa,503,52,25,2,34,89,39,5,29,7,65,20,0,0,0
SN,AH,kalpa,504,52,28,2,32,90,40,6,29,7,63,21,0,0,0
SN,AH,kalpa,505,52,28,2,33,88,39,6,29,7,63,23,0,0,0
SN,AH,kalpa,506,52,29,3,33,88,38,6,29,7,63,22,0,0,0
SN,AH,kalpa,507,52,29,3,34,88,37,6,29,7,63,22,0,0,0
SN,AH,kalpa,508,52,29,3,35,86,35,5,30,7,61,22,0,0,0
SN,AH,kalpa,509,51,28,3,37,85,36,5,30,7,60,23,0,0,0
SN,AH,kalpa,510,51,28,3,38,85,36,5,31,6,60,22,0,0,0
SN,AH,kalpa,511,52,27,3,37,85,37,5,31,6,60,22,0,0,0
SN,AH,kalpa,512,53,30,3,36,84,34,6,31,6,62,23,0,0,0
SN,AH,kalpa,513,55,29,3,35,84,34,6,31,6,62,23,0,0,0
SN,AH,kalpa,514,54,30,3,34,85,37,6,30,6,63,22,0,0,0
SN,AH,kalpa,515,54,30,3,34,84,37,6,30,6,64,22,0,0,0
SN,AH,kalpa,516,54,29,3,35,82,39,6,30,6,66,20,0,0,0
SN,AH,kalpa,517,53,31,3,37,82,39,6,30,6,64,19,0,0,0
SN,AH,kalpa,518,54,30,3,37,77,41,5,30,6,64,20,0,0,0
SN,AH,kalpa,519,54,31,3,36,77,41,5,30,6,64,20,0,0,0
SN,AH,kalpa,520,55,32,3,37,77,39,6,30,6,65,20,0,0,0
SN,AH,kalpa,521,52,32,3,37,76,39,6,30,6,65,19,0,0,0
SN,AH,kalpa,522,51,31,3,35,74,38,6,30,6,63,20,0,0,0
SN,AH,kalpa,523,51,31,3,36,76,37,6,30,6,61,20,0,0,0
SN,AH,kalpa,524,52,31,3,36,77,35,6,31,6,59,19,0,0,0
SN,AH,kalpa,525,53,31,3,36,75,35,6,31,6,60,19,0,0,0
SN,AH,kalpa,526,53,32,2,38,74,35,6,31,6,58,20,0,0,0
SN,AH,kalpa,527,55,32,2,38,72,35,6,31,6,59,19,0,0,0
SN,AH,kalpa,528,56,35,3,39,71,36,6,30,6,63,20,0,0,0
SN,AH,kalpa,529,56,35,3,39,71,37,6,30,6,63,19,0,0,0
SN,AH,kalpa,530,56,34,3,38,73,39,6,30,5,64,19,0,0,0
SN,AH,kalpa,531,57,34,3,39,72,38,6,30,5,64,19,0,0,0
SN,AH,kalpa,532,59,33,2,41,74,36,6,30,5,68,21,0,0,0
SN,AH,kalpa,533,59,33,2,42,73,36,6,31,4,68,21,0,0,0
SN,AH,kalpa,534,59,33,2,43,72,38,6,31,4,67,20,0,0,0
SN,AH,kalpa,535,60,33,2,41,71,38,6,31,4,67,22,0,0,0
SN,AH,kalpa,536,59,33,2,42,73,39,6,30,4,68,21,0,0,0
SN,AH,kalpa,537,59,33,2,43,73,38,6,30,4,68,21,0,0,0
SN,AH,kalpa,538,59,34,2,41,77,39,7,30,3,69,21,0,0,0
SN,AH,kalpa,539,60,34,2,42,78,38,7,31,2,67,21,0,0,0
SN,AH,kalpa,540,58,33,2,41,76,38,7,30,2,68,21,0,0,0
SN,AH,kalpa,541,58,32,2,44,73,38,7,30,2,69,21,0,0,0
SN,AH,kalpa,542,59,32,2,46,69,37,8,29,2,68,21,0,0,0
SN,AH,kalpa,543,59,32,2,46,69,37,8,30,1,68,21,0,0,0
SN,AH,kalpa,544,59,32,2,46,68,37,8,31,1,67,20,0,0,0
SN,AH,kalpa,545,58,31,2,49,68,37,8,31,1,66,20,0,0,0
SN,AH,kalpa,546,58,32,2,49,67,38,8,31,1,64,21,0,0,0
SN,AH,kalpa,547,58,32,2,48,69,38,8,31,1,64,20,0,0,0
SN,AH,kalpa,548,58,32,3,51,70,39,9,30,1,64,19,0,0,0
SN,AH,kalpa,549,58,33,3,52,68,40,9,30,1,64,18,0,0,0
SN,AH,kalpa,550,57,33,3,54,65,40,8,31,1,61,18,0,0,0
SN,AH,kalpa,551,57,33,3,56,65,40,8,32,0,59,18,0,0,0
SN,AH,kalpa,552,57,33,3,56,64,41,8,32,0,58,19,0,0,0
SN,AH,kalpa,553,58,33,3,56,65,39,8,32,0,58,19,0,0,0
SN,AH,kalpa,554,57,32,3,58,63,38,7,32,0,59,19,0,0,0
SN,AH,kalpa,555,57,32,3,57,64,39,7,32,0,60,17,0,0,0
SN,AH,kalpa,556,59,31,2,60,66,38,7,33,0,61,17,0,0,0
SN,AH,kalpa,557,59,31,2,59,66,39,7,33,0,61,17,0,0,0
SN,AH,kalpa,558,58,31,2,59,66,40,7,33,0,61,17,0,0,0
SN,AH,kalpa,559,59,31,2,59,67,39,7,33,0,61,16,0,0,0
SN,AH,kalpa,560,60,32,2,59,65,39,7,33,0,61,16,0,0,0
SN,AH,kalpa,561,59,32,2,58,66,38,7,33,0,63,16,0,0,0
SN,AH,kalpa,562,59,29,2,58,67,38,6,34,0,61,15,0,0,0
SN,AH,kalpa,563,58,29,2,59,66,38,6,34,0,62,15,0,0,0
SN,AH,kalpa,564,58,27,2,60,67,36,6,34,1,62,14,0,0,0
SN,AH,kalpa,565,58,28,2,60,68,36,6,34,1,60,14,0,0,0
SN,AH,kalpa,566,58,29,2,59,71,36,5,35,1,59,15,0,0,0
SN,AH,kalpa,567,59,27,2,56,72,37,5,35,1,61,15,0,0,0
SN,AH,kalpa,568,58,27,2,56,72,36,5,35,1,64,14,0,0,0
SN,AH,kalpa,569,57,26,2,55,71,36,5,35,1,63,14,0,0,0
SN,AH,kalpa,570,57,27,2,54,75,39,5,35,1,61,15,0,0,0
SN,AH,kalpa,571,58,27,2,55,75,41,5,35,1,61,16,0,0,0
SN,AH,kalpa,572,58,28,2,56,78,43,6,34,1,60,15,0,0,0
SN,AH,kalpa,573,59,28,2,55,78,43,6,34,1,60,15,0,0,0
SN,AH,kalpa,574,58,28,2,56,79,43,7,33,1,63,16,0,0,0
SN,AH,kalpa,575,57,27,2,56,81,42,7,33,1,64,16,0,0,0
SN,AH,kalpa,576,57,27,2,56,80,42,7,33,1,65,16,0,0,0
SN,AH,kalpa,577,55,27,2,56,82,42,7,33,1,65,16,0,0,0
SN,AH,kalpa,578,54,25,1,55,84,42,7,33,1,61,15,0,0,0
SN,AH,kalpa,579,53,25,1,55,82,41,7,32,1,60,15,0,1,0
SN,AH,kalpa,580,52,25,1,56,84,39,7,33,1,58,15,0,1,0
