Text_Type,Book,Chapter,Window,LG,LLG,L,GLL,GGL,LGL,G,GGG,LGG,GLG,LLL,GG,LL
SN,AH,nidana,1,1,7,2,7,23,26,22,42,13,23,0,0,0
SN,AH,nidana,2,1,9,2,7,22,27,22,41,13,22,0,0,0
SN,AH,nidana,3,1,10,2,8,22,26,21,39,15,23,1,0,0
SN,AH,nidana,4,1,10,2,8,22,26,21,39,16,22,1,0,0
SN,AH,nidana,5,1,10,2,8,22,27,21,37,16,23,1,0,0
SN,AH,nidana,6,1,10,2,9,22,26,21,38,14,24,1,0,0
SN,AH,nidana,7,1,10,2,10,23,26,21,36,13,25,1,0,0
SN,AH,nidana,8,1,10,3,11,23,26,20,34,14,25,1,0,0
SN,AH,nidana,9,1,11,3,12,24,27,19,30,16,26,1,0,0
SN,AH,nidana,10,1,12,3,13,23,27,19,30,16,25,1,0,0
SN,AH,nidana,11,1,13,3,14,22,28,18,29,17,26,1,0,0
SN,AH,nidana,12,1,12,3,13,22,28,18,30,17,27,1,0,0
SN,AH,nidana,13,1,11,3,13,21,28,18,32,17,27,1,0,0
SN,AH,nidana,14,1,10,3,14,20,28,18,33,16,27,2,0,0
SN,AH,nidana,15,1,9,3,13,21,28,18,33,15,29,2,0,0
SN,AH,nidana,16,1,9,3,13,21,29,18,33,15,28,2,0,0
SN,AH,nidana,17,1,10,3,14,22,30,18,30,15,27,2,0,0
SN,AH,nidana,18,1,10,3,13,22,29,18,30,16,28,2,0,0
SN,AH,nidana,19,2,11,2,14,22,31,18,31,17,27,2,0,0
SN,AH,nidana,20,1,10,2,15,22,32,19,30,18,26,2,0,0
SN,AH,nidana,21,1,10,2,16,21,32,18,30,19,28,2,0,0
SN,AH,nidana,22,1,11,2,15,19,31,18,32,19,29,2,0,0
SN,AH,nidana,23,1,11,2,15,18,32,18,32,18,30,2,0,0
SN,AH,nidana,24,1,11,1,15,18,31,18,30,17,29,2,1,0
SN,AH,nidana,25,1,12,1,15,16,31,18,31,18,28,2,1,0
SN,AH,nidana,26,1,11,1,16,13,28,18,27,17,23,2,1,0
SN,AH,nidana,27,1,9,1,17,13,27,17,28,18,26,2,1,0
SN,AH,nidana,28,1,8,1,16,14,28,18,28,16,26,1,1,0
SN,AH,nidana,29,1,8,1,15,15,29,18,29,14,26,1,1,0
SN,AH,nidana,30,1,9,1,15,15,28,18,31,14,24,1,1,0
SN,AH,nidana,31,1,9,2,14,16,29,17,30,14,24,1,1,0
SN,AH,nidana,32,1,9,2,14,17,29,17,30,14,23,1,1,0
SN,AH,nidana,33,1,10,1,12,19,29,18,30,13,23,1,1,0
SN,AH,nidana,34,1,9,1,11,19,28,19,33,11,22,1,1,0
SN,AH,nidana,35,1,9,1,10,20,27,18,35,11,24,1,1,0
SN,AH,nidana,36,1,8,1,9,21,27,19,36,10,22,1,1,0
SN,AH,nidana,37,1,9,1,9,22,27,19,34,10,22,1,1,0
SN,AH,nidana,38,1,9,1,9,22,28,19,33,9,23,1,1,0
SN,AH,nidana,39,1,9,1,8,23,27,18,33,11,25,1,1,0
SN,AH,nidana,40,1,9,1,8,23,28,18,35,10,23,1,1,0
SN,AH,nidana,41,1,10,1,8,22,27,18,37,9,23,1,1,0
SN,AH,nidana,42,1,9,1,7,22,27,18,38,9,24,1,1,0
SN,AH,nidana,43,1,9,1,7,21,28,18,39,8,24,1,1,0
SN,AH,nidana,44,0,9,1,7,20,26,19,37,8,24,1,1,0
SN,AH,nidana,45,0,9,1,6,19,26,19,39,7,25,1,1,0
SN,AH,nidana,46,0,9,1,5,18,27,20,38,7,24,1,1,0
SN,AH,nidana,47,0,8,1,6,20,26,19,36,9,26,1,1,0
SN,AH,nidana,48,0,8,1,7,20,25,19,36,9,26,1,1,0
SN,AH,nidana,49,0,9,1,7,21,27,20,36,9,27,1,0,0
SN,AH,nidana,50,0,9,1,7,21,27,20,35,9,28,1,0,0
SN,AH,nidana,51,0,10,1,6,23,26,20,34,9,28,1,0,0
SN,AH,nidana,52,0,10,1,5,22,27,21,33,10,26,1,0,0
SN,AH,nidana,53,0,9,1,5,21,28,21,33,10,27,1,0,0
SN,AH,nidana,54,0,9,1,5,21,28,21,33,11,26,1,0,0
SN,AH,nidana,55,0,8,1,6,22,29,21,31,11,26,1,0,0
SN,AH,nidana,56,0,8,0,6,21,28,22,32,12,26,1,0,0
SN,AH,nidana,57,0,8,0,5,20,28,22,33,13,26,1,0,0
SN,AH,nidana,58,0,7,0,5,18,29,22,34,13,27,1,0,0
SN,AH,nidana,59,0,9,0,5,18,29,21,32,13,30,1,0,0
SN,AH,nidana,60,0,9,0,5,19,30,22,29,13,28,1,0,0
SN,AH,nidana,61,0,9,0,5,20,30,22,29,12,28,1,0,0
SN,AH,nidana,62,0,8,0,6,21,29,22,29,13,27,1,0,0
SN,AH,nidana,63,0,8,1,7,22,27,21,28,14,27,1,0,0
SN,AH,nidana,64,0,8,1,7,21,28,22,28,13,26,0,0,0
SN,AH,nidana,65,0,9,1,7,20,27,22,28,14,26,0,0,0
SN,AH,nidana,66,0,9,1,6,20,27,22,28,15,26,0,0,0
SN,AH,nidana,67,0,9,2,6,19,26,21,30,15,26,0,0,0
SN,AH,nidana,68,0,9,2,7,20,25,21,29,16,25,0,0,0
SN,AH,nidana,69,0,8,2,6,23,24,21,31,15,24,0,0,0
SN,AH,nidana,70,0,8,2,6,23,23,21,28,15,23,0,0,0
SN,AH,nidana,71,0,8,2,7,23,24,21,27,16,21,0,0,0
SN,AH,nidana,72,0,8,2,6,21,24,21,27,14,18,0,0,0
SN,AH,nidana,73,0,8,3,5,22,24,20,27,15,17,0,0,0
SN,AH,nidana,74,0,7,3,5,21,22,20,27,15,16,0,0,0
SN,AH,nidana,75,0,6,3,6,22,23,20,26,14,18,0,0,0
SN,AH,nidana,76,0,5,3,7,22,24,20,26,14,19,0,0,0
SN,AH,nidana,77,0,7,3,8,22,24,20,26,12,19,1,0,0
SN,AH,nidana,78,0,9,3,9,22,23,20,26,12,18,2,0,0
SN,AH,nidana,79,0,9,3,9,23,21,20,28,11,20,2,0,0
SN,AH,nidana,80,0,9,4,8,24,19,19,30,11,22,2,0,0
SN,AH,nidana,81,0,9,4,8,25,18,18,32,12,22,3,0,0
SN,AH,nidana,82,0,9,5,8,26,18,17,31,11,23,3,0,0
SN,AH,nidana,83,0,9,5,8,27,17,17,31,12,22,3,0,0
SN,AH,nidana,84,0,8,5,9,26,17,18,30,13,20,3,0,0
SN,AH,nidana,85,0,7,5,9,24,17,17,30,16,22,4,0,0
SN,AH,nidana,86,0,7,5,9,22,17,17,28,17,25,4,0,0
SN,AH,nidana,87,0,8,5,8,20,18,17,29,16,26,4,0,0
SN,AH,nidana,88,0,9,4,7,20,19,18,30,15,25,4,0,0
SN,AH,nidana,89,0,9,4,8,20,19,17,29,17,26,4,0,0
SN,AH,nidana,90,0,8,4,8,20,19,17,29,17,27,4,0,0
SN,AH,nidana,91,0,8,4,8,21,19,16,27,18,30,4,0,0
SN,AH,nidana,92,0,8,3,8,22,20,17,24,19,30,4,0,0
SN,AH,nidana,93,0,9,3,8,22,19,16,24,20,32,4,0,0
SN,AH,nidana,94,0,9,3,8,20,20,16,23,20,34,4,0,0
SN,AH,nidana,95,0,10,3,8,21,21,15,24,23,35,4,0,0
SN,AH,nidana,96,0,10,3,7,22,20,15,25,22,36,4,0,0
SN,AH,nidana,97,0,10,3,7,22,21,16,26,23,38,4,0,0
SN,AH,nidana,98,0,10,2,7,21,20,17,25,22,37,4,0,0
SN,AH,nidana,99,0,10,2,7,22,21,17,27,23,37,4,0,0
SN,AH,nidana,100,0,10,2,6,22,20,17,28,24,35,4,0,0
SN,AH,nidana,101,0,10,2,5,21,20,17,28,25,34,4,0,0
SN,AH,nidana,102,0,9,2,4,22,21,17,27,25,34,3,0,0
SN,AH,nidana,103,0,7,2,3,25,20,16,28,26,35,2,0,0
SN,AH,nidana,104,0,7,2,4,24,21,16,26,26,34,2,0,0
SN,AH,nidana,105,0,7,1,4,23,22,17,25,26,33,2,0,0
SN,AH,nidana,106,0,7,1,4,22,23,18,24,25,32,1,0,0
SN,AH,nidana,107,0,8,0,4,20,23,19,24,26,32,1,0,0
SN,AH,nidana,108,0,8,0,4,20,23,19,23,26,33,1,0,0
SN,AH,nidana,109,0,7,0,3,21,24,19,24,26,32,1,0,0
SN,AH,nidana,110,0,7,0,3,22,25,20,23,23,32,0,0,0
SN,AH,nidana,111,0,7,0,4,22,25,20,23,25,29,0,0,0
SN,AH,nidana,112,0,7,0,4,23,25,20,22,25,29,0,0,0
SN,AH,nidana,113,0,6,0,5,24,25,20,21,25,29,0,0,0
SN,AH,nidana,114,0,6,0,4,23,25,21,22,24,28,0,0,0
SN,AH,nidana,115,0,7,0,4,27,27,21,22,24,29,0,0,0
SN,AH,nidana,116,0,6,0,4,27,27,22,24,22,27,0,0,0
SN,AH,nidana,117,0,7,0,5,25,27,21,26,22,28,0,0,0
SN,AH,nidana,118,0,6,0,4,24,28,22,26,21,28,0,0,0
SN,AH,nidana,119,1,7,0,4,24,28,21,28,22,29,0,0,0
SN,AH,nidana,120,1,6,0,4,24,28,22,28,20,29,0,0,0
SN,AH,nidana,121,1,7,0,4,24,27,21,28,21,31,0,0,0
SN,AH,nidana,122,1,7,0,4,24,28,21,29,21,29,0,0,0
SN,AH,nidana,123,1,7,0,4,26,30,21,29,21,30,0,0,0
SN,AH,nidana,124,1,7,0,4,27,29,21,29,20,31,0,0,0
SN,AH,nidana,125,1,7,0,4,27,28,21,30,19,32,0,0,0
SN,AH,nidana,126,1,7,0,5,27,28,21,31,18,31,0,0,0
SN,AH,nidana,127,1,7,0,5,27,27,21,32,18,31,0,0,0
SN,AH,nidana,128,1,8,0,5,24,28,22,33,17,29,0,0,0
SN,AH,nidana,129,1,8,0,4,23,29,22,34,17,29,0,0,0
SN,AH,nidana,130,1,9,0,5,22,29,22,33,18,28,0,0,0
SN,AH,nidana,131,1,9,0,5,22,29,22,32,17,30,0,0,0
SN,AH,nidana,132,1,8,0,5,22,29,22,33,16,31,0,0,0
SN,AH,nidana,133,1,8,0,5,22,29,22,35,15,30,0,0,0
SN,AH,nidana,134,1,9,0,6,21,29,22,35,14,30,0,0,0
SN,AH,nidana,135,1,10,0,7,20,28,21,35,17,30,0,0,0
SN,AH,nidana,136,1,11,1,6,20,29,20,36,15,30,0,0,0
SN,AH,nidana,137,1,10,1,7,20,28,19,35,17,33,0,0,0
SN,AH,nidana,138,1,11,1,6,18,29,19,36,17,33,0,0,0
SN,AH,nidana,139,1,12,1,6,19,29,19,36,16,32,0,0,0
SN,AH,nidana,140,1,11,1,6,15,27,19,36,15,32,0,0,0
SN,AH,nidana,141,1,12,1,6,16,27,19,34,15,32,0,0,0
SN,AH,nidana,142,1,11,1,5,16,28,20,34,15,30,0,0,0
SN,AH,nidana,143,1,12,1,5,18,28,19,34,15,30,0,0,0
SN,AH,nidana,144,0,12,1,5,18,29,20,31,15,27,0,0,0
SN,AH,nidana,145,0,12,1,5,17,29,20,30,15,29,0,0,0
SN,AH,nidana,146,0,12,1,6,17,30,21,29,13,27,0,0,0
SN,AH,nidana,147,0,12,1,6,20,29,20,27,13,30,0,0,0
SN,AH,nidana,148,0,12,1,6,18,28,20,28,14,31,0,0,0
SN,AH,nidana,149,0,14,1,6,18,29,20,26,14,30,0,0,0
SN,AH,nidana,150,0,14,1,6,18,30,20,25,14,30,0,0,0
SN,AH,nidana,151,0,14,1,5,19,31,20,24,14,30,0,0,0
SN,AH,nidana,152,0,13,1,5,18,31,20,26,14,30,0,0,0
SN,AH,nidana,153,0,13,1,6,18,32,19,25,15,31,0,0,0
SN,AH,nidana,154,0,13,2,7,19,31,18,24,15,31,0,0,0
SN,AH,nidana,155,0,13,2,8,19,30,17,24,16,33,0,0,0
SN,AH,nidana,156,0,14,2,8,19,30,17,24,16,32,0,0,0
SN,AH,nidana,157,0,14,3,9,20,30,16,23,16,31,0,0,0
SN,AH,nidana,158,0,14,3,9,20,30,16,22,16,32,0,0,0
SN,AH,nidana,159,0,13,3,8,22,28,15,23,17,35,0,0,0
SN,AH,nidana,160,0,12,3,8,23,28,16,25,14,33,0,0,0
SN,AH,nidana,161,0,12,2,8,24,28,17,24,13,34,0,0,0
SN,AH,nidana,162,0,12,2,7,25,29,18,25,11,31,0,0,0
SN,AH,nidana,163,0,12,2,8,26,28,17,24,13,32,0,0,0
SN,AH,nidana,164,0,11,2,8,26,28,17,25,12,33,0,0,0
SN,AH,nidana,165,0,11,2,8,26,28,17,25,12,33,0,0,0
SN,AH,nidana,166,0,11,2,8,25,29,17,26,12,32,0,0,0
SN,AH,nidana,167,0,11,2,9,25,28,17,25,12,33,0,0,0
SN,AH,nidana,168,0,11,2,10,23,28,18,24,12,32,0,0,0
SN,AH,nidana,169,0,12,2,10,23,27,18,25,11,32,0,0,0
SN,AH,nidana,170,0,12,2,11,24,27,18,26,10,30,0,0,0
SN,AH,nidana,171,0,11,2,10,25,26,18,27,11,30,0,0,0
SN,AH,nidana,172,0,12,2,10,22,26,19,30,10,27,0,0,0
SN,AH,nidana,173,0,13,2,10,22,25,18,32,10,27,1,0,0
SN,AH,nidana,174,0,11,2,11,20,26,18,33,11,27,1,0,0
SN,AH,nidana,175,0,11,2,12,19,26,17,33,13,28,1,0,0
SN,AH,nidana,176,0,11,2,12,20,26,17,32,13,28,1,0,0
SN,AH,nidana,177,0,11,2,12,22,27,17,29,13,28,1,0,0
SN,AH,nidana,178,0,10,2,13,22,27,18,27,12,28,1,0,0
SN,AH,nidana,179,0,12,1,13,23,27,18,26,12,28,2,0,0
SN,AH,nidana,180,0,11,1,11,23,29,19,26,11,27,2,0,0
SN,AH,nidana,181,1,11,1,13,22,30,18,27,11,28,3,0,0
SN,AH,nidana,182,1,11,0,12,22,30,19,26,12,29,3,0,0
SN,AH,nidana,183,1,13,0,12,21,30,19,26,12,28,3,0,0
SN,AH,nidana,184,1,13,0,12,19,31,20,26,12,26,3,0,0
SN,AH,nidana,185,1,13,0,12,18,32,20,25,12,27,3,0,0
SN,AH,nidana,186,1,13,0,12,17,31,20,27,12,27,3,0,0
SN,AH,nidana,187,1,14,0,13,15,31,20,27,13,26,3,0,0
SN,AH,nidana,188,1,13,0,13,15,33,21,27,11,24,3,0,0
SN,AH,nidana,189,1,13,0,14,15,34,21,26,11,26,4,0,0
SN,AH,nidana,190,1,13,1,16,16,35,20,25,11,26,5,0,0
SN,AH,nidana,191,1,12,1,17,15,36,20,24,11,27,5,0,0
SN,AH,nidana,192,1,12,1,16,16,36,20,24,10,28,5,0,0
SN,AH,nidana,193,1,12,1,15,17,36,20,25,9,28,5,0,0
SN,AH,nidana,194,1,10,1,15,16,36,20,26,9,30,5,0,0
SN,AH,nidana,195,1,10,2,15,15,36,19,27,10,29,5,0,0
SN,AH,nidana,196,1,10,2,15,14,37,19,26,9,31,5,0,0
SN,AH,nidana,197,1,9,2,17,15,38,18,24,10,32,5,0,0
SN,AH,nidana,198,1,8,2,17,16,40,19,22,10,30,4,0,0
SN,AH,nidana,199,1,9,2,16,16,39,19,24,9,30,4,0,0
SN,AH,nidana,200,1,10,2,15,16,39,20,24,7,29,4,0,0
SN,AH,nidana,201,1,11,3,16,13,39,19,24,7,30,4,0,0
SN,AH,nidana,202,1,12,3,16,12,38,19,25,7,30,4,0,0
SN,AH,nidana,203,1,12,4,14,13,37,18,27,7,30,4,0,0
SN,AH,nidana,204,1,10,4,13,11,38,19,29,7,30,3,0,0
SN,AH,nidana,205,1,11,4,14,11,37,19,29,6,30,3,0,0
SN,AH,nidana,206,0,10,4,12,11,37,20,29,6,29,2,0,0
SN,AH,nidana,207,0,10,4,13,12,37,20,29,5,28,2,0,0
SN,AH,nidana,208,0,9,4,13,12,37,20,28,6,29,2,0,0
SN,AH,nidana,209,0,9,4,14,12,37,20,27,6,29,2,0,0
SN,AH,nidana,210,0,9,4,13,12,36,20,27,7,30,2,0,0
SN,AH,nidana,211,0,8,4,13,13,36,20,26,8,30,2,0,0
SN,AH,nidana,212,0,7,4,13,14,37,20,25,7,31,2,0,0
SN,AH,nidana,213,0,8,4,12,13,36,20,25,7,33,2,0,0
SN,AH,nidana,214,0,9,4,12,12,35,20,24,9,30,1,0,0
SN,AH,nidana,215,0,11,3,10,13,34,21,23,9,28,0,0,0
SN,AH,nidana,216,0,11,4,9,14,32,20,24,10,28,0,0,0
SN,AH,nidana,217,0,12,4,9,14,32,20,24,10,27,0,0,0
SN,AH,nidana,218,0,12,4,9,13,32,20,23,11,28,0,0,0
SN,AH,nidana,219,1,14,4,9,15,32,19,23,12,28,0,0,0
SN,AH,nidana,220,1,15,3,8,15,33,20,22,11,29,0,0,0
SN,AH,nidana,221,1,15,3,10,14,34,20,22,11,27,0,0,0
SN,AH,nidana,222,1,15,3,9,13,34,21,21,12,26,0,0,0
SN,AH,nidana,223,1,15,4,9,12,33,20,22,11,28,0,0,0
SN,AH,nidana,224,1,14,4,9,12,33,20,20,11,31,0,0,0
SN,AH,nidana,225,2,14,4,9,13,33,19,22,12,32,0,0,0
SN,AH,nidana,226,2,13,3,8,14,32,20,24,12,32,0,0,0
SN,AH,nidana,227,2,14,3,9,13,31,19,24,15,32,0,0,0
SN,AH,nidana,228,2,14,2,9,13,31,20,25,15,31,0,0,0
SN,AH,nidana,229,2,14,3,10,13,30,19,24,16,31,0,0,0
SN,AH,nidana,230,2,13,3,9,14,31,19,24,16,31,0,0,0
SN,AH,nidana,231,2,13,3,9,14,31,19,22,17,32,0,0,0
SN,AH,nidana,232,2,13,3,8,12,31,19,23,17,34,0,0,0
SN,AH,nidana,233,2,12,3,8,12,31,19,25,16,34,0,0,0
SN,AH,nidana,234,2,13,3,7,12,31,19,26,15,34,0,0,0
SN,AH,nidana,235,2,14,3,7,13,30,18,28,15,34,0,0,0
SN,AH,nidana,236,2,14,3,8,13,31,18,28,14,33,0,0,0
SN,AH,nidana,237,2,14,3,7,13,30,17,29,16,35,0,0,0
SN,AH,nidana,238,2,13,3,8,13,29,17,31,17,33,0,0,0
SN,AH,nidana,239,2,13,3,7,13,29,17,34,15,33,0,0,0
SN,AH,nidana,240,2,12,3,7,11,30,17,35,15,34,0,0,0
SN,AH,nidana,241,2,12,2,9,10,30,17,35,15,35,1,0,0
SN,AH,nidana,242,2,11,2,9,11,30,17,34,17,34,1,0,0
SN,AH,nidana,243,2,10,2,9,14,29,16,35,19,33,1,0,0
SN,AH,nidana,244,1,8,2,9,12,30,17,35,18,32,1,0,0
SN,AH,nidana,245,1,7,2,9,13,29,17,35,19,32,1,0,0
SN,AH,nidana,246,1,9,2,7,15,28,17,35,19,31,1,0,0
SN,AH,nidana,247,1,9,3,6,16,28,16,36,17,32,1,0,0
SN,AH,nidana,248,1,9,2,7,16,29,17,36,17,30,1,0,0
SN,AH,nidana,249,1,9,2,7,19,28,16,36,18,30,1,0,0
SN,AH,nidana,250,0,8,2,7,18,28,17,34,17,30,1,0,0
SN,AH,nidana,251,0,9,3,7,18,28,16,33,18,29,1,0,0
SN,AH,nidana,252,0,7,3,6,19,29,17,33,16,29,1,0,0
SN,AH,nidana,253,0,7,3,6,19,30,17,32,16,29,1,0,0
SN,AH,nidana,254,0,7,2,5,21,30,18,31,17,28,1,0,0
SN,AH,nidana,255,0,7,2,5,22,29,18,31,18,27,1,0,0
SN,AH,nidana,256,0,7,2,6,22,28,18,32,17,27,1,0,0
SN,AH,nidana,257,0,8,3,7,22,29,17,32,17,24,1,0,0
SN,AH,nidana,258,0,8,3,7,22,29,17,32,18,23,1,0,0
SN,AH,nidana,259,0,8,3,8,22,28,16,33,19,24,1,0,0
SN,AH,nidana,260,0,8,4,8,21,29,16,31,19,23,1,0,0
SN,AH,nidana,261,0,9,4,7,23,27,15,31,21,24,1,0,0
SN,AH,nidana,262,0,10,4,7,23,28,16,31,19,21,1,0,0
SN,AH,nidana,263,0,11,4,6,23,28,16,32,18,21,1,0,0
SN,AH,nidana,264,0,10,5,6,24,29,15,30,18,22,1,0,0
SN,AH,nidana,265,0,10,5,7,25,27,14,32,19,22,1,0,0
SN,AH,nidana,266,0,10,5,5,26,28,15,32,18,21,0,0,0
SN,AH,nidana,267,0,10,5,5,24,28,15,34,16,23,0,0,0
SN,AH,nidana,268,0,10,6,6,21,29,15,34,14,22,1,0,0
SN,AH,nidana,269,0,10,6,7,21,28,15,32,15,23,1,0,0
SN,AH,nidana,270,0,11,6,7,21,28,15,32,14,23,1,0,0
SN,AH,nidana,271,0,9,6,8,20,29,15,32,15,23,1,0,0
SN,AH,nidana,272,0,9,5,8,20,28,16,32,15,24,1,0,0
SN,AH,nidana,273,0,10,5,8,20,27,16,31,16,24,1,0,0
SN,AH,nidana,274,0,10,5,8,18,28,17,31,15,23,1,0,0
SN,AH,nidana,275,0,10,5,8,18,28,17,32,15,22,1,0,0
SN,AH,nidana,276,0,9,4,8,19,28,18,31,14,24,1,0,0
SN,AH,nidana,277,0,10,4,9,19,28,18,30,13,24,1,0,0
SN,AH,nidana,278,0,12,4,9,19,27,18,29,13,24,1,0,0
SN,AH,nidana,279,0,13,4,9,18,27,18,30,12,24,1,0,0
SN,AH,nidana,280,0,13,4,9,16,28,18,31,11,25,1,0,0
SN,AH,nidana,281,0,13,4,8,16,28,18,31,12,25,1,0,0
SN,AH,nidana,282,0,12,4,7,19,26,18,31,12,25,2,0,0
SN,AH,nidana,283,0,12,4,7,20,26,18,30,11,26,2,0,0
SN,AH,nidana,284,0,11,4,6,20,27,19,29,11,25,2,0,0
SN,AH,nidana,285,0,10,3,6,21,28,20,30,10,24,2,0,0
SN,AH,nidana,286,0,10,3,6,20,29,21,29,9,23,2,0,0
SN,AH,nidana,287,0,10,3,7,19,28,21,29,9,24,2,0,0
SN,AH,nidana,288,0,10,3,7,21,28,21,27,9,24,2,0,0
SN,AH,nidana,289,0,10,2,7,21,28,22,28,9,23,2,0,0
SN,AH,nidana,290,0,9,2,6,20,29,23,26,9,24,2,0,0
SN,AH,nidana,291,0,10,2,6,19,28,23,28,9,23,2,0,0
SN,AH,nidana,292,0,12,2,6,20,28,23,27,9,21,2,0,0
SN,AH,nidana,293,0,14,1,5,20,27,23,29,8,23,2,0,0
SN,AH,nidana,294,0,14,1,5,20,27,23,30,8,22,2,0,0
SN,AH,nidana,295,0,13,1,5,20,27,23,29,9,23,2,0,0
SN,AH,nidana,296,0,13,1,4,19,27,23,30,8,25,2,0,0
SN,AH,nidana,297,0,13,1,4,19,27,23,31,8,24,2,0,0
SN,AH,nidana,298,0,13,1,3,20,28,23,31,7,24,2,0,0
SN,AH,nidana,299,0,13,1,3,19,29,23,31,7,24,2,0,0
SN,AH,nidana,300,0,13,1,4,19,29,23,29,8,24,2,0,0
SN,AH,nidana,301,0,13,1,4,18,29,23,32,8,22,2,0,0
SN,AH,nidana,302,0,12,1,4,18,29,23,33,8,22,2,0,0
SN,AH,nidana,303,0,11,1,7,18,28,22,33,10,22,2,0,0
SN,AH,nidana,304,0,11,1,7,18,28,22,33,10,22,2,0,0
SN,AH,nidana,305,0,12,1,7,18,27,22,32,11,22,2,0,0
SN,AH,nidana,306,0,12,1,7,19,28,22,31,12,20,2,0,0
SN,AH,nidana,307,0,12,0,7,16,30,23,30,13,22,1,0,0
SN,AH,nidana,308,0,13,0,7,15,30,23,32,13,20,1,0,0
SN,AH,nidana,309,0,14,0,7,17,29,22,32,13,20,2,0,0
SN,AH,nidana,310,0,14,0,7,16,28,22,31,14,22,2,0,0
SN,AH,nidana,311,0,14,0,7,14,29,22,33,13,22,2,0,0
SN,AH,nidana,312,0,14,1,6,15,29,21,32,14,22,2,0,0
SN,AH,nidana,313,0,13,1,6,13,29,21,33,14,24,2,0,0
SN,AH,nidana,314,0,13,1,6,12,29,21,31,15,26,2,0,0
SN,AH,nidana,315,0,13,1,8,13,28,20,30,16,27,2,0,0
SN,AH,nidana,316,0,12,1,8,13,29,20,28,16,29,2,0,0
SN,AH,nidana,317,1,10,1,8,14,30,19,29,17,32,2,0,0
SN,AH,nidana,318,1,8,1,8,14,31,20,27,18,32,1,0,0
SN,AH,nidana,319,1,9,1,7,15,31,20,27,17,32,1,0,0
SN,AH,nidana,320,1,9,1,7,15,31,20,28,17,31,1,0,0
SN,AH,nidana,321,1,9,1,7,16,30,20,29,18,29,1,0,0
SN,AH,nidana,322,1,9,1,7,15,30,20,30,18,29,1,0,0
SN,AH,nidana,323,1,8,1,7,14,29,20,31,18,31,1,0,0
SN,AH,nidana,324,1,8,1,7,14,28,20,32,19,30,1,0,0
SN,AH,nidana,325,1,8,1,6,16,28,20,32,19,29,1,0,0
SN,AH,nidana,326,1,8,1,6,15,28,20,30,19,32,1,0,0
SN,AH,nidana,327,1,8,1,5,15,28,20,31,19,32,1,0,0
SN,AH,nidana,328,1,7,1,2,14,29,21,31,18,34,1,0,0
SN,AH,nidana,329,1,6,1,2,14,32,21,30,17,34,1,0,0
SN,AH,nidana,330,1,5,1,2,14,33,21,30,16,35,1,0,0
SN,AH,nidana,331,1,5,1,2,13,32,21,32,14,37,1,0,0
SN,AH,nidana,332,1,5,1,2,13,31,21,32,14,38,1,0,0
SN,AH,nidana,333,1,4,1,3,14,32,21,30,14,38,1,0,0
SN,AH,nidana,334,1,3,1,3,12,34,22,29,14,38,0,0,0
SN,AH,nidana,335,1,3,1,3,13,33,21,29,16,39,0,0,0
SN,AH,nidana,336,1,3,1,3,13,32,21,29,16,40,0,0,0
SN,AH,nidana,337,1,2,0,3,13,32,22,30,15,41,0,0,0
SN,AH,nidana,338,1,2,0,3,13,33,22,29,16,40,0,0,0
SN,AH,nidana,339,1,2,0,3,15,32,22,29,16,39,0,0,0
SN,AH,nidana,340,1,2,0,1,16,33,23,30,14,37,0,0,0
SN,AH,nidana,341,1,2,0,1,18,32,23,30,14,36,0,0,0
SN,AH,nidana,342,0,3,0,1,17,31,24,28,15,33,0,0,0
SN,AH,nidana,343,0,3,0,1,19,31,24,27,14,33,0,0,0
SN,AH,nidana,344,0,3,0,1,18,31,24,27,14,34,0,0,0
SN,AH,nidana,345,0,3,0,1,18,32,24,27,14,33,0,0,0
SN,AH,nidana,346,0,3,0,1,19,32,24,26,13,34,0,0,0
SN,AH,nidana,347,0,3,0,1,20,32,24,25,13,34,0,0,0
SN,AH,nidana,348,0,3,0,1,22,33,24,24,13,32,0,0,0
SN,AH,nidana,349,0,4,0,1,23,33,24,23,12,32,0,0,0
SN,AH,nidana,350,0,5,0,2,22,34,24,23,11,31,0,0,0
SN,AH,nidana,351,0,6,0,3,22,33,23,22,15,29,1,0,0
SN,AH,nidana,352,0,6,0,3,21,33,23,22,16,29,1,0,0
SN,AH,nidana,353,0,6,0,3,23,35,23,21,15,27,1,0,0
SN,AH,nidana,354,0,6,0,4,22,32,23,21,15,30,1,0,0
SN,AH,nidana,355,0,6,0,4,23,31,23,22,15,29,1,0,0
SN,AH,nidana,356,0,6,0,4,23,32,23,22,15,28,1,0,0
SN,AH,nidana,357,1,6,0,4,26,32,22,26,14,27,1,0,0
SN,AH,nidana,358,1,6,0,3,26,31,22,27,14,28,1,0,0
SN,AH,nidana,359,1,6,0,3,27,30,22,26,14,29,1,0,0
SN,AH,nidana,360,1,6,0,3,26,31,23,26,11,29,1,0,0
SN,AH,nidana,361,1,5,1,3,26,31,22,27,11,29,1,0,0
SN,AH,nidana,362,1,5,1,3,26,31,22,28,12,27,1,0,0
SN,AH,nidana,363,1,5,1,3,26,31,22,29,11,27,1,0,0
SN,AH,nidana,364,1,5,1,3,25,31,22,29,12,27,1,0,0
SN,AH,nidana,365,1,6,1,3,24,31,21,29,14,28,1,0,0
SN,AH,nidana,366,1,6,2,3,23,31,20,29,14,29,1,0,0
SN,AH,nidana,367,1,5,2,3,23,32,20,31,12,29,1,0,0
SN,AH,nidana,368,1,5,3,3,23,32,19,33,12,27,1,0,0
SN,AH,nidana,369,1,4,3,3,23,32,19,33,13,27,1,0,0
SN,AH,nidana,370,1,5,3,3,22,31,19,35,12,27,1,0,0
SN,AH,nidana,371,1,6,4,4,20,31,18,34,13,27,1,0,0
SN,AH,nidana,372,1,6,4,5,19,31,18,32,16,26,1,0,0
SN,AH,nidana,373,1,6,4,6,17,29,17,33,19,27,2,0,0
SN,AH,nidana,374,1,5,4,7,16,29,17,32,19,29,2,0,0
SN,AH,nidana,375,1,4,4,6,17,28,16,33,20,32,2,0,0
SN,AH,nidana,376,1,4,4,5,17,29,17,35,17,31,1,0,0
SN,AH,nidana,377,1,4,4,5,18,29,17,35,16,31,1,0,0
SN,AH,nidana,378,1,5,4,5,16,27,17,37,16,32,1,0,0
SN,AH,nidana,379,1,5,4,5,16,26,16,38,20,31,1,0,0
SN,AH,nidana,380,1,6,4,5,15,26,16,38,21,30,1,0,0
SN,AH,nidana,381,1,7,4,6,16,25,16,37,21,29,1,0,0
SN,AH,nidana,382,0,7,4,6,13,26,17,34,22,28,1,0,0
SN,AH,nidana,383,0,7,4,6,13,26,17,33,23,28,1,0,0
SN,AH,nidana,384,0,7,4,6,12,26,17,34,22,29,1,0,0
SN,AH,nidana,385,0,7,4,7,12,27,17,34,22,27,1,0,0
SN,AH,nidana,386,0,7,3,8,13,27,18,31,23,27,1,0,0
SN,AH,nidana,387,0,8,3,8,13,27,17,30,22,29,3,0,0
SN,AH,nidana,388,0,9,3,9,13,26,17,30,22,28,3,0,0
SN,AH,nidana,389,0,9,3,9,12,26,17,33,20,28,3,0,0
SN,AH,nidana,390,0,9,4,9,12,25,17,34,19,26,3,0,0
SN,AH,nidana,391,0,9,3,9,13,25,18,34,19,25,3,0,0
SN,AH,nidana,392,0,9,3,9,13,23,18,34,19,27,3,0,0
SN,AH,nidana,393,0,9,2,9,12,23,19,34,20,27,3,0,0
SN,AH,nidana,394,0,10,2,9,12,23,19,36,19,25,3,0,0
SN,AH,nidana,395,0,9,2,9,14,23,19,33,20,26,3,0,0
SN,AH,nidana,396,0,8,1,10,14,23,20,34,20,25,3,0,0
SN,AH,nidana,397,0,8,1,9,14,23,20,36,17,27,3,0,0
SN,AH,nidana,398,0,8,1,8,14,25,21,35,15,27,2,0,0
SN,AH,nidana,399,0,8,1,7,15,26,20,36,16,27,2,0,0
SN,AH,nidana,400,0,9,1,7,13,27,21,36,15,25,2,0,0
SN,AH,nidana,401,0,8,1,7,13,27,21,36,14,27,2,0,0
SN,AH,nidana,402,0,8,1,7,12,28,21,34,14,29,2,0,0
SN,AH,nidana,403,0,7,1,7,12,28,21,35,14,29,2,0,0
SN,AH,nidana,404,0,8,1,7,12,30,22,35,10,27,2,0,0
SN,AH,nidana,405,0,8,1,7,14,30,22,33,9,28,2,0,0
SN,AH,nidana,406,0,8,1,6,15,30,22,32,9,29,2,0,0
SN,AH,nidana,407,0,9,1,6,16,29,22,33,8,28,2,0,0
SN,AH,nidana,408,0,9,2,6,16,30,21,33,7,28,2,0,0
SN,AH,nidana,409,0,9,2,7,17,29,20,32,11,27,2,0,0
SN,AH,nidana,410,0,9,2,6,18,28,20,32,12,27,2,0,0
SN,AH,nidana,411,0,10,2,5,19,27,19,32,14,28,2,0,0
SN,AH,nidana,412,0,9,2,5,18,27,20,34,14,27,0,0,0
SN,AH,nidana,413,0,8,2,4,18,27,20,32,15,30,0,0,0
SN,AH,nidana,414,0,9,2,4,18,27,20,30,16,30,0,0,0
SN,AH,nidana,415,0,9,1,4,18,27,20,28,18,33,0,0,0
SN,AH,nidana,416,0,9,1,4,17,27,20,27,19,34,0,0,0
SN,AH,nidana,417,0,9,1,4,18,27,19,27,19,36,0,0,0
SN,AH,nidana,418,0,11,1,4,18,27,19,25,19,36,0,0,0
SN,AH,nidana,419,0,10,1,4,18,27,19,24,20,37,0,0,0
SN,AH,nidana,420,0,10,1,4,16,27,19,26,20,37,0,0,0
SN,AH,nidana,421,0,11,1,2,16,27,19,26,20,38,0,0,0
SN,AH,nidana,422,0,11,1,2,17,27,19,24,21,38,0,0,0
SN,AH,nidana,423,0,11,1,2,17,26,19,23,21,40,0,0,0
SN,AH,nidana,424,0,12,1,2,16,26,20,23,20,38,0,0,0
SN,AH,nidana,425,0,11,1,2,17,25,20,25,20,37,0,0,0
SN,AH,nidana,426,0,12,1,2,17,25,20,25,20,36,0,0,0
SN,AH,nidana,427,0,12,1,2,19,24,20,27,20,33,0,0,0
SN,AH,nidana,428,0,12,1,2,19,24,20,25,22,33,0,0,0
SN,AH,nidana,429,0,11,1,1,19,23,20,25,23,35,0,0,0
SN,AH,nidana,430,0,10,1,1,18,23,20,26,24,35,0,0,0
SN,AH,nidana,431,0,9,1,2,19,24,20,29,25,37,0,0,0
SN,AH,nidana,432,0,8,1,2,20,24,20,28,26,37,0,0,0
SN,AH,nidana,433,0,8,0,3,19,25,21,27,27,36,0,0,0
SN,AH,nidana,434,0,9,0,2,19,26,22,27,24,35,0,0,0
SN,AH,nidana,435,0,9,0,3,19,26,22,27,23,35,0,0,0
SN,AH,nidana,436,0,9,0,3,17,27,23,30,20,33,0,0,0
SN,AH,nidana,437,0,10,0,3,17,27,23,29,20,33,0,0,0
SN,AH,nidana,438,0,10,0,3,18,27,23,30,19,32,0,0,0
SN,AH,nidana,439,0,9,0,4,19,27,23,30,19,31,0,0,0
SN,AH,nidana,440,0,8,0,4,18,28,24,33,16,29,0,0,0
SN,AH,nidana,441,0,8,0,4,17,28,24,35,15,29,0,0,0
SN,AH,nidana,442,0,9,0,5,15,30,25,33,15,26,0,0,0
SN,AH,nidana,443,0,7,0,5,15,30,24,34,16,29,0,0,0
SN,AH,nidana,444,0,7,0,5,15,30,24,32,16,31,0,0,0
SN,AH,nidana,445,0,7,0,5,17,29,23,31,16,34,0,0,0
SN,AH,nidana,446,0,6,0,5,17,28,22,30,15,33,0,1,0
SN,AH,nidana,447,0,6,1,5,19,28,21,30,14,32,0,1,0
SN,AH,nidana,448,0,7,1,5,19,29,21,31,14,29,0,1,0
SN,AH,nidana,449,0,7,1,5,23,29,21,33,14,30,1,1,0
SN,AH,nidana,450,0,7,1,5,23,29,21,31,14,32,1,1,0
SN,AH,nidana,451,0,6,1,5,24,29,21,31,14,32,1,1,0
SN,AH,nidana,452,0,8,1,6,22,29,21,29,14,33,1,1,0
SN,AH,nidana,453,0,8,1,6,25,29,21,28,12,33,1,1,0
SN,AH,nidana,454,0,9,1,6,27,29,21,27,11,32,1,1,0
SN,AH,nidana,455,1,12,1,8,29,30,20,27,12,36,1,1,0
SN,AH,nidana,456,1,13,1,7,28,29,20,25,11,33,1,1,0
SN,AH,nidana,457,1,13,1,7,26,29,19,27,12,35,1,1,0
SN,AH,nidana,458,1,14,1,6,26,27,19,28,12,36,1,1,0
SN,AH,nidana,459,1,13,1,7,26,26,18,29,13,38,1,1,0
SN,AH,nidana,460,1,15,1,6,27,26,18,28,13,37,1,1,0
SN,AH,nidana,461,1,14,1,6,27,26,18,28,13,38,1,1,0
SN,AH,nidana,462,1,13,1,7,27,26,18,28,13,38,1,1,0
SN,AH,nidana,463,1,13,1,7,26,26,18,30,13,37,1,1,0
SN,AH,nidana,464,1,14,1,6,26,26,18,31,12,37,1,1,0
SN,AH,nidana,465,1,15,1,6,26,26,18,30,13,36,1,1,0
SN,AH,nidana,466,1,15,1,6,26,28,18,30,13,34,1,1,0
SN,AH,nidana,467,1,14,1,5,28,27,18,30,13,35,1,1,0
SN,AH,nidana,468,1,14,1,6,27,28,19,30,11,33,1,1,0
SN,AH,nidana,469,1,15,1,6,28,27,19,32,11,30,1,1,0
SN,AH,nidana,470,1,15,1,6,27,28,20,31,11,28,1,1,0
SN,AH,nidana,471,1,15,1,6,28,30,21,31,11,30,1,0,0
SN,AH,nidana,472,1,15,1,6,27,30,21,31,11,31,1,0,0
SN,AH,nidana,473,1,16,1,6,28,28,20,33,11,32,1,0,0
SN,AH,nidana,474,1,15,1,6,26,27,20,31,12,30,0,0,0
SN,AH,nidana,475,1,15,1,6,27,27,20,31,12,29,0,0,0
SN,AH,nidana,476,1,16,1,6,26,27,20,32,12,28,0,0,0
SN,AH,nidana,477,1,15,1,5,28,27,19,33,14,28,0,0,0
SN,AH,nidana,478,1,15,1,5,26,28,19,34,15,27,0,0,0
SN,AH,nidana,479,1,14,1,6,25,27,18,36,16,29,0,0,0
SN,AH,nidana,480,0,11,1,4,23,26,19,37,15,24,0,0,0
SN,AH,nidana,481,0,10,1,4,21,27,19,36,16,26,0,0,0
SN,AH,nidana,482,0,10,1,5,23,27,20,33,15,24,0,0,0
SN,AH,nidana,483,0,9,1,5,23,27,20,34,14,25,0,0,0
SN,AH,nidana,484,0,10,1,4,23,29,21,34,12,22,0,0,0
SN,AH,nidana,485,0,8,1,4,21,29,21,35,12,25,0,0,0
SN,AH,nidana,486,0,8,1,4,21,29,21,34,12,26,0,0,0
SN,AH,nidana,487,0,8,1,5,21,29,20,33,13,28,0,0,0
SN,AH,nidana,488,0,8,1,5,21,30,20,31,14,28,0,0,0
SN,AH,nidana,489,1,9,1,5,23,30,19,31,14,30,0,0,0
SN,AH,nidana,490,1,8,1,5,24,31,19,30,13,31,0,0,0
SN,AH,nidana,491,1,9,1,5,25,28,18,30,14,34,0,0,0
SN,AH,nidana,492,1,9,1,5,24,28,18,31,15,33,0,0,0
SN,AH,nidana,493,1,9,1,4,27,26,17,32,16,33,1,0,0
SN,AH,nidana,494,1,8,1,5,26,27,17,31,16,34,1,0,0
SN,AH,nidana,495,1,8,1,5,26,27,17,32,16,33,1,0,0
SN,AH,nidana,496,1,9,1,6,26,26,17,32,16,32,1,0,0
SN,AH,nidana,497,1,9,1,6,24,28,17,33,16,31,1,0,0
SN,AH,nidana,498,1,7,1,7,24,29,18,31,15,31,1,0,0
SN,AH,nidana,499,1,7,1,8,22,30,18,32,14,31,1,0,0
SN,AH,nidana,500,1,7,1,8,21,30,18,32,14,32,1,0,0
SN,AH,nidana,501,1,7,1,9,21,29,17,29,18,34,1,0,0
SN,AH,nidana,502,1,6,1,9,19,29,18,30,16,35,1,0,0
SN,AH,nidana,503,1,6,1,9,19,27,17,31,17,37,2,0,0
SN,AH,nidana,504,1,6,1,8,19,28,18,29,17,36,2,0,0
SN,AH,nidana,505,1,6,1,8,21,28,17,29,17,39,2,0,1
SN,AH,nidana,506,1,7,1,8,22,27,17,30,16,38,2,0,1
SN,AH,nidana,507,1,8,1,7,20,27,17,32,15,39,2,0,1
SN,AH,nidana,508,1,8,1,7,20,27,17,33,15,38,2,0,1
SN,AH,nidana,509,1,7,1,7,20,25,16,35,15,42,2,0,1
SN,AH,nidana,510,1,8,1,7,20,25,16,35,17,39,2,0,1
SN,AH,nidana,511,1,8,1,7,20,25,16,34,18,39,2,0,1
SN,AH,nidana,512,1,8,1,5,21,25,17,35,17,37,2,0,1
SN,AH,nidana,513,1,8,1,6,21,25,17,35,16,37,2,0,1
SN,AH,nidana,514,0,8,1,6,18,25,18,34,17,35,2,0,1
SN,AH,nidana,515,0,8,1,6,20,24,18,33,17,35,2,0,1
SN,AH,nidana,516,0,7,1,6,20,25,19,32,16,34,2,0,1
SN,AH,nidana,517,0,7,1,8,20,24,18,31,18,35,2,0,1
SN,AH,nidana,518,0,7,1,8,17,25,19,30,18,36,1,0,1
SN,AH,nidana,519,0,8,1,7,19,25,19,30,17,35,1,0,1
SN,AH,nidana,520,0,8,1,9,18,25,19,30,17,34,1,0,1
SN,AH,nidana,521,0,7,1,9,18,25,19,31,18,33,1,0,1
SN,AH,nidana,522,0,7,0,9,19,24,20,32,18,32,1,0,1
SN,AH,nidana,523,0,7,0,10,18,24,19,32,18,34,2,0,1
SN,AH,nidana,524,0,8,0,9,20,23,19,31,18,34,2,0,1
SN,AH,nidana,525,0,8,0,10,20,25,18,30,19,35,2,1,1
SN,AH,nidana,526,0,7,1,10,21,25,18,31,17,33,2,1,1
SN,AH,nidana,527,0,9,2,10,23,25,17,29,17,31,3,1,1
SN,AH,nidana,528,0,11,2,10,22,26,17,27,16,30,4,1,1
SN,AH,nidana,529,0,12,2,10,21,27,17,27,15,30,4,1,1
SN,AH,nidana,530,0,12,2,10,20,28,18,26,14,27,4,1,0
SN,AH,nidana,531,0,11,2,11,19,28,18,26,14,28,4,1,0
SN,AH,nidana,532,0,10,2,11,20,28,18,26,14,28,4,1,0
SN,AH,nidana,533,0,11,2,11,20,28,18,24,14,29,4,1,0
SN,AH,nidana,534,0,12,2,12,19,29,19,23,14,25,4,1,0
SN,AH,nidana,535,0,11,2,12,19,29,19,24,12,27,4,1,0
SN,AH,nidana,536,0,11,2,12,20,29,19,25,11,26,4,1,0
SN,AH,nidana,537,0,12,2,12,22,28,19,24,11,25,4,1,0
SN,AH,nidana,538,0,12,2,11,23,27,19,23,12,26,4,1,0
SN,AH,nidana,539,1,11,2,11,25,27,18,25,13,27,4,1,0
SN,AH,nidana,540,1,11,2,11,23,27,18,25,13,29,4,1,0
SN,AH,nidana,541,1,11,2,11,23,27,17,25,15,30,4,1,0
SN,AH,nidana,542,1,11,2,9,22,28,18,28,13,28,4,1,0
SN,AH,nidana,543,1,13,3,9,22,28,17,27,13,27,4,1,0
SN,AH,nidana,544,1,12,4,9,21,28,16,26,14,29,4,1,0
SN,AH,nidana,545,1,13,4,8,21,28,16,26,13,30,4,1,0
SN,AH,nidana,546,1,13,4,7,21,28,16,28,12,30,4,1,0
SN,AH,nidana,547,1,13,4,7,21,27,16,28,12,31,4,1,0
SN,AH,nidana,548,1,13,4,6,22,28,17,28,12,28,3,1,0
SN,AH,nidana,549,1,12,4,7,20,29,17,27,12,29,4,1,0
SN,AH,nidana,550,1,12,4,6,20,27,18,27,12,28,4,0,0
SN,AH,nidana,551,1,12,3,5,20,28,19,26,12,29,4,0,0
SN,AH,nidana,552,1,11,2,5,18,28,20,26,13,31,3,0,0
SN,AH,nidana,553,1,10,2,5,19,28,21,26,13,31,1,0,0
SN,AH,nidana,554,1,10,2,5,19,27,21,27,13,31,1,0,0
SN,AH,nidana,555,1,10,2,6,17,26,21,26,15,32,1,0,0
SN,AH,nidana,556,1,10,2,5,19,26,21,25,15,32,1,0,0
SN,AH,nidana,557,1,10,3,5,19,26,20,24,16,32,1,0,0
SN,AH,nidana,558,1,9,3,5,19,26,20,24,17,32,1,0,0
SN,AH,nidana,559,2,9,3,5,20,25,19,24,18,36,1,0,0
SN,AH,nidana,560,2,9,3,5,21,25,19,24,18,35,1,0,0
SN,AH,nidana,561,2,10,3,5,20,25,19,24,18,35,1,0,0
SN,AH,nidana,562,2,10,3,5,17,27,19,24,18,36,1,0,0
SN,AH,nidana,563,2,10,3,5,16,27,19,25,19,35,1,0,0
SN,AH,nidana,564,1,9,3,5,14,27,20,25,18,34,1,0,0
SN,AH,nidana,565,1,9,3,5,15,27,19,27,19,33,1,0,0
SN,AH,nidana,566,1,9,3,5,15,27,20,29,17,30,1,0,0
SN,AH,nidana,567,1,10,4,5,15,27,19,27,17,31,1,0,0
SN,AH,nidana,568,1,9,4,6,15,27,19,29,16,30,1,0,0
SN,AH,nidana,569,1,10,3,6,16,27,19,31,15,30,1,0,0
SN,AH,nidana,570,1,10,3,6,16,27,19,31,15,30,1,0,0
SN,AH,nidana,571,1,11,3,7,15,27,19,29,16,30,1,0,0
SN,AH,nidana,572,1,11,3,7,15,27,19,28,17,30,1,0,0
SN,AH,nidana,573,1,11,3,6,14,27,19,29,17,31,1,0,0
SN,AH,nidana,574,1,12,3,5,14,27,19,30,18,30,0,0,0
SN,AH,nidana,575,1,12,3,5,15,27,19,31,17,29,0,0,0
SN,AH,nidana,576,1,13,3,5,14,27,19,32,16,29,0,0,0
SN,AH,nidana,577,1,12,3,6,14,30,19,32,15,27,0,0,0
SN,AH,nidana,578,1,11,3,6,13,31,19,32,14,29,0,0,0
SN,AH,nidana,579,1,10,3,6,14,31,19,32,14,29,0,0,0
SN,AH,nidana,580,1,10,3,5,14,32,19,32,12,31,0,0,0
SN,AH,nidana,581,1,11,3,5,14,32,19,32,13,29,0,0,0
SN,AH,nidana,582,1,11,2,5,13,33,20,34,12,28,0,0,0
SN,AH,nidana,583,1,11,2,5,13,33,20,34,12,28,0,0,0
SN,AH,nidana,584,0,10,2,5,13,35,21,32,12,24,0,0,0
SN,AH,nidana,585,0,10,2,5,13,36,21,31,12,24,0,0,0
SN,AH,nidana,586,0,10,2,5,14,37,21,30,12,23,0,0,0
SN,AH,nidana,587,0,9,2,5,15,36,21,30,12,24,0,0,0
SN,AH,nidana,588,0,9,2,5,16,36,21,31,10,24,0,0,0
SN,AH,nidana,589,0,9,2,5,16,37,21,28,10,26,0,0,0
SN,AH,nidana,590,0,10,2,5,14,37,22,26,10,26,0,0,0
SN,AH,nidana,591,0,10,2,5,14,37,21,24,12,29,0,0,0
SN,AH,nidana,592,0,10,1,5,15,37,22,25,11,28,0,0,0
SN,AH,nidana,593,0,9,0,4,18,38,23,23,11,28,0,0,0
SN,AH,nidana,594,0,9,0,4,16,38,24,22,12,27,0,0,0
SN,AH,nidana,595,0,8,1,3,16,39,23,23,12,27,0,0,0
SN,AH,nidana,596,0,7,1,2,18,39,23,22,13,27,0,0,0
SN,AH,nidana,597,0,7,1,2,18,40,23,22,12,27,0,0,0
SN,AH,nidana,598,0,8,1,3,18,39,23,21,12,27,0,0,0
SN,AH,nidana,599,0,7,1,3,19,38,23,20,11,30,0,0,0
SN,AH,nidana,600,0,8,1,3,17,38,23,20,12,30,0,0,0
SN,AH,nidana,601,0,8,1,3,17,38,23,20,11,31,0,0,0
SN,AH,nidana,602,0,8,1,2,20,35,23,20,11,32,0,0,0
SN,AH,nidana,603,1,10,1,2,21,34,22,24,11,31,0,0,0
SN,AH,nidana,604,1,11,1,2,20,34,22,25,11,30,0,0,0
SN,AH,nidana,605,1,12,1,2,22,34,22,25,11,27,0,0,0
SN,AH,nidana,606,1,11,1,2,20,35,22,25,10,30,0,0,0
SN,AH,nidana,607,1,11,1,2,22,34,22,22,11,31,0,0,0
SN,AH,nidana,608,1,12,1,3,22,35,22,21,10,30,0,0,0
SN,AH,nidana,609,1,12,1,2,23,34,22,22,9,31,0,0,0
SN,AH,nidana,610,1,13,1,3,22,34,22,22,9,30,0,0,0
SN,AH,nidana,611,1,13,1,3,21,33,21,23,11,32,0,0,0
SN,AH,nidana,612,1,13,1,3,22,33,21,23,12,30,0,0,0
SN,AH,nidana,613,1,13,1,4,22,33,21,22,12,30,0,0,0
SN,AH,nidana,614,1,13,1,5,23,33,21,22,12,28,0,0,0
SN,AH,nidana,615,1,12,1,5,23,34,21,24,11,27,0,0,0
SN,AH,nidana,616,1,13,1,5,22,35,22,24,10,24,0,0,0
SN,AH,nidana,617,1,12,1,5,21,36,22,24,10,25,0,0,0
SN,AH,nidana,618,1,13,1,5,20,35,22,24,10,26,0,0,0
SN,AH,nidana,619,1,13,1,7,20,35,22,23,9,26,0,0,0
SN,AH,nidana,620,1,13,0,7,21,34,23,23,9,26,0,0,0
SN,AH,nidana,621,1,14,0,7,20,34,22,25,8,28,0,0,0
SN,AH,nidana,622,1,14,0,7,19,33,22,25,9,29,0,0,0
SN,AH,nidana,623,1,13,0,6,19,33,22,24,10,31,0,0,0
SN,AH,nidana,624,1,14,0,6,19,33,22,26,10,28,0,0,0
SN,AH,nidana,625,1,14,0,7,20,33,22,26,9,27,0,0,0
SN,AH,nidana,626,1,14,0,7,22,33,22,25,9,26,0,0,0
SN,AH,nidana,627,1,15,0,7,19,33,22,26,10,26,0,0,0
SN,AH,nidana,628,0,14,0,8,19,33,23,23,10,24,0,0,0
SN,AH,nidana,629,0,13,0,8,19,34,23,22,11,24,0,0,0
SN,AH,nidana,630,0,12,0,8,19,33,23,23,11,25,0,0,0
SN,AH,nidana,631,0,12,0,8,20,32,23,24,12,23,0,0,0
SN,AH,nidana,632,0,12,0,8,19,33,23,25,11,23,0,0,0
SN,AH,nidana,633,0,12,0,7,19,32,23,25,12,24,0,0,0
SN,AH,nidana,634,0,12,0,7,18,33,23,24,12,25,0,0,0
SN,AH,nidana,635,0,11,1,6,19,32,22,24,12,27,0,0,0
SN,AH,nidana,636,0,10,2,6,20,32,22,22,11,27,0,0,0
SN,AH,nidana,637,0,11,3,6,18,32,21,23,11,27,0,0,0
SN,AH,nidana,638,0,12,3,8,18,31,20,22,11,26,0,0,0
SN,AH,nidana,639,0,13,4,7,18,30,19,24,10,26,0,0,0
SN,AH,nidana,640,0,13,5,7,19,30,18,22,10,27,0,0,0
SN,AH,nidana,641,0,12,5,7,21,29,18,23,9,27,0,0,0
SN,AH,nidana,642,0,12,5,8,22,28,18,21,11,26,0,0,0
SN,AH,nidana,643,0,11,5,9,21,28,18,23,11,25,0,0,0
SN,AH,nidana,644,0,10,5,7,22,28,18,23,12,26,0,0,0
SN,AH,nidana,645,0,11,5,7,21,28,18,22,13,26,0,0,0
SN,AH,nidana,646,0,11,5,7,22,28,19,21,12,24,0,0,0
SN,AH,nidana,647,0,11,5,8,22,28,19,22,11,23,0,0,0
SN,AH,nidana,648,0,11,5,9,22,28,19,22,13,20,0,0,0
SN,AH,nidana,649,0,11,5,10,21,29,19,20,13,21,0,0,0
SN,AH,nidana,650,0,10,5,9,20,29,19,21,13,23,0,0,0
SN,AH,nidana,651,0,9,5,9,18,30,19,21,14,24,0,0,0
SN,AH,nidana,652,0,8,5,9,19,30,19,22,13,24,0,0,0
SN,AH,nidana,653,0,8,5,8,20,30,19,22,13,24,0,0,0
SN,AH,nidana,654,0,8,5,8,20,30,19,21,13,25,0,0,0
SN,AH,nidana,655,0,9,5,8,18,30,19,21,14,25,0,0,0
SN,AH,nidana,656,0,10,5,8,17,30,19,21,14,25,0,0,0
SN,AH,nidana,657,0,10,5,8,18,29,19,21,14,25,0,0,0
SN,AH,nidana,658,0,9,5,8,20,29,19,22,14,23,0,0,0
SN,AH,nidana,659,0,10,5,8,21,28,19,22,15,21,0,0,0
SN,AH,nidana,660,0,10,4,8,20,28,20,22,16,21,0,0,0
SN,AH,nidana,661,0,10,3,9,20,27,20,23,16,23,0,0,0
SN,AH,nidana,662,0,10,2,9,20,27,21,23,16,23,0,0,0
SN,AH,nidana,663,0,9,2,6,20,29,21,25,17,25,0,0,0
SN,AH,nidana,664,0,8,1,6,19,29,22,25,17,27,0,0,0
SN,AH,nidana,665,0,8,0,7,19,28,22,25,18,29,0,0,0
SN,AH,nidana,666,0,9,0,7,17,28,22,26,18,29,0,0,0
SN,AH,nidana,667,0,9,0,6,17,30,22,27,16,29,0,0,0
SN,AH,nidana,668,0,10,0,5,16,31,22,26,16,30,0,0,0
SN,AH,nidana,669,0,11,0,5,16,31,21,27,16,31,0,0,0
SN,AH,nidana,670,0,10,0,5,17,31,21,28,15,31,0,0,0
SN,AH,nidana,671,0,10,0,5,15,31,21,29,15,32,0,0,0
SN,AH,nidana,672,0,10,0,4,17,30,21,28,16,32,0,0,0
SN,AH,nidana,673,0,10,0,4,19,29,20,32,14,32,0,0,0
SN,AH,nidana,674,0,9,0,3,19,28,20,34,15,32,0,0,0
SN,AH,nidana,675,0,10,1,4,19,28,19,34,15,30,0,0,0
SN,AH,nidana,676,0,10,1,4,19,28,19,34,15,30,0,0,0
SN,AH,nidana,677,0,10,1,5,18,28,19,34,15,30,0,0,0
SN,AH,nidana,678,0,9,1,5,17,28,19,36,15,30,0,0,0
SN,AH,nidana,679,0,9,1,6,17,27,19,37,16,28,0,0,0
SN,AH,nidana,680,0,8,1,6,17,27,19,39,15,28,0,0,0
SN,AH,nidana,681,0,7,1,6,19,27,19,38,15,28,0,0,0
SN,AH,nidana,682,0,9,1,6,17,27,19,38,16,27,0,0,0
SN,AH,nidana,683,0,10,1,6,15,27,19,38,16,28,0,0,0
SN,AH,nidana,684,0,9,1,8,14,27,19,39,15,28,0,0,0
SN,AH,nidana,685,0,9,1,8,15,27,19,38,16,27,0,0,0
SN,AH,nidana,686,0,10,1,7,14,28,20,40,15,23,0,0,0
SN,AH,nidana,687,0,9,1,7,14,29,20,40,14,24,0,0,0
SN,AH,nidana,688,0,9,1,7,15,29,21,39,13,22,0,0,0
SN,AH,nidana,689,0,9,1,7,18,29,21,37,14,20,0,0,0
SN,AH,nidana,690,0,9,1,6,19,29,22,38,13,17,0,0,0
SN,AH,nidana,691,0,8,1,6,20,30,22,37,13,17,0,0,0
SN,AH,nidana,692,0,9,1,6,19,28,22,39,13,17,0,0,0
SN,AH,nidana,693,0,8,1,6,19,27,22,39,14,18,0,0,0
SN,AH,nidana,694,0,7,1,6,18,27,23,40,14,16,0,0,0
SN,AH,nidana,695,0,7,1,6,17,28,23,39,15,16,0,0,0
SN,AH,nidana,696,0,6,1,6,19,28,23,38,15,16,0,0,0
SN,AH,nidana,697,1,6,1,6,21,28,22,40,16,16,0,0,0
SN,AH,nidana,698,1,6,1,5,19,29,23,38,15,18,0,0,0
SN,AH,nidana,699,1,6,1,5,20,29,23,36,15,19,0,0,0
SN,AH,nidana,700,1,6,1,4,21,30,23,34,15,20,0,0,0
SN,AH,nidana,701,2,8,1,4,24,29,22,35,14,21,0,0,0
SN,AH,nidana,702,2,8,1,4,24,29,22,34,15,21,0,0,0
SN,AH,nidana,703,2,9,1,4,23,29,22,32,16,22,0,0,0
SN,AH,nidana,704,2,9,1,3,24,29,22,31,16,23,0,0,0
SN,AH,nidana,705,2,10,1,3,25,29,22,30,16,22,0,0,0
SN,AH,nidana,706,2,10,1,3,23,28,22,30,15,21,0,0,0
SN,AH,nidana,707,2,8,1,4,23,28,22,30,14,23,0,0,0
SN,AH,nidana,708,2,7,1,4,23,27,21,29,13,22,0,0,0
SN,AH,nidana,709,2,8,1,2,23,27,21,30,13,22,0,0,0
SN,AH,nidana,710,2,8,1,2,22,26,21,30,11,21,0,0,0
SN,AH,nidana,711,2,8,1,4,22,26,21,27,11,22,0,0,0
SN,AH,nidana,712,2,8,1,5,23,25,21,25,11,23,0,0,0
SN,AH,nidana,713,2,8,1,5,21,26,21,24,11,25,0,0,0
SN,AH,nidana,714,2,8,1,5,19,25,21,26,11,26,0,0,0
SN,AH,nidana,715,2,8,1,5,17,25,21,28,11,26,0,0,0
SN,AH,nidana,716,2,8,1,5,17,24,21,27,11,28,0,0,0
SN,AH,nidana,717,2,8,1,5,17,24,21,25,11,30,0,0,0
SN,AH,nidana,718,2,8,1,5,17,24,21,26,10,30,0,0,0
SN,AH,nidana,719,2,9,1,5,17,25,21,25,9,30,0,0,0
SN,AH,nidana,720,2,10,1,5,17,24,21,25,9,30,0,0,0
SN,AH,nidana,721,2,10,1,6,15,24,21,25,10,30,0,0,0
SN,AH,nidana,722,1,10,1,6,13,26,22,23,8,29,0,0,0
SN,AH,nidana,723,1,10,1,6,15,26,22,22,8,28,0,0,0
SN,AH,nidana,724,1,10,1,6,16,26,22,23,7,27,0,0,0
SN,AH,nidana,725,1,9,0,7,15,25,23,25,7,27,0,0,0
SN,AH,nidana,726,0,7,0,7,13,25,24,25,8,25,0,0,0
SN,AH,nidana,727,0,8,0,7,14,25,23,27,7,25,0,0,0
SN,AH,nidana,728,0,7,0,7,16,26,23,27,6,24,0,0,0
SN,AH,nidana,729,0,8,0,7,16,25,22,28,8,24,0,0,0
SN,AH,nidana,730,0,7,0,7,15,25,22,29,8,25,0,0,0
SN,AH,nidana,731,0,7,0,7,16,26,22,30,8,27,0,0,0
SN,AH,nidana,732,0,7,0,6,17,27,22,30,8,26,0,0,0
SN,AH,nidana,733,0,7,0,7,18,29,23,30,8,27,0,0,0
SN,AH,nidana,734,0,6,1,7,17,29,22,30,9,28,0,0,0
SN,AH,nidana,735,0,6,1,7,18,31,22,31,9,29,0,0,0
SN,AH,nidana,736,0,5,1,5,19,31,22,33,9,29,0,0,0
SN,AH,nidana,737,0,5,1,4,20,30,21,34,10,30,1,0,0
SN,AH,nidana,738,0,6,1,4,21,28,21,34,11,29,1,0,0
SN,AH,nidana,739,0,6,1,4,22,29,21,33,10,29,1,0,0
SN,AH,nidana,740,0,7,1,4,23,30,21,30,10,29,1,0,0
SN,AH,nidana,741,0,7,1,5,23,30,21,29,12,27,1,0,0
SN,AH,nidana,742,0,6,1,5,24,30,21,28,13,27,1,0,0
SN,AH,nidana,743,0,7,1,5,25,29,21,27,13,27,1,0,0
SN,AH,nidana,744,0,6,1,6,25,28,21,26,13,29,1,0,0
SN,AH,nidana,745,0,5,1,6,26,28,21,27,12,29,1,0,0
SN,AH,nidana,746,0,6,1,5,27,28,21,27,11,29,1,0,0
SN,AH,nidana,747,0,7,1,5,26,27,21,27,11,30,1,0,0
SN,AH,nidana,748,0,8,1,5,25,28,21,26,12,29,1,0,0
SN,AH,nidana,749,0,8,1,5,23,28,21,27,12,30,1,0,0
SN,AH,nidana,750,0,8,1,4,24,28,21,26,12,31,1,0,0
SN,AH,nidana,751,0,8,1,4,24,28,21,28,11,30,1,0,0
SN,AH,nidana,752,0,7,2,3,23,29,21,26,12,30,1,0,0
SN,AH,nidana,753,0,7,2,3,21,28,21,26,12,33,1,0,0
SN,AH,nidana,754,0,7,2,3,20,29,22,25,9,34,1,0,0
SN,AH,nidana,755,0,7,2,4,21,30,22,22,9,34,1,0,0
SN,AH,nidana,756,0,7,2,4,22,29,22,21,10,34,1,0,0
SN,AH,nidana,757,0,7,2,5,23,27,22,21,10,34,1,0,0
SN,AH,nidana,758,0,7,2,4,23,26,22,22,10,35,1,0,0
SN,AH,nidana,759,0,8,1,4,23,26,23,22,9,35,1,0,0
SN,AH,nidana,760,0,9,1,4,24,25,23,22,9,34,1,0,0
SN,AH,nidana,761,0,10,1,5,25,24,22,21,9,35,2,0,0
SN,AH,nidana,762,0,11,1,6,23,25,23,21,8,33,1,0,0
SN,AH,nidana,763,0,12,1,6,23,24,23,23,7,32,1,0,0
SN,AH,nidana,764,0,12,1,7,21,25,23,23,8,31,1,0,0
SN,AH,nidana,765,0,11,1,7,22,24,23,24,9,30,1,0,0
SN,AH,nidana,766,0,11,1,6,23,24,23,25,8,30,1,0,0
SN,AH,nidana,767,0,12,1,6,23,24,23,26,7,29,1,0,0
SN,AH,nidana,768,0,11,1,6,22,25,23,29,7,27,1,0,0
SN,AH,nidana,769,0,11,1,6,23,24,22,32,8,26,1,0,0
SN,AH,nidana,770,0,11,1,7,22,24,22,31,8,27,1,0,0
SN,AH,nidana,771,0,12,1,8,24,23,21,33,12,29,1,0,0
SN,AH,nidana,772,0,11,1,8,23,23,21,34,12,30,1,0,0
SN,AH,nidana,773,0,10,1,8,23,21,21,35,12,32,1,0,0
SN,AH,nidana,774,0,10,1,8,25,21,21,34,13,30,1,0,0
SN,AH,nidana,775,0,10,1,8,26,20,21,34,14,29,1,0,0
SN,AH,nidana,776,0,11,1,8,26,20,21,32,14,30,1,0,0
SN,AH,nidana,777,0,11,0,9,26,18,21,32,17,31,1,0,0
SN,AH,nidana,778,0,11,0,9,27,17,21,33,18,29,1,0,0
SN,AH,nidana,779,0,10,0,9,27,17,21,34,18,29,1,0,0
SN,AH,nidana,780,0,10,0,8,26,16,21,35,20,29,1,0,0
SN,AH,nidana,781,0,10,0,8,27,16,21,36,19,28,1,0,0
SN,AH,nidana,782,0,10,0,7,26,17,21,36,20,28,1,0,0
SN,AH,nidana,783,0,10,0,7,25,17,21,37,20,28,1,0,0
SN,AH,nidana,784,0,9,0,7,28,16,21,35,21,28,1,0,0
SN,AH,nidana,785,0,8,0,7,28,16,21,35,22,28,1,0,0
SN,AH,nidana,786,0,7,0,6,26,17,22,37,22,27,0,0,0
SN,AH,nidana,787,0,6,0,5,26,17,22,36,24,28,0,0,0
SN,AH,nidana,788,0,4,0,5,26,18,22,35,25,29,0,0,0
SN,AH,nidana,789,0,6,0,4,26,17,22,36,24,29,0,0,0
SN,AH,nidana,790,0,6,0,4,24,18,22,37,23,30,0,0,0
SN,AH,nidana,791,0,6,0,4,22,19,22,37,23,31,0,0,0
SN,AH,nidana,792,0,5,0,4,22,19,22,38,23,31,0,0,0
SN,AH,nidana,793,0,5,0,4,22,19,22,36,23,33,0,0,0
SN,AH,nidana,794,0,6,0,4,22,21,23,33,22,31,0,0,0
SN,AH,nidana,795,0,8,0,4,22,21,23,32,22,30,0,0,0
SN,AH,nidana,796,0,6,0,4,19,24,24,30,18,27,0,0,0
SN,AH,nidana,797,0,6,0,5,19,25,24,30,18,25,0,0,0
SN,AH,nidana,798,0,6,0,5,18,26,24,30,18,25,0,0,0
SN,AH,nidana,799,0,6,0,5,17,25,23,30,19,29,0,0,0
SN,AH,nidana,800,0,6,0,5,15,27,23,30,18,30,0,0,0
SN,AH,nidana,801,0,6,0,5,14,27,23,31,18,30,0,0,0
SN,AH,nidana,802,0,6,1,6,14,29,23,30,15,28,0,0,0
SN,AH,nidana,803,0,6,1,6,15,30,23,29,14,28,0,0,0
SN,AH,nidana,804,0,6,1,6,16,30,23,28,13,29,0,0,0
SN,AH,nidana,805,0,7,1,6,17,29,22,27,16,29,0,0,0
SN,AH,nidana,806,0,8,1,6,16,30,22,27,16,28,0,0,0
SN,AH,nidana,807,0,9,1,6,17,30,22,26,15,28,0,0,0
SN,AH,nidana,808,0,9,1,6,19,30,22,24,16,27,0,0,0
SN,AH,nidana,809,0,9,2,6,18,31,21,24,17,26,0,0,0
SN,AH,nidana,810,0,9,2,6,17,31,21,24,17,27,0,0,0
SN,AH,nidana,811,0,9,2,6,18,32,21,22,17,27,0,0,0
SN,AH,nidana,812,0,9,3,6,18,32,20,24,16,26,0,0,0
SN,AH,nidana,813,0,10,3,7,19,31,19,23,17,27,0,0,0
SN,AH,nidana,814,0,8,3,8,19,33,19,21,17,28,0,0,0
SN,AH,nidana,815,0,9,3,8,20,32,18,23,18,29,0,0,1
SN,AH,nidana,816,0,10,3,8,20,31,18,25,17,28,0,0,1
SN,AH,nidana,817,0,11,3,8,19,31,18,25,17,28,0,0,1
SN,AH,nidana,818,0,11,3,8,19,31,18,24,18,28,0,0,1
SN,AH,nidana,819,0,10,3,7,20,31,18,25,18,28,0,0,1
SN,AH,nidana,820,0,8,3,6,21,31,18,26,18,29,0,0,1
SN,AH,nidana,821,0,8,3,6,21,29,18,27,19,29,0,0,1
SN,AH,nidana,822,0,8,3,5,22,28,18,26,20,30,0,0,1
SN,AH,nidana,823,0,8,3,5,22,28,18,27,20,29,0,0,1
SN,AH,nidana,824,0,9,3,5,22,29,19,28,18,25,0,0,1
SN,AH,nidana,825,0,9,3,6,24,28,18,28,20,24,0,0,1
SN,AH,nidana,826,0,9,3,7,24,29,18,26,21,23,0,0,1
SN,AH,nidana,827,0,10,2,6,24,27,18,28,22,24,1,0,1
SN,AH,nidana,828,0,10,2,6,22,27,18,27,23,26,1,0,1
SN,AH,nidana,829,0,11,2,7,23,26,17,27,25,25,1,0,1
SN,AH,nidana,830,0,10,2,8,22,27,18,29,20,25,1,0,1
SN,AH,nidana,831,0,10,3,8,21,27,17,29,20,26,1,0,1
SN,AH,nidana,832,0,10,3,8,21,27,17,30,20,25,1,0,1
SN,AH,nidana,833,0,11,3,8,19,27,17,32,19,25,1,0,1
SN,AH,nidana,834,0,11,2,8,18,28,18,33,17,26,1,0,1
SN,AH,nidana,835,0,12,2,9,17,28,18,33,16,26,1,0,1
SN,AH,nidana,836,0,12,2,9,16,27,18,35,16,26,1,0,1
SN,AH,nidana,837,0,12,1,9,16,28,19,33,15,28,1,0,1
SN,AH,nidana,838,0,11,1,8,14,29,20,36,13,27,1,0,1
SN,AH,nidana,839,0,12,1,9,15,27,19,36,13,29,1,0,1
SN,AH,nidana,840,0,11,1,9,15,29,20,32,13,27,1,0,0
SN,AH,nidana,841,0,11,1,10,16,28,19,29,15,29,2,0,0
SN,AH,nidana,842,0,11,2,10,16,29,18,28,15,29,2,0,0
SN,AH,nidana,843,0,11,2,10,19,29,18,28,14,27,2,0,0
SN,AH,nidana,844,0,11,2,10,18,29,18,27,15,28,2,0,0
SN,AH,nidana,845,0,12,2,10,19,29,18,26,15,27,2,0,0
SN,AH,nidana,846,0,13,2,9,20,29,18,25,15,27,2,0,0
SN,AH,nidana,847,0,13,2,9,21,29,18,25,15,26,2,0,0
SN,AH,nidana,848,0,13,2,10,21,29,18,24,16,25,2,0,0
SN,AH,nidana,849,0,12,2,11,20,30,17,24,17,27,2,0,0
SN,AH,nidana,850,0,14,2,10,19,31,18,23,15,26,2,0,0
SN,AH,nidana,851,0,14,2,9,20,30,18,24,15,26,2,0,0
SN,AH,nidana,852,0,13,2,8,20,31,19,22,14,28,1,0,0
SN,AH,nidana,853,0,13,2,8,22,31,19,22,13,27,1,0,0
SN,AH,nidana,854,0,12,2,7,20,32,20,23,12,27,1,0,0
SN,AH,nidana,855,0,12,2,7,20,33,20,21,12,28,1,0,0
SN,AH,nidana,856,0,12,1,9,19,33,21,20,12,28,1,0,0
SN,AH,nidana,857,0,11,1,11,18,35,21,19,13,33,2,0,0
SN,AH,nidana,858,0,10,1,11,19,35,21,17,13,35,2,0,0
SN,AH,nidana,859,0,11,1,11,18,35,21,16,13,36,2,0,0
SN,AH,nidana,860,0,10,1,10,18,35,21,17,14,36,2,0,0
SN,AH,nidana,861,0,11,1,10,18,35,21,16,14,36,2,0,0
SN,AH,nidana,862,0,11,1,10,18,33,21,16,14,33,2,0,0
SN,AH,nidana,863,0,12,1,10,18,33,21,15,15,32,2,0,0
SN,AH,nidana,864,0,11,1,8,17,32,21,15,15,29,2,0,0
SN,AH,nidana,865,0,11,1,8,18,30,21,16,14,30,2,0,0
SN,AH,nidana,866,0,10,1,7,17,30,22,16,12,28,1,0,0
SN,AH,nidana,867,0,9,0,7,18,29,23,18,12,27,1,0,0
SN,AH,nidana,868,0,9,0,7,16,29,23,18,13,28,1,0,0
SN,AH,nidana,869,0,10,0,7,17,29,22,20,15,29,1,1,0
SN,AH,nidana,870,0,9,0,8,18,29,22,20,15,30,1,1,0
SN,AH,nidana,871,0,9,0,9,19,29,21,22,15,32,1,1,0
SN,AH,nidana,872,0,9,1,10,18,30,20,22,14,34,1,1,0
SN,AH,nidana,873,0,9,1,10,21,30,20,21,12,36,1,1,0
SN,AH,nidana,874,0,9,1,10,23,29,21,20,11,36,1,1,0
SN,AH,nidana,875,0,8,1,11,25,28,20,20,13,39,1,1,0
SN,AH,nidana,876,0,7,1,12,26,28,20,20,12,41,1,1,0
SN,AH,nidana,877,0,7,1,13,29,29,19,21,12,39,1,1,0
SN,AH,nidana,878,0,7,1,13,27,29,19,23,12,39,1,1,0
SN,AH,nidana,879,0,7,1,13,27,29,19,24,12,38,1,1,0
SN,AH,nidana,880,0,7,1,12,28,28,19,26,13,36,1,1,0
SN,AH,nidana,881,0,6,1,10,29,27,18,28,14,39,1,1,0
SN,AH,nidana,882,0,6,2,9,29,25,17,28,15,34,0,1,0
SN,AH,nidana,883,0,6,2,9,29,26,17,29,15,32,0,1,0
SN,AH,nidana,884,0,5,2,10,29,25,17,30,16,31,0,1,0
SN,AH,nidana,885,0,5,2,10,30,25,17,29,16,31,0,1,0
SN,AH,nidana,886,0,5,2,10,30,25,17,28,17,31,0,1,0
SN,AH,nidana,887,0,5,2,10,31,26,17,29,17,33,0,1,0
SN,AH,nidana,888,0,4,2,11,32,26,17,27,16,35,0,1,0
SN,AH,nidana,889,0,4,2,12,35,26,17,28,17,37,0,1,0
SN,AH,nidana,890,0,4,2,12,34,26,17,28,17,38,0,1,0
SN,AH,nidana,891,0,4,2,12,34,27,17,30,17,40,0,1,0
SN,AH,nidana,892,0,4,2,12,35,27,17,27,17,42,0,1,0
SN,AH,nidana,893,0,5,2,12,34,27,17,27,17,42,0,1,0
SN,AH,nidana,894,0,4,2,13,33,26,18,26,15,40,0,0,0
SN,AH,nidana,895,0,4,2,13,31,25,17,27,17,41,0,0,0
SN,AH,nidana,896,0,3,2,12,30,25,18,25,16,41,0,0,0
SN,AH,nidana,897,0,4,1,11,30,24,19,26,16,39,0,0,0
SN,AH,nidana,898,0,4,1,10,29,23,19,27,17,38,0,0,0
SN,AH,nidana,899,0,4,1,9,29,22,18,28,20,37,0,0,0
SN,AH,nidana,900,0,4,1,8,27,22,19,30,18,34,0,0,0
SN,AH,nidana,901,0,4,2,7,25,22,18,32,18,33,0,0,0
SN,AH,nidana,902,0,5,2,6,23,21,19,33,17,32,0,0,0
SN,AH,nidana,903,0,5,3,6,23,22,18,34,17,30,0,0,0
SN,AH,nidana,904,0,6,3,6,24,22,18,32,18,29,0,0,0
SN,AH,nidana,905,0,6,4,6,23,22,17,32,17,31,0,0,0
SN,AH,nidana,906,0,6,4,6,24,24,18,30,17,27,0,0,0
SN,AH,nidana,907,0,6,3,5,24,25,19,30,15,29,0,0,0
SN,AH,nidana,908,0,7,3,5,25,23,19,30,15,29,0,0,0
SN,AH,nidana,909,0,7,3,4,25,24,19,31,14,29,0,0,0
SN,AH,nidana,910,0,7,3,4,24,24,19,32,14,29,0,0,0
SN,AH,nidana,911,0,7,3,4,27,23,18,31,15,30,0,0,0
SN,AH,nidana,912,0,7,3,4,28,22,18,32,15,29,0,0,0
SN,AH,nidana,913,0,7,3,3,27,22,18,35,15,28,0,0,0
SN,AH,nidana,914,0,7,3,3,24,24,19,35,15,26,0,0,0
SN,AH,nidana,915,0,7,3,3,23,25,19,36,15,25,0,0,0
SN,AH,nidana,916,0,7,3,3,23,27,19,36,15,23,0,0,0
SN,AH,nidana,917,0,7,3,3,22,27,19,38,15,22,0,0,0
SN,AH,nidana,918,0,7,3,3,22,28,19,39,14,21,0,0,0
SN,AH,nidana,919,1,9,3,3,23,27,18,40,15,22,0,0,0
SN,AH,nidana,920,1,10,3,3,23,29,19,39,13,19,0,0,0
SN,AH,nidana,921,1,10,3,3,24,29,19,40,13,17,0,0,0
SN,AH,nidana,922,1,9,3,3,25,29,19,38,15,17,0,0,0
SN,AH,nidana,923,1,10,3,3,23,30,19,39,14,17,0,0,0
SN,AH,nidana,924,1,11,3,3,21,31,20,40,11,16,0,0,0
SN,AH,nidana,925,1,10,3,3,21,31,20,39,12,17,0,0,0
SN,AH,nidana,926,1,10,2,3,21,31,21,37,13,18,0,0,0
SN,AH,nidana,927,1,9,2,5,20,30,20,36,15,21,0,0,0
SN,AH,nidana,928,1,10,1,5,20,30,21,33,15,23,0,0,0
SN,AH,nidana,929,1,9,1,6,20,30,21,34,14,23,0,0,0
SN,AH,nidana,930,1,9,0,7,20,31,22,32,14,23,0,0,0
SN,AH,nidana,931,1,9,0,7,18,30,22,33,15,24,0,0,0
SN,AH,nidana,932,1,10,0,8,17,29,22,33,16,23,0,0,0
SN,AH,nidana,933,1,10,0,8,16,30,22,33,16,23,0,0,0
SN,AH,nidana,934,1,12,0,8,17,29,22,31,17,22,0,0,0
SN,AH,nidana,935,1,14,0,9,18,28,21,30,17,23,0,0,0
SN,AH,nidana,936,1,13,0,9,15,28,22,30,15,21,0,0,0
SN,AH,nidana,937,1,13,0,10,14,30,22,29,15,22,0,0,0
SN,AH,nidana,938,1,13,0,10,14,29,21,26,15,21,0,0,0
SN,AH,nidana,939,1,13,0,10,15,29,21,26,14,23,0,0,0
SN,AH,nidana,940,1,13,0,10,15,27,21,24,14,22,0,0,0
SN,AH,nidana,941,1,13,0,10,15,26,21,23,14,24,0,0,0
SN,AH,nidana,942,1,15,0,12,14,25,20,21,14,23,0,1,0
SN,AH,nidana,943,1,14,0,13,14,25,20,19,15,24,0,1,0
SN,AH,nidana,944,0,12,0,12,14,26,21,18,13,24,0,1,0
SN,AH,nidana,945,0,12,0,11,13,25,21,19,13,26,0,1,0
SN,AH,nidana,946,0,13,0,11,12,25,21,17,15,26,0,1,0
SN,AH,nidana,947,0,13,0,11,11,25,21,17,13,29,0,1,0
SN,AH,nidana,948,0,13,0,11,11,26,21,15,13,30,0,1,0
SN,AH,nidana,949,0,13,0,12,11,25,20,14,16,31,0,1,0
SN,AH,nidana,950,0,13,1,12,11,25,19,14,15,32,0,1,0
SN,AH,nidana,951,0,13,1,12,11,25,19,15,15,31,0,1,0
SN,AH,nidana,952,0,14,1,11,11,26,20,15,14,28,0,1,0
SN,AH,nidana,953,0,13,1,11,13,26,20,16,14,26,0,1,0
SN,AH,nidana,954,0,13,1,10,13,26,20,17,13,27,0,1,0
SN,AH,nidana,955,0,13,1,9,13,25,20,19,14,26,0,1,0
SN,AH,nidana,956,0,13,1,9,14,25,20,20,13,25,0,1,0
SN,AH,nidana,957,0,12,1,9,14,25,19,21,14,27,0,1,0
SN,AH,nidana,958,0,11,1,9,15,24,19,22,14,27,0,1,0
SN,AH,nidana,959,0,9,1,9,15,24,19,22,15,28,0,1,0
SN,AH,nidana,960,0,7,1,8,15,25,20,21,14,29,0,1,0
SN,AH,nidana,961,0,7,1,8,15,26,20,21,15,32,0,1,0
SN,AH,nidana,962,0,7,1,7,15,25,20,22,15,31,0,1,0
SN,AH,nidana,963,0,7,1,7,16,26,21,23,16,32,0,1,0
SN,AH,nidana,964,0,7,1,7,15,25,21,24,16,31,0,1,0
SN,AH,nidana,965,0,7,2,7,17,26,20,25,16,32,0,1,0
SN,AH,nidana,966,0,9,2,7,17,25,20,25,17,30,0,1,0
SN,AH,nidana,967,0,8,2,6,18,27,21,25,17,30,0,0,0
SN,AH,nidana,968,0,8,2,5,18,26,21,28,16,30,0,0,0
SN,AH,nidana,969,0,8,2,5,16,26,21,30,16,30,0,0,0
SN,AH,nidana,970,0,7,3,5,17,26,20,30,16,30,0,0,0
SN,AH,nidana,971,0,6,3,5,17,28,20,30,15,30,0,0,0
SN,AH,nidana,972,0,6,3,5,17,27,20,30,16,30,0,0,0
SN,AH,nidana,973,0,5,3,5,19,27,20,31,16,28,0,0,0
SN,AH,nidana,974,0,4,3,4,19,28,21,31,14,28,0,0,0
SN,AH,nidana,975,0,4,2,4,19,28,22,33,14,26,0,0,0
SN,AH,nidana,976,0,4,2,4,19,28,22,32,14,27,0,0,0
SN,AH,nidana,977,0,3,2,3,20,28,22,33,13,28,0,0,0
SN,AH,nidana,978,0,4,2,3,19,27,22,32,15,28,0,0,0
SN,AH,nidana,979,0,4,2,3,18,27,22,32,15,29,0,0,0
SN,AH,nidana,980,0,5,2,3,19,27,22,30,15,29,0,0,0
SN,AH,nidana,981,0,5,3,3,19,27,21,29,14,31,0,0,0
SN,AH,nidana,982,0,5,3,2,20,27,22,28,13,30,0,0,0
SN,AH,nidana,983,0,5,3,2,18,30,22,27,13,30,0,0,0
SN,AH,nidana,984,0,6,3,2,17,30,22,28,12,30,0,0,0
SN,AH,nidana,985,0,6,3,2,17,30,22,29,13,28,0,0,0
SN,AH,nidana,986,0,6,3,3,19,29,22,30,13,25,0,0,0
SN,AH,nidana,987,0,6,3,3,19,29,22,29,13,26,0,0,0
SN,AH,nidana,988,0,6,3,4,19,29,22,28,13,26,0,0,0
SN,AH,nidana,989,1,7,3,3,22,29,21,28,15,26,0,0,0
SN,AH,nidana,990,1,7,2,3,20,30,22,28,16,26,0,0,0
SN,AH,nidana,991,1,5,2,4,20,31,22,28,15,27,0,0,0
SN,AH,nidana,992,1,4,2,4,20,30,22,28,17,27,0,0,0
SN,AH,nidana,993,1,4,2,4,20,30,22,27,18,27,0,0,0
SN,AH,nidana,994,1,5,2,4,20,30,22,25,20,26,0,0,0
SN,AH,nidana,995,1,5,1,4,19,30,23,25,21,26,0,0,0
SN,AH,nidana,996,1,6,1,4,18,28,23,27,20,27,0,0,0
SN,AH,nidana,997,1,6,1,5,17,29,22,28,20,28,0,0,0
SN,AH,nidana,998,1,7,1,6,16,28,22,28,20,28,0,0,0
SN,AH,nidana,999,1,7,1,6,18,28,22,27,20,27,0,0,0
SN,AH,nidana,1000,1,7,1,6,17,28,22,26,20,29,0,0,0
SN,AH,nidana,1001,1,7,1,6,17,28,22,27,20,28,0,0,0
SN,AH,nidana,1002,1,7,1,6,18,27,22,28,20,27,0,0,0
SN,AH,nidana,1003,1,6,1,7,18,26,21,30,19,30,0,0,0
SN,AH,nidana,1004,1,6,1,7,20,27,21,29,19,28,0,0,0
SN,AH,nidana,1005,1,5,2,8,21,27,20,29,18,30,0,0,0
SN,AH,nidana,1006,1,5,1,9,20,27,21,31,18,30,0,0,0
SN,AH,nidana,1007,1,5,1,12,19,27,20,35,18,28,0,0,0
SN,AH,nidana,1008,1,6,1,12,20,25,20,35,19,27,0,0,0
SN,AH,nidana,1009,1,5,1,12,20,25,20,36,19,27,0,0,0
SN,AH,nidana,1010,1,5,1,12,20,25,20,37,18,27,0,0,0
SN,AH,nidana,1011,1,5,1,11,20,26,20,36,19,27,0,0,0
SN,AH,nidana,1012,1,5,1,11,19,26,20,36,21,26,0,0,0
SN,AH,nidana,1013,1,5,1,10,18,27,20,38,20,26,0,0,0
SN,AH,nidana,1014,0,4,1,10,16,27,21,37,18,27,0,0,0
SN,AH,nidana,1015,0,4,1,10,18,26,21,36,19,26,0,0,0
SN,AH,nidana,1016,0,4,1,9,19,25,21,36,20,26,0,0,0
SN,AH,nidana,1017,0,5,1,10,18,24,20,37,21,27,0,0,0
SN,AH,nidana,1018,0,6,1,10,19,24,20,36,20,27,0,0,0
SN,AH,nidana,1019,0,5,1,10,20,24,20,36,18,29,0,0,0
SN,AH,nidana,1020,0,5,2,10,22,24,19,36,18,27,0,0,0
SN,AH,nidana,1021,0,4,2,13,24,23,18,35,19,27,0,0,0
SN,AH,nidana,1022,0,4,2,12,26,24,19,34,19,23,0,0,0
SN,AH,nidana,1023,0,3,2,12,26,24,19,34,20,23,0,0,0
SN,AH,nidana,1024,0,3,2,12,26,25,19,34,19,23,0,0,0
SN,AH,nidana,1025,0,3,2,13,27,26,19,32,19,22,0,0,0
SN,AH,nidana,1026,0,3,3,13,27,26,18,32,18,23,0,0,0
SN,AH,nidana,1027,0,3,3,13,25,28,18,29,18,26,0,0,0
SN,AH,nidana,1028,0,3,3,12,25,28,19,29,18,24,0,0,0
SN,AH,nidana,1029,0,4,3,13,23,26,18,28,21,27,0,0,0
SN,AH,nidana,1030,0,4,3,12,21,26,18,29,22,26,0,0,0
SN,AH,nidana,1031,0,4,3,12,21,26,18,26,24,25,0,0,0
SN,AH,nidana,1032,0,4,3,9,22,27,19,22,23,27,0,0,0
SN,AH,nidana,1033,0,3,3,9,24,26,19,23,22,27,0,0,0
SN,AH,nidana,1034,0,3,3,9,25,29,19,21,21,26,0,0,0
SN,AH,nidana,1035,0,5,3,12,25,28,18,19,23,25,0,0,0
SN,AH,nidana,1036,0,6,3,12,24,28,18,20,22,25,0,0,0
SN,AH,nidana,1037,0,6,3,12,26,28,18,20,20,25,0,0,0
SN,AH,nidana,1038,0,6,3,12,27,27,18,20,21,24,0,0,0
SN,AH,nidana,1039,0,7,3,12,26,27,18,21,21,23,0,0,0
SN,AH,nidana,1040,0,8,3,12,25,27,18,22,20,23,0,0,0
SN,AH,nidana,1041,0,8,3,12,25,26,17,23,19,25,2,0,0
SN,AH,nidana,1042,0,7,3,10,26,26,18,23,17,26,2,0,0
SN,AH,nidana,1043,0,7,3,10,28,27,17,22,18,26,2,0,0
SN,AH,nidana,1044,0,7,3,11,27,28,17,22,19,24,2,0,0
SN,AH,nidana,1045,0,9,2,12,26,27,17,22,19,26,2,0,0
SN,AH,nidana,1046,0,10,2,10,24,28,18,22,18,26,2,0,0
SN,AH,nidana,1047,0,11,2,10,22,27,18,24,18,26,2,0,0
SN,AH,nidana,1048,0,11,2,9,23,27,18,23,19,26,2,0,0
SN,AH,nidana,1049,0,11,2,10,21,26,18,22,21,27,2,0,0
SN,AH,nidana,1050,0,11,2,9,21,25,18,23,22,27,2,0,0
SN,AH,nidana,1051,0,11,1,9,22,25,18,21,23,29,3,0,0
SN,AH,nidana,1052,0,11,1,9,23,24,18,22,23,28,3,0,0
SN,AH,nidana,1053,0,11,1,9,23,25,18,21,22,29,3,0,0
SN,AH,nidana,1054,0,10,1,9,23,26,19,22,21,26,3,0,0
SN,AH,nidana,1055,0,11,0,9,23,26,19,21,22,28,3,0,0
SN,AH,nidana,1056,0,12,0,8,23,26,19,22,20,29,3,0,0
SN,AH,nidana,1057,0,12,0,8,23,25,19,24,21,27,3,0,0
SN,AH,nidana,1058,0,13,0,8,20,26,19,23,22,28,3,0,0
SN,AH,nidana,1059,1,14,0,9,21,23,18,24,23,31,3,0,0
SN,AH,nidana,1060,1,13,0,6,21,24,19,25,21,32,3,0,0
SN,AH,nidana,1061,1,12,0,6,20,24,18,26,24,33,3,0,0
SN,AH,nidana,1062,1,12,0,6,18,24,18,26,24,35,3,0,0
SN,AH,nidana,1063,1,12,0,6,18,24,18,26,23,36,3,0,0
SN,AH,nidana,1064,1,12,0,7,19,24,18,25,23,35,3,0,0
SN,AH,nidana,1065,1,11,0,8,19,24,17,26,23,37,3,0,0
SN,AH,nidana,1066,1,11,0,9,18,26,18,26,23,34,1,0,0
SN,AH,nidana,1067,2,13,0,10,19,27,17,27,23,33,1,0,0
SN,AH,nidana,1068,2,12,0,11,16,26,18,28,24,32,1,0,0
SN,AH,nidana,1069,2,13,0,10,18,25,18,28,23,32,1,0,0
SN,AH,nidana,1070,2,11,0,9,19,26,19,29,22,30,1,0,0
SN,AH,nidana,1071,2,10,0,8,21,25,18,30,24,31,1,0,0
SN,AH,nidana,1072,2,10,0,9,21,25,18,29,23,32,1,0,0
SN,AH,nidana,1073,2,10,0,10,20,25,17,30,23,36,1,0,0
SN,AH,nidana,1074,2,10,0,10,21,25,17,31,22,35,1,0,0
SN,AH,nidana,1075,2,10,0,10,20,26,17,31,21,36,1,0,0
SN,AH,nidana,1076,2,10,0,10,20,26,18,33,20,33,0,0,0
SN,AH,nidana,1077,3,10,0,10,19,27,17,36,21,34,0,0,0
SN,AH,nidana,1078,3,10,0,10,19,27,17,35,23,33,0,0,0
SN,AH,nidana,1079,3,10,0,9,21,27,17,36,21,33,0,0,0
SN,AH,nidana,1080,3,9,0,10,23,28,18,36,19,29,0,0,0
SN,AH,nidana,1081,3,8,0,10,24,28,18,36,19,29,0,0,0
SN,AH,nidana,1082,3,9,0,11,24,28,18,34,19,29,0,0,0
SN,AH,nidana,1083,3,9,0,12,24,28,17,35,19,29,1,0,0
SN,AH,nidana,1084,2,9,1,11,22,28,17,35,18,28,1,0,0
SN,AH,nidana,1085,2,9,1,12,23,30,17,37,19,29,1,0,0
SN,AH,nidana,1086,2,9,1,12,23,31,18,36,15,30,1,0,0
SN,AH,nidana,1087,2,9,2,12,24,31,17,37,15,28,1,0,0
SN,AH,nidana,1088,2,9,2,13,25,30,17,36,16,27,1,0,0
SN,AH,nidana,1089,2,8,2,12,27,29,16,37,17,29,1,0,0
SN,AH,nidana,1090,2,8,2,11,26,31,17,36,16,28,1,0,0
SN,AH,nidana,1091,2,8,3,10,26,31,16,36,16,29,1,0,0
SN,AH,nidana,1092,1,7,3,9,24,31,17,35,16,29,1,0,0
SN,AH,nidana,1093,1,7,3,8,25,31,17,34,16,29,2,0,0
SN,AH,nidana,1094,1,7,3,8,23,31,17,33,17,31,2,0,0
SN,AH,nidana,1095,1,7,3,8,23,31,17,32,17,32,2,0,0
SN,AH,nidana,1096,1,7,3,9,22,32,18,31,16,30,2,0,0
SN,AH,nidana,1097,1,6,3,8,23,32,18,31,16,31,2,0,0
SN,AH,nidana,1098,1,7,3,7,22,32,19,30,15,29,2,0,0
SN,AH,nidana,1099,1,7,3,6,23,33,19,30,14,29,2,0,0
SN,AH,nidana,1100,1,7,3,7,24,32,19,30,15,27,2,0,0
SN,AH,nidana,1101,1,9,3,7,23,33,19,29,15,26,2,0,0
SN,AH,nidana,1102,0,9,3,7,26,31,20,26,14,24,2,0,0
SN,AH,nidana,1103,0,9,3,7,27,32,20,26,13,23,2,0,0
SN,AH,nidana,1104,0,9,3,8,25,32,20,25,14,24,2,0,0
SN,AH,nidana,1105,0,9,3,7,24,31,20,27,15,24,2,0,0
SN,AH,nidana,1106,0,9,3,7,23,32,20,28,15,23,2,0,0
SN,AH,nidana,1107,0,8,3,6,22,33,20,30,14,24,2,0,0
SN,AH,nidana,1108,0,7,4,5,23,34,20,28,13,25,1,0,0
SN,AH,nidana,1109,1,8,3,5,23,36,20,29,14,25,1,0,0
SN,AH,nidana,1110,1,8,3,4,21,34,20,28,14,23,1,0,0
SN,AH,nidana,1111,1,8,3,6,23,34,20,29,16,24,1,0,0
SN,AH,nidana,1112,1,8,2,6,23,35,21,28,16,24,1,0,0
SN,AH,nidana,1113,1,8,2,6,23,35,20,29,15,26,2,0,0
SN,AH,nidana,1114,1,9,2,6,20,36,21,29,14,25,2,0,0
SN,AH,nidana,1115,1,9,2,6,21,34,21,28,15,26,2,0,0
SN,AH,nidana,1116,1,9,1,7,21,34,22,26,16,26,2,0,0
SN,AH,nidana,1117,1,8,1,7,21,34,22,27,15,27,2,0,0
SN,AH,nidana,1118,1,9,1,8,21,34,22,28,13,27,1,0,0
SN,AH,nidana,1119,1,8,1,8,23,34,22,30,12,25,1,0,0
SN,AH,nidana,1120,1,8,1,8,23,34,22,30,12,25,1,0,0
SN,AH,nidana,1121,1,9,1,7,23,34,22,30,12,25,1,0,0
SN,AH,nidana,1122,1,9,1,8,22,34,22,30,14,23,1,0,0
SN,AH,nidana,1123,1,8,1,9,23,33,21,31,16,23,1,0,0
SN,AH,nidana,1124,1,8,2,9,21,32,20,31,16,26,1,0,0
SN,AH,nidana,1125,1,8,2,8,21,32,20,32,15,27,1,0,0
SN,AH,nidana,1126,1,6,2,8,21,31,20,31,16,30,1,0,0
SN,AH,nidana,1127,1,7,2,8,18,32,20,32,17,29,1,0,0
SN,AH,nidana,1128,1,7,2,8,17,31,20,33,17,30,1,0,0
SN,AH,nidana,1129,1,7,2,7,18,30,20,34,16,31,1,0,0
SN,AH,nidana,1130,1,7,2,7,19,31,20,32,15,32,1,0,0
SN,AH,nidana,1131,1,7,2,7,20,29,19,32,16,35,1,0,0
SN,AH,nidana,1132,1,7,3,7,20,28,18,31,18,35,1,0,0
SN,AH,nidana,1133,1,7,2,7,19,28,19,33,18,34,1,0,0
SN,AH,nidana,1134,0,6,2,7,19,26,20,32,18,33,1,0,0
SN,AH,nidana,1135,0,5,2,7,19,26,20,31,18,35,1,0,0
SN,AH,nidana,1136,0,5,2,5,18,25,20,30,17,33,1,0,0
SN,AH,nidana,1137,0,6,2,5,17,24,20,30,17,34,1,0,0
SN,AH,nidana,1138,0,6,2,4,17,26,21,29,17,32,0,0,0
SN,AH,nidana,1139,0,6,2,4,17,26,21,29,17,32,0,0,0
SN,AH,nidana,1140,0,7,2,4,16,26,21,31,16,31,0,0,0
SN,AH,nidana,1141,0,7,2,3,17,25,21,33,15,31,0,0,0
SN,AH,nidana,1142,0,8,2,3,17,25,21,32,16,30,0,0,0
SN,AH,nidana,1143,0,7,3,2,18,25,20,31,17,31,0,0,0
SN,AH,nidana,1144,0,7,3,2,16,25,20,31,19,31,0,0,0
SN,AH,nidana,1145,0,7,3,3,14,27,20,31,19,30,0,0,0
SN,AH,nidana,1146,0,6,3,3,14,27,20,32,19,30,0,0,0
SN,AH,nidana,1147,0,6,3,3,14,27,20,32,17,32,0,0,0
SN,AH,nidana,1148,0,7,3,2,13,28,21,32,14,32,0,0,0
SN,AH,nidana,1149,1,8,2,2,16,28,21,32,16,30,1,0,0
SN,AH,nidana,1150,1,8,2,2,18,28,21,30,16,30,1,0,0
SN,AH,nidana,1151,1,8,2,3,18,28,21,31,17,27,1,0,0
SN,AH,nidana,1152,1,7,2,3,19,29,21,29,16,29,1,0,0
SN,AH,nidana,1153,1,9,2,3,18,30,21,28,15,29,1,0,0
SN,AH,nidana,1154,1,9,2,3,18,31,21,29,15,27,1,0,0
SN,AH,nidana,1155,1,9,2,4,17,29,20,31,17,28,1,0,0
SN,AH,nidana,1156,1,9,2,4,20,29,21,29,17,24,1,0,0
SN,AH,nidana,1157,1,9,1,4,22,30,22,29,15,23,1,0,0
SN,AH,nidana,1158,1,9,1,4,23,29,22,28,16,23,1,0,0
SN,AH,nidana,1159,1,8,1,4,23,29,22,28,16,24,1,0,0
SN,AH,nidana,1160,1,9,1,4,23,29,22,29,16,22,1,0,0
SN,AH,nidana,1161,1,9,1,4,23,29,22,30,15,22,1,0,0
SN,AH,nidana,1162,1,9,1,5,23,29,22,29,15,22,1,0,0
SN,AH,nidana,1163,1,9,1,5,21,28,22,30,15,24,1,0,0
SN,AH,nidana,1164,1,8,1,5,23,28,22,29,16,23,1,0,0
SN,AH,nidana,1165,1,7,1,6,24,28,22,27,17,23,1,0,0
SN,AH,nidana,1166,1,7,1,6,24,28,22,28,17,22,1,0,0
SN,AH,nidana,1167,1,6,1,6,25,28,22,28,17,22,1,0,0
SN,AH,nidana,1168,1,6,0,6,23,28,23,31,16,22,1,0,0
SN,AH,nidana,1169,1,6,0,7,23,28,23,30,15,23,1,0,0
SN,AH,nidana,1170,1,6,0,6,24,26,23,29,17,24,1,0,0
SN,AH,nidana,1171,1,6,0,6,25,27,23,28,16,24,1,0,0
SN,AH,nidana,1172,1,6,0,5,26,28,23,27,16,24,1,0,0
SN,AH,nidana,1173,1,6,0,5,26,28,23,27,17,23,1,0,0
SN,AH,nidana,1174,0,5,0,6,24,29,24,26,16,22,0,0,0
SN,AH,nidana,1175,0,5,0,7,23,30,23,27,17,22,0,0,0
SN,AH,nidana,1176,0,5,0,6,23,30,23,27,17,23,0,0,0
SN,AH,nidana,1177,0,7,0,7,22,30,23,27,17,21,0,0,0
SN,AH,nidana,1178,0,6,1,7,23,29,22,28,18,20,0,0,0
SN,AH,nidana,1179,0,7,1,8,23,28,21,27,18,22,1,0,0
SN,AH,nidana,1180,0,8,1,7,23,29,22,25,17,21,1,0,0
SN,AH,nidana,1181,0,9,1,8,19,30,21,25,18,24,1,0,0
SN,AH,nidana,1182,0,9,1,8,17,30,21,26,18,25,1,0,0
SN,AH,nidana,1183,0,9,1,8,16,30,21,27,17,26,1,0,0
SN,AH,nidana,1184,0,9,1,8,17,30,21,27,17,25,1,0,0
SN,AH,nidana,1185,0,8,1,8,17,31,21,26,17,26,1,0,0
SN,AH,nidana,1186,0,8,1,9,17,33,21,24,17,25,1,0,0
SN,AH,nidana,1187,0,7,1,8,17,33,21,26,17,25,1,0,0
SN,AH,nidana,1188,0,8,1,8,18,32,21,26,18,23,1,0,0
SN,AH,nidana,1189,0,8,1,8,18,32,21,26,18,23,1,0,0
SN,AH,nidana,1190,0,8,1,7,19,32,21,27,18,22,1,0,0
SN,AH,nidana,1191,1,8,1,8,21,32,20,26,20,23,1,0,0
SN,AH,nidana,1192,1,8,1,9,20,32,20,26,19,24,1,0,0
SN,AH,nidana,1193,1,9,1,9,21,32,20,24,19,24,1,0,0
SN,AH,nidana,1194,1,10,1,8,23,32,20,23,19,23,1,0,0
SN,AH,nidana,1195,1,10,1,9,23,32,20,23,18,23,1,0,0
SN,AH,nidana,1196,1,10,1,9,21,32,20,25,18,23,1,0,0
SN,AH,nidana,1197,1,10,1,9,21,32,20,26,18,22,1,0,0
SN,AH,nidana,1198,1,9,1,9,21,32,20,26,17,24,1,0,0
SN,AH,nidana,1199,1,9,1,9,20,31,20,26,17,25,2,0,0
SN,AH,nidana,1200,1,9,1,8,18,31,21,27,16,25,2,0,0
SN,AH,nidana,1201,1,9,1,10,18,31,21,27,14,25,2,0,0
SN,AH,nidana,1202,1,7,1,9,19,30,21,29,14,26,2,0,0
SN,AH,nidana,1203,1,7,0,9,18,30,22,29,14,27,2,0,0
SN,AH,nidana,1204,1,6,0,8,19,31,23,29,14,25,1,0,0
SN,AH,nidana,1205,1,5,0,8,19,30,23,31,14,25,1,0,0
SN,AH,nidana,1206,1,5,0,7,20,31,24,32,12,22,1,0,0
SN,AH,nidana,1207,1,5,1,7,20,30,23,31,14,22,1,0,0
SN,AH,nidana,1208,1,5,1,7,21,30,23,30,14,22,1,0,0
SN,AH,nidana,1209,1,6,1,7,20,30,23,30,13,23,1,0,0
SN,AH,nidana,1210,1,6,1,7,22,30,23,29,13,22,1,0,0
SN,AH,nidana,1211,1,6,1,6,21,28,23,31,14,23,1,0,0
SN,AH,nidana,1212,1,6,1,6,22,28,23,29,14,24,1,0,0
SN,AH,nidana,1213,1,6,1,6,21,29,23,30,13,24,1,0,0
SN,AH,nidana,1214,1,6,1,6,19,29,23,29,13,27,1,0,0
SN,AH,nidana,1215,1,6,1,7,17,29,23,28,12,30,1,0,0
SN,AH,nidana,1216,0,6,1,6,15,30,24,26,10,31,1,0,0
SN,AH,nidana,1217,0,7,1,5,15,30,24,27,10,30,1,0,0
SN,AH,nidana,1218,0,6,1,5,16,30,24,27,10,30,1,0,0
SN,AH,nidana,1219,0,5,1,5,17,30,24,28,9,30,1,0,0
SN,AH,nidana,1220,0,5,2,4,17,31,23,29,8,30,1,0,0
SN,AH,nidana,1221,0,5,2,4,17,30,23,28,9,31,1,0,0
SN,AH,nidana,1222,0,7,2,4,16,30,23,27,9,31,1,0,0
SN,AH,nidana,1223,0,7,2,4,17,30,23,26,10,30,1,0,0
SN,AH,nidana,1224,0,7,2,3,18,30,23,29,9,29,0,0,0
SN,AH,nidana,1225,0,7,2,4,18,28,22,29,11,31,0,0,0
SN,AH,nidana,1226,0,8,2,2,18,28,22,29,12,31,0,0,0
SN,AH,nidana,1227,0,8,2,2,17,29,22,28,12,32,0,0,0
SN,AH,nidana,1228,0,7,2,2,19,28,22,28,11,33,0,0,0
SN,AH,nidana,1229,0,8,2,2,17,28,21,27,12,36,1,0,0
SN,AH,nidana,1230,0,8,2,3,16,29,21,27,12,35,1,0,0
SN,AH,nidana,1231,0,7,2,3,15,28,21,27,14,36,1,0,0
SN,AH,nidana,1232,0,8,1,3,15,28,22,28,13,35,1,0,0
SN,AH,nidana,1233,0,9,1,3,15,28,22,29,13,33,1,0,0
SN,AH,nidana,1234,0,8,1,3,15,27,21,28,13,31,1,1,0
SN,AH,nidana,1235,0,9,1,4,14,26,21,29,12,31,1,1,0
SN,AH,nidana,1236,0,9,1,5,14,26,21,27,12,32,1,1,0
SN,AH,nidana,1237,0,9,1,5,13,26,21,28,13,31,1,1,0
SN,AH,nidana,1238,0,8,1,5,14,26,21,26,14,32,1,1,0
SN,AH,nidana,1239,0,8,1,5,15,26,20,26,16,32,1,1,0
SN,AH,nidana,1240,0,8,1,4,15,26,20,28,17,30,1,1,0
SN,AH,nidana,1241,0,8,1,4,15,24,19,30,18,32,1,1,0
SN,AH,nidana,1242,0,7,1,4,15,25,19,31,18,31,1,1,0
SN,AH,nidana,1243,0,7,1,4,14,25,19,32,18,31,1,1,0
SN,AH,nidana,1244,0,7,1,5,11,26,19,32,19,31,1,1,0
SN,AH,nidana,1245,0,7,0,5,10,25,20,32,20,32,1,1,0
SN,AH,nidana,1246,0,7,0,5,12,25,20,31,19,32,1,1,0
SN,AH,nidana,1247,0,5,0,6,13,23,19,31,22,34,1,1,0
SN,AH,nidana,1248,0,5,0,6,13,23,19,34,21,32,1,1,0
SN,AH,nidana,1249,0,5,0,6,12,23,19,32,21,35,1,1,0
SN,AH,nidana,1250,0,6,0,7,13,24,20,30,19,32,1,1,0
SN,AH,nidana,1251,0,5,0,7,14,23,19,31,21,33,1,1,0
SN,AH,nidana,1252,0,5,0,7,15,22,19,31,21,33,1,1,0
SN,AH,nidana,1253,0,5,0,7,15,23,19,31,21,32,1,1,0
SN,AH,nidana,1254,0,4,1,8,15,23,19,31,20,31,0,1,0
SN,AH,nidana,1255,1,6,1,8,16,22,18,30,23,32,0,1,0
SN,AH,nidana,1256,1,6,1,8,16,22,18,32,21,32,0,1,0
SN,AH,nidana,1257,1,6,1,8,16,22,18,32,21,32,0,1,0
SN,AH,nidana,1258,1,6,1,8,16,22,18,32,21,32,0,1,0
SN,AH,nidana,1259,1,6,1,8,17,23,19,33,21,34,0,0,0
SN,AH,nidana,1260,1,6,2,7,17,23,18,34,21,34,0,0,0
SN,AH,nidana,1261,1,7,2,6,18,23,18,34,21,33,0,0,0
SN,AH,nidana,1262,1,7,3,6,18,23,17,36,20,32,0,0,0
SN,AH,nidana,1263,1,7,3,7,19,22,16,35,21,34,0,0,0
SN,AH,nidana,1264,1,9,3,7,19,22,17,35,18,32,0,0,0
SN,AH,nidana,1265,2,11,3,7,20,23,16,33,19,33,1,0,0
SN,AH,nidana,1266,2,11,3,7,20,23,17,32,20,30,1,0,0
SN,AH,nidana,1267,2,11,4,7,22,22,16,30,21,30,1,0,0
SN,AH,nidana,1268,2,11,4,7,21,23,16,29,21,31,1,0,0
SN,AH,nidana,1269,3,11,4,7,22,21,15,32,21,34,1,0,0
SN,AH,nidana,1270,3,13,4,7,22,21,15,33,20,32,1,0,0
SN,AH,nidana,1271,3,13,4,7,20,23,15,33,20,32,1,0,0
SN,AH,nidana,1272,3,13,5,6,19,24,15,34,18,31,1,0,0
SN,AH,nidana,1273,4,13,5,7,18,25,14,34,19,34,1,0,0
SN,AH,nidana,1274,4,14,5,8,18,26,14,34,19,31,1,0,0
SN,AH,nidana,1275,4,14,5,6,19,26,14,35,19,31,1,0,0
SN,AH,nidana,1276,4,14,5,6,18,27,15,36,16,30,1,0,0
SN,AH,nidana,1277,4,14,5,6,18,27,15,36,16,30,1,0,0
SN,AH,nidana,1278,4,14,5,6,17,27,15,37,16,30,1,0,0
SN,AH,nidana,1279,4,15,4,5,18,27,16,36,17,29,1,0,0
SN,AH,nidana,1280,3,13,4,6,17,28,17,36,13,29,1,0,0
SN,AH,nidana,1281,3,13,4,6,19,29,17,34,13,28,1,0,0
SN,AH,nidana,1282,3,12,4,6,21,29,17,33,12,29,1,0,0
SN,AH,nidana,1283,3,11,4,6,20,29,17,32,12,32,1,0,0
SN,AH,nidana,1284,3,11,5,6,19,29,16,32,14,31,1,0,0
SN,AH,nidana,1285,3,10,4,6,19,29,17,31,14,33,1,0,0
SN,AH,nidana,1286,3,9,4,6,18,29,17,33,14,33,1,0,0
SN,AH,nidana,1287,3,11,4,6,19,29,17,31,14,32,1,0,0
SN,AH,nidana,1288,3,11,4,5,18,30,18,32,12,31,1,0,0
SN,AH,nidana,1289,3,10,4,5,18,30,18,34,12,30,1,0,0
SN,AH,nidana,1290,2,8,4,5,17,29,19,37,10,29,0,0,0
SN,AH,nidana,1291,2,8,4,5,17,30,19,38,9,28,0,0,0
SN,AH,nidana,1292,2,8,3,5,17,30,20,37,10,28,0,0,0
SN,AH,nidana,1293,2,8,3,5,17,29,20,37,11,28,0,0,0
SN,AH,nidana,1294,1,8,3,4,16,30,21,34,11,27,0,0,0
SN,AH,nidana,1295,1,6,3,5,16,30,21,32,13,28,0,0,0
SN,AH,nidana,1296,1,6,3,5,18,28,21,31,15,27,0,0,0
SN,AH,nidana,1297,1,6,2,5,18,29,22,31,14,27,0,0,0
SN,AH,nidana,1298,0,6,2,4,18,28,23,31,13,25,0,0,0
SN,AH,nidana,1299,0,6,2,3,19,27,23,31,14,25,0,0,0
SN,AH,nidana,1300,0,5,2,3,18,27,23,31,15,26,0,0,0
SN,AH,nidana,1301,0,5,2,4,18,28,23,29,16,25,0,0,0
SN,AH,nidana,1302,0,5,2,4,18,28,23,29,16,25,0,0,0
SN,AH,nidana,1303,0,5,3,4,19,28,22,27,17,25,0,0,0
SN,AH,nidana,1304,0,4,3,4,18,28,22,29,17,25,0,0,0
SN,AH,nidana,1305,0,5,3,2,19,29,22,29,17,24,0,0,0
SN,AH,nidana,1306,0,5,4,2,19,27,21,29,18,25,0,0,0
SN,AH,nidana,1307,0,5,4,2,18,26,20,28,21,28,0,0,0
SN,AH,nidana,1308,0,6,4,2,20,26,20,28,21,25,0,0,0
SN,AH,nidana,1309,0,6,3,2,20,25,20,29,22,26,1,0,0
SN,AH,nidana,1310,0,6,4,3,19,25,19,29,23,25,1,0,0
SN,AH,nidana,1311,0,6,4,3,19,26,19,27,23,26,1,0,0
SN,AH,nidana,1312,0,4,3,3,19,26,20,28,24,26,1,0,0
SN,AH,nidana,1313,0,4,3,3,19,28,20,28,24,24,1,0,0
SN,AH,nidana,1314,0,3,3,3,19,28,20,28,24,25,1,0,0
SN,AH,nidana,1315,1,4,3,4,22,30,19,27,24,24,1,0,0
SN,AH,nidana,1316,1,4,3,4,21,30,19,26,24,26,1,0,0
SN,AH,nidana,1317,1,4,3,4,19,30,19,28,23,27,1,0,0
SN,AH,nidana,1318,1,5,3,4,20,30,19,28,22,26,1,0,0
SN,AH,nidana,1319,1,6,3,4,20,31,19,28,22,24,1,0,0
SN,AH,nidana,1320,1,6,3,4,20,31,19,29,21,24,1,0,0
SN,AH,nidana,1321,2,7,3,4,20,31,18,32,20,26,1,0,0
SN,AH,nidana,1322,2,8,3,4,20,30,18,32,20,26,1,0,0
SN,AH,nidana,1323,2,8,3,5,20,30,18,30,22,25,1,0,0
SN,AH,nidana,1324,2,7,3,5,20,30,18,30,22,26,1,0,0
SN,AH,nidana,1325,2,9,3,6,19,31,18,29,21,25,1,0,0
SN,AH,nidana,1326,2,10,3,5,19,30,18,28,22,26,1,0,0
SN,AH,nidana,1327,3,12,3,5,19,30,17,29,23,27,1,0,0
SN,AH,nidana,1328,3,13,2,5,17,30,18,31,23,26,1,0,0
SN,AH,nidana,1329,3,13,2,5,18,30,18,29,23,27,1,0,0
SN,AH,nidana,1330,3,12,2,5,17,29,18,29,24,29,1,0,0
SN,AH,nidana,1331,3,13,1,5,16,30,19,29,24,28,1,0,0
SN,AH,nidana,1332,3,14,1,6,15,32,20,30,21,24,1,0,0
SN,AH,nidana,1333,3,15,1,7,16,34,20,31,23,24,1,0,0
SN,AH,nidana,1334,3,15,1,8,16,35,21,30,20,24,0,0,0
SN,AH,nidana,1335,3,16,0,7,16,35,22,30,20,24,0,0,0
SN,AH,nidana,1336,3,16,0,7,16,34,22,31,20,24,0,0,0
SN,AH,nidana,1337,4,17,0,7,16,34,21,33,20,26,0,0,0
SN,AH,nidana,1338,4,17,0,7,16,33,21,33,20,27,0,0,0
SN,AH,nidana,1339,4,19,0,7,16,32,20,32,22,28,0,0,0
SN,AH,nidana,1340,3,18,0,6,13,30,21,31,23,30,0,0,0
SN,AH,nidana,1341,3,18,0,8,13,29,20,33,23,30,0,0,0
SN,AH,nidana,1342,3,20,0,8,13,30,20,32,22,29,0,0,0
SN,AH,nidana,1343,3,19,0,9,14,31,20,31,22,28,0,0,0
SN,AH,nidana,1344,3,18,1,9,14,31,19,31,21,30,0,0,0
SN,AH,nidana,1345,3,18,1,8,15,31,18,31,21,33,0,0,0
SN,AH,nidana,1346,2,17,1,9,13,31,19,28,21,32,1,0,0
SN,AH,nidana,1347,3,18,1,9,14,32,18,29,22,32,1,0,0
SN,AH,nidana,1348,3,18,1,8,16,34,18,28,20,32,1,0,0
SN,AH,nidana,1349,3,18,1,8,15,35,18,29,20,31,1,0,0
SN,AH,nidana,1350,3,16,1,7,16,33,18,32,20,32,1,0,0
SN,AH,nidana,1351,3,15,1,8,16,33,18,32,19,33,1,0,0
SN,AH,nidana,1352,2,13,1,8,16,33,19,32,18,31,1,0,0
SN,AH,nidana,1353,2,12,2,8,16,33,18,31,18,33,1,0,0
SN,AH,nidana,1354,2,12,2,8,15,33,18,34,17,32,1,0,0
SN,AH,nidana,1355,2,12,2,9,16,33,18,33,17,31,1,0,0
SN,AH,nidana,1356,2,12,2,10,16,33,18,33,16,31,1,0,0
SN,AH,nidana,1357,2,12,2,9,16,32,17,32,18,32,1,1,0
SN,AH,nidana,1358,2,12,2,8,14,30,16,31,18,33,1,1,0
SN,AH,nidana,1359,2,12,2,7,15,31,16,31,18,32,1,1,0
SN,AH,nidana,1360,2,11,2,7,15,31,16,32,17,33,1,1,0
SN,AH,nidana,1361,2,12,2,7,16,32,16,31,16,32,1,1,0
SN,AH,nidana,1362,1,12,2,7,15,33,17,28,15,31,1,1,0
SN,AH,nidana,1363,1,12,2,7,16,33,17,27,16,30,1,1,0
SN,AH,nidana,1364,1,11,2,7,16,34,17,28,14,31,1,1,0
SN,AH,nidana,1365,1,11,2,9,16,35,17,28,13,29,1,1,0
SN,AH,nidana,1366,1,11,2,7,16,36,18,28,12,28,1,1,0
SN,AH,nidana,1367,1,9,2,7,17,36,18,27,13,29,1,1,0
SN,AH,nidana,1368,1,9,2,6,16,34,17,29,16,31,1,1,0
SN,AH,nidana,1369,1,9,1,6,16,34,18,30,16,30,1,1,0
SN,AH,nidana,1370,2,9,1,6,17,34,18,33,16,28,1,1,0
SN,AH,nidana,1371,2,10,1,5,17,34,18,36,15,27,0,1,0
SN,AH,nidana,1372,1,9,1,5,16,32,18,37,15,28,0,1,0
SN,AH,nidana,1373,1,9,1,5,15,30,18,39,15,29,0,1,0
SN,AH,nidana,1374,1,9,1,5,15,29,18,40,14,30,0,1,0
SN,AH,nidana,1375,1,10,1,5,15,30,18,38,14,30,0,1,0
SN,AH,nidana,1376,1,10,1,6,15,30,17,39,13,32,0,1,0
SN,AH,nidana,1377,1,10,1,7,15,30,17,37,13,33,0,1,0
SN,AH,nidana,1378,1,10,0,7,16,30,18,36,12,34,0,1,0
SN,AH,nidana,1379,1,11,0,7,17,31,18,34,12,33,0,1,0
SN,AH,nidana,1380,1,11,0,6,16,31,18,36,12,33,0,1,0
SN,AH,nidana,1381,1,11,0,5,17,31,18,36,12,33,0,1,0
SN,AH,nidana,1382,1,10,0,5,18,30,18,37,12,35,1,0,0
SN,AH,nidana,1383,1,9,0,5,18,30,19,37,10,35,1,0,0
SN,AH,nidana,1384,1,9,0,6,19,28,18,36,13,36,1,0,0
SN,AH,nidana,1385,1,10,0,6,19,29,18,35,13,35,1,0,0
SN,AH,nidana,1386,1,9,1,7,18,29,17,36,13,35,1,0,0
SN,AH,nidana,1387,1,9,1,7,20,27,17,36,13,35,1,0,0
SN,AH,nidana,1388,1,10,1,7,20,26,16,37,13,37,1,0,0
SN,AH,nidana,1389,1,11,1,7,19,27,17,35,13,35,1,0,0
SN,AH,nidana,1390,1,11,1,5,20,26,17,36,13,36,1,0,0
SN,AH,nidana,1391,1,12,1,5,21,26,17,35,13,35,1,0,0
SN,AH,nidana,1392,1,13,1,5,21,24,16,36,15,36,1,0,0
SN,AH,nidana,1393,1,13,1,5,21,27,17,34,13,34,1,0,0
SN,AH,nidana,1394,1,13,1,6,21,27,17,32,13,35,1,0,0
SN,AH,nidana,1395,0,13,1,6,19,27,18,30,12,35,1,0,0
SN,AH,nidana,1396,0,12,1,6,20,27,18,28,14,35,1,0,0
SN,AH,nidana,1397,0,11,1,6,20,28,19,25,15,34,1,0,0
SN,AH,nidana,1398,0,12,1,6,20,27,18,25,17,35,1,0,0
SN,AH,nidana,1399,0,12,1,6,21,27,18,23,18,35,1,0,0
SN,AH,nidana,1400,0,12,1,6,21,26,17,24,19,36,2,0,0
SN,AH,nidana,1401,0,13,1,4,21,26,18,26,19,32,2,0,0
SN,AH,nidana,1402,0,13,1,3,21,25,17,26,22,34,2,0,0
SN,AH,nidana,1403,0,13,2,3,20,25,16,28,23,32,2,0,0
SN,AH,nidana,1404,0,13,2,4,19,24,15,28,24,35,2,0,0
SN,AH,nidana,1405,0,15,2,4,19,24,15,27,24,34,2,0,0
SN,AH,nidana,1406,0,15,2,4,18,25,15,26,25,34,2,0,0
SN,AH,nidana,1407,0,15,2,4,18,26,16,26,24,32,1,0,0
SN,AH,nidana,1408,0,14,2,4,19,26,16,26,24,32,1,0,0
SN,AH,nidana,1409,0,14,2,3,18,26,17,27,22,32,1,0,0
SN,AH,nidana,1410,0,14,2,4,18,26,17,26,23,31,1,0,0
SN,AH,nidana,1411,0,14,1,3,20,27,18,25,23,30,1,0,0
SN,AH,nidana,1412,0,16,1,6,20,28,18,24,24,31,2,0,0
SN,AH,nidana,1413,0,15,1,6,20,27,19,24,24,30,2,0,0
SN,AH,nidana,1414,0,13,1,7,22,25,19,25,24,30,2,0,0
SN,AH,nidana,1415,0,13,1,7,21,26,19,25,24,30,2,0,0
SN,AH,nidana,1416,0,12,1,8,21,25,18,24,27,32,2,0,0
SN,AH,nidana,1417,0,11,1,8,20,26,19,26,24,31,2,0,0
SN,AH,nidana,1418,0,11,1,8,19,24,19,29,23,32,2,0,0
SN,AH,nidana,1419,0,11,1,7,20,23,19,31,23,31,2,0,0
SN,AH,nidana,1420,0,11,1,7,20,23,19,32,23,30,2,0,0
SN,AH,nidana,1421,0,11,1,8,20,23,19,32,22,30,2,0,0
SN,AH,nidana,1422,0,11,1,8,21,23,19,34,20,29,2,0,0
SN,AH,nidana,1423,0,10,2,8,21,24,19,33,19,28,2,0,0
SN,AH,nidana,1424,0,11,2,8,20,24,19,33,19,28,2,0,0
SN,AH,nidana,1425,0,10,2,8,21,25,20,33,18,26,1,0,0
SN,AH,nidana,1426,0,9,2,8,23,25,20,32,18,26,1,0,0
SN,AH,nidana,1427,0,9,2,8,23,26,21,33,16,23,1,0,0
SN,AH,nidana,1428,0,10,1,8,23,27,22,32,15,23,1,0,0
SN,AH,nidana,1429,0,9,1,7,25,27,23,32,14,21,1,0,0
SN,AH,nidana,1430,0,7,1,7,25,27,23,33,13,23,1,0,0
SN,AH,nidana,1431,0,7,1,7,24,26,23,34,14,23,1,0,0
SN,AH,nidana,1432,0,7,1,7,24,26,23,34,13,24,1,0,0
SN,AH,nidana,1433,0,7,1,8,22,28,23,34,13,23,1,0,0
SN,AH,nidana,1434,0,7,1,8,21,29,23,34,14,22,1,0,0
SN,AH,nidana,1435,0,6,1,8,21,28,23,35,14,23,1,0,0
SN,AH,nidana,1436,0,6,1,9,21,25,22,37,16,24,1,0,0
SN,AH,nidana,1437,0,3,2,6,19,25,21,39,16,23,0,0,0
SN,AH,nidana,1438,0,4,2,7,17,26,21,39,15,23,0,0,0
SN,AH,nidana,1439,0,4,2,6,15,28,21,40,16,22,0,0,0
SN,AH,nidana,1440,0,5,2,7,15,27,21,40,16,21,0,0,0
SN,AH,nidana,1441,0,5,2,6,14,28,22,41,13,21,0,0,0
SN,AH,nidana,1442,0,5,2,6,16,28,22,39,14,20,0,0,0
SN,AH,nidana,1443,0,6,2,6,17,28,22,37,14,20,0,0,0
SN,AH,nidana,1444,0,6,2,6,16,29,22,37,14,20,0,0,0
SN,AH,nidana,1445,0,6,2,6,16,29,22,36,15,20,0,0,0
SN,AH,nidana,1446,1,9,2,6,18,28,21,36,16,20,0,0,0
SN,AH,nidana,1447,1,9,2,6,19,28,21,35,16,20,0,0,0
SN,AH,nidana,1448,1,10,1,8,18,28,22,34,15,20,0,0,0
SN,AH,nidana,1449,1,9,1,8,18,28,22,36,15,19,0,0,0
SN,AH,nidana,1450,1,10,1,9,18,28,21,35,16,20,0,0,0
SN,AH,nidana,1451,1,11,1,9,17,28,21,35,16,20,0,0,0
SN,AH,nidana,1452,1,12,1,9,18,27,20,35,17,21,0,0,0
SN,AH,nidana,1453,1,11,1,9,19,26,20,36,17,21,0,0,0
SN,AH,nidana,1454,1,11,1,9,17,26,20,37,18,21,0,0,0
SN,AH,nidana,1455,1,11,1,9,17,26,20,36,19,21,0,0,0
SN,AH,nidana,1456,1,10,1,9,18,26,20,37,17,22,0,0,0
SN,AH,nidana,1457,1,11,1,10,17,26,20,38,17,20,0,0,0
SN,AH,nidana,1458,1,12,1,11,17,23,19,38,20,21,0,0,0
SN,AH,nidana,1459,1,13,1,11,18,23,19,38,18,21,0,0,0
SN,AH,nidana,1460,1,13,1,10,20,23,19,37,19,20,0,0,0
SN,AH,nidana,1461,1,13,1,9,18,23,19,35,17,19,0,1,0
SN,AH,nidana,1462,2,13,0,10,21,22,19,34,16,21,0,1,0
SN,AH,nidana,1463,2,14,0,9,21,23,19,34,16,20,0,1,0
SN,AH,nidana,1464,2,14,0,10,21,21,18,32,17,24,1,1,0
SN,AH,nidana,1465,2,14,0,11,21,21,18,30,17,25,1,1,0
SN,AH,nidana,1466,2,14,0,11,21,21,18,30,17,25,1,1,0
SN,AH,nidana,1467,2,14,0,11,19,21,18,31,16,27,1,1,0
SN,AH,nidana,1468,2,14,0,11,19,20,17,31,18,29,1,1,0
SN,AH,nidana,1469,2,14,1,11,19,19,16,31,18,30,1,1,0
SN,AH,nidana,1470,2,14,1,11,20,19,15,30,19,32,1,1,0
SN,AH,nidana,1471,1,11,1,10,18,22,16,30,17,32,1,1,0
SN,AH,nidana,1472,1,11,2,10,16,22,15,29,18,34,1,1,0
SN,AH,nidana,1473,1,11,2,8,17,23,15,29,18,34,1,1,0
SN,AH,nidana,1474,1,11,3,9,17,23,14,28,17,35,1,1,0
SN,AH,nidana,1475,1,10,4,9,15,23,14,29,16,35,1,1,0
SN,AH,nidana,1476,1,10,5,9,15,23,13,29,16,35,1,1,0
SN,AH,nidana,1477,1,9,5,9,13,24,14,31,15,33,1,1,0
SN,AH,nidana,1478,1,9,5,9,13,24,14,31,15,33,1,1,0
SN,AH,nidana,1479,1,9,5,9,14,24,14,31,14,33,1,1,0
SN,AH,nidana,1480,1,10,5,9,15,24,14,32,13,31,1,1,0
SN,AH,nidana,1481,1,12,6,9,14,24,13,32,13,30,1,1,0
SN,AH,nidana,1482,1,12,6,8,15,24,13,32,13,30,1,1,0
SN,AH,nidana,1483,1,11,6,6,16,26,14,33,10,29,1,1,0
SN,AH,nidana,1484,1,11,6,6,16,25,13,33,12,30,2,1,0
SN,AH,nidana,1485,1,11,6,6,15,25,13,34,11,31,2,1,0
SN,AH,nidana,1486,1,12,6,6,15,26,14,36,12,31,2,0,0
SN,AH,nidana,1487,0,12,6,6,12,28,15,36,13,28,2,0,0
SN,AH,nidana,1488,0,10,6,7,12,27,15,37,13,29,2,0,0
SN,AH,nidana,1489,0,10,6,6,13,28,16,37,11,28,1,0,0
SN,AH,nidana,1490,0,9,6,4,14,28,16,40,11,27,1,0,0
SN,AH,nidana,1491,0,9,6,4,15,28,16,41,11,25,1,0,0
SN,AH,nidana,1492,0,9,6,5,15,27,16,40,13,23,2,0,0
SN,AH,nidana,1493,0,8,6,5,14,28,17,40,12,22,2,0,0
SN,AH,nidana,1494,0,8,5,5,15,28,18,39,12,22,2,0,0
SN,AH,nidana,1495,0,8,6,5,15,29,18,39,10,20,2,0,0
SN,AH,nidana,1496,0,8,6,6,14,26,17,38,14,23,2,0,0
SN,AH,nidana,1497,0,8,5,6,14,26,18,39,15,21,2,0,0
SN,AH,nidana,1498,0,7,5,6,14,24,17,41,16,24,2,0,0
SN,AH,nidana,1499,0,7,4,5,15,24,18,40,16,25,2,0,0
SN,AH,nidana,1500,0,7,3,5,16,24,18,40,17,26,2,0,0
SN,AH,nidana,1501,0,7,2,5,15,24,19,40,17,27,2,0,0
SN,AH,nidana,1502,0,8,2,5,15,24,19,38,18,27,2,0,0
SN,AH,nidana,1503,0,10,2,6,15,24,19,36,18,26,2,0,0
SN,AH,nidana,1504,0,10,2,7,15,24,18,34,20,28,2,0,0
SN,AH,nidana,1505,0,10,2,7,15,24,18,34,20,28,2,0,0
SN,AH,nidana,1506,0,9,1,8,16,24,19,33,20,28,2,0,0
SN,AH,nidana,1507,0,8,1,9,15,25,19,32,20,29,2,0,0
SN,AH,nidana,1508,0,9,1,9,17,24,18,30,21,31,2,0,0
SN,AH,nidana,1509,0,8,1,9,17,25,19,29,20,31,1,0,0
SN,AH,nidana,1510,0,8,1,9,17,24,18,29,21,34,1,0,0
SN,AH,nidana,1511,0,8,1,9,17,24,18,27,22,35,1,0,0
SN,AH,nidana,1512,0,9,1,9,17,24,18,26,22,35,1,0,0
SN,AH,nidana,1513,0,9,1,8,18,24,18,25,22,36,1,0,0
SN,AH,nidana,1514,0,9,1,8,17,24,18,26,23,35,1,0,0
SN,AH,nidana,1515,0,9,1,8,16,24,18,23,24,38,1,0,0
SN,AH,nidana,1516,0,9,1,8,16,25,17,21,25,41,1,0,0
SN,AH,nidana,1517,0,9,1,7,17,26,17,21,23,43,0,0,0
SN,AH,nidana,1518,0,9,1,7,18,26,17,22,22,42,0,0,0
SN,AH,nidana,1519,0,9,1,7,17,26,17,22,23,42,0,0,0
SN,AH,nidana,1520,0,10,1,7,16,26,17,21,23,43,0,0,0
SN,AH,nidana,1521,0,10,1,6,16,27,18,24,19,41,0,0,0
SN,AH,nidana,1522,0,11,1,6,17,27,18,24,18,40,0,0,0
SN,AH,nidana,1523,0,11,1,6,16,28,19,25,17,37,0,0,0
SN,AH,nidana,1524,0,12,1,6,16,28,18,24,18,38,1,0,0
SN,AH,nidana,1525,0,13,1,6,15,28,19,22,17,38,1,0,0
SN,AH,nidana,1526,0,12,1,6,15,29,19,20,17,40,1,0,0
SN,AH,nidana,1527,0,11,1,6,17,29,19,20,15,41,1,0,0
SN,AH,nidana,1528,0,9,2,5,17,30,18,21,16,41,1,0,0
SN,AH,nidana,1529,0,10,2,4,19,30,19,21,14,38,1,0,0
SN,AH,nidana,1530,0,9,2,5,19,30,19,19,14,40,1,0,0
SN,AH,nidana,1531,0,8,2,4,18,30,19,20,15,41,1,0,0
SN,AH,nidana,1532,0,8,2,3,20,29,18,20,16,43,1,0,0
SN,AH,nidana,1533,0,7,3,3,17,29,18,22,16,42,1,0,0
SN,AH,nidana,1534,0,7,3,3,18,29,18,23,15,41,1,0,0
SN,AH,nidana,1535,0,7,3,4,18,31,19,22,14,37,1,0,0
SN,AH,nidana,1536,0,6,3,4,20,31,19,22,12,38,1,0,0
SN,AH,nidana,1537,0,5,3,3,23,30,19,22,11,39,1,0,0
SN,AH,nidana,1538,0,6,3,5,23,30,19,24,12,41,1,0,0
SN,AH,nidana,1539,0,6,3,5,24,30,19,26,11,39,1,0,0
SN,AH,nidana,1540,0,6,3,7,24,29,18,28,12,38,1,0,0
SN,AH,nidana,1541,0,7,3,7,23,28,19,29,12,35,1,0,0
SN,AH,nidana,1542,1,8,3,7,25,28,18,30,12,36,1,0,0
SN,AH,nidana,1543,1,8,3,7,24,29,18,29,12,37,1,0,0
SN,AH,nidana,1544,1,8,4,7,25,29,17,28,13,36,1,0,0
SN,AH,nidana,1545,1,7,3,7,25,28,18,30,14,35,1,0,0
SN,AH,nidana,1546,2,8,3,7,27,27,17,28,17,37,1,0,0
SN,AH,nidana,1547,2,7,3,7,26,27,17,30,16,38,1,0,0
SN,AH,nidana,1548,2,8,3,7,27,27,16,29,16,40,1,0,0
SN,AH,nidana,1549,2,7,3,7,27,29,17,30,15,37,0,0,0
SN,AH,nidana,1550,2,7,3,6,28,29,16,32,16,37,0,0,0
SN,AH,nidana,1551,2,7,4,6,28,30,15,33,16,35,0,0,0
SN,AH,nidana,1552,2,7,4,6,27,30,14,35,18,35,0,0,0
SN,AH,nidana,1553,2,8,3,6,26,29,15,35,17,37,0,0,0
SN,AH,nidana,1554,2,8,3,6,24,29,15,35,19,37,0,0,0
SN,AH,nidana,1555,2,9,3,5,23,29,15,37,19,36,0,0,0
SN,AH,nidana,1556,2,9,3,7,23,29,14,36,20,37,0,0,0
SN,AH,nidana,1557,2,10,3,7,21,29,15,37,20,34,0,0,0
SN,AH,nidana,1558,2,11,2,8,21,29,16,35,21,33,0,0,0
SN,AH,nidana,1559,2,11,2,9,20,29,16,34,23,32,0,0,0
SN,AH,nidana,1560,3,13,2,8,20,29,15,37,24,32,0,0,0
SN,AH,nidana,1561,3,13,2,9,20,29,15,37,25,30,0,0,0
SN,AH,nidana,1562,3,14,2,9,18,28,14,39,27,31,0,0,0
SN,AH,nidana,1563,3,14,2,7,17,28,14,39,26,27,0,0,0
SN,AH,nidana,1564,3,15,2,9,16,27,13,39,27,28,0,0,0
SN,AH,nidana,1565,3,15,2,8,17,29,14,37,26,26,0,0,0
SN,AH,nidana,1566,3,14,2,8,18,29,14,37,25,27,0,0,0
SN,AH,nidana,1567,2,13,2,8,16,29,15,37,25,25,0,0,0
SN,AH,nidana,1568,2,13,2,8,18,28,15,37,26,23,0,0,0
SN,AH,nidana,1569,2,13,1,8,17,28,16,39,25,23,0,0,0
SN,AH,nidana,1570,2,14,1,8,17,28,16,37,24,25,0,0,0
SN,AH,nidana,1571,1,13,1,9,16,30,17,37,21,22,0,0,0
SN,AH,nidana,1572,1,13,1,10,17,31,17,34,22,21,0,0,0
SN,AH,nidana,1573,1,12,1,11,18,30,18,32,23,19,0,0,0
SN,AH,nidana,1574,1,12,2,11,17,29,17,32,23,21,0,0,0
SN,AH,nidana,1575,1,11,2,11,16,29,18,32,22,21,0,0,0
SN,AH,nidana,1576,1,11,1,11,17,27,19,32,23,21,0,0,0
SN,AH,nidana,1577,1,11,1,12,16,27,20,29,21,23,0,0,0
SN,AH,nidana,1578,1,10,1,12,16,28,20,29,22,22,0,0,0
SN,AH,nidana,1579,1,9,1,12,15,27,19,29,20,22,0,1,0
SN,AH,nidana,1580,1,8,1,12,15,27,19,29,21,22,0,1,0
SN,AH,nidana,1581,1,9,1,10,15,27,20,28,21,21,0,1,0
SN,AH,nidana,1582,1,8,1,10,15,26,20,26,20,21,0,1,0
